country,iso_code,year,umap_x,umap_y,wri,exposure,vulnerability,susceptibility,coping_deficit,adaptation_deficit,cluster
Afghanistan,AFG,2000,-12.9253,15.4291,4.26,0.25,72.67,63.31,77.42,78.31,4
Albania,ALB,2000,-14.7096,1.1065,7.2,2.38,21.81,22.34,43.87,10.59,3
Algeria,DZA,2000,-6.7625,6.2949,9.82,2.65,36.42,22.88,51.69,40.86,3
Andorra,AND,2000,5.861,-14.3352,0.28,0.02,4.0,2.36,2.16,12.54,6
Angola,AGO,2000,0.662,-3.7854,10.98,2.18,55.31,35.14,62.89,76.55,1
Antigua and Barbuda,ATG,2000,-7.1813,0.0739,4.2,1.21,14.57,11.02,9.72,28.9,6
Argentina,ARG,2000,-18.7637,9.3876,15.65,11.67,20.99,21.83,10.69,39.63,0
Armenia,ARM,2000,1.3361,7.5814,2.37,0.24,23.36,25.74,11.97,41.36,0
Australia,AUS,2000,-6.0064,23.9291,18.92,32.03,11.18,9.46,7.64,19.31,6
Austria,AUT,2000,-17.282,0.8963,1.33,0.17,10.33,5.54,6.21,32.04,6
Azerbaijan,AZE,2000,0.5936,8.2053,3.31,0.23,47.52,44.45,47.33,51.0,1
Bahamas,BHS,2000,-5.8048,11.3957,3.77,1.51,9.39,15.51,2.3,23.22,6
Bahrain,BHR,2000,11.8462,15.9224,0.89,0.11,7.13,4.51,2.53,31.8,6
Bangladesh,BGD,2000,11.5571,-6.9367,22.12,16.62,29.44,27.05,15.59,60.49,2
Barbados,BRB,2000,-7.3097,0.428,2.12,0.49,9.17,8.71,2.23,39.73,6
Belarus,BLR,2000,0.6077,4.3292,0.8,0.05,12.9,13.05,8.52,19.32,6
Belgium,BEL,2000,5.6243,-9.0112,4.67,1.87,11.67,7.62,6.68,31.21,6
Belize,BLZ,2000,-2.4466,1.8083,8.53,3.04,23.93,28.36,11.99,40.32,0
Benin,BEN,2000,3.5075,4.0895,1.65,0.09,30.37,32.92,13.76,61.82,2
Bhutan,BTN,2000,-9.2151,4.8612,1.79,0.1,32.21,16.53,40.46,49.98,1
Bolivarian Republic of Venezuela,VEN,2000,9.0927,-1.166,21.09,19.09,23.31,19.16,12.44,53.17,0
Bosnia and Herzegovina,BIH,2000,-0.6336,6.0259,2.77,0.34,22.59,22.26,10.37,49.94,0
Botswana,BWA,2000,3.0713,12.9688,1.48,0.09,24.33,28.16,10.93,46.8,0
Brazil,BRA,2000,-19.0038,-4.0355,10.91,6.32,18.84,20.22,11.96,27.64,6
Brunei Darussalam,BRN,2000,8.2616,-10.2754,1.28,0.33,4.93,5.67,2.45,8.65,6
Bulgaria,BGR,2000,0.1941,5.2151,2.47,0.3,20.34,20.62,8.75,46.67,0
Burkina Faso,BFA,2000,3.313,2.4101,1.57,0.07,35.07,60.92,12.93,54.74,2
Burundi,BDI,2000,-13.1995,-1.7174,3.17,0.15,67.2,61.59,68.23,72.22,4
Cambodia,KHM,2000,3.8072,-0.4025,10.66,2.49,45.64,24.74,65.18,58.94,1
Cameroon,CMR,2000,0.4258,-2.3814,10.6,2.03,55.39,58.38,49.63,58.66,4
Canada,CAN,2000,9.0951,15.6225,19.14,26.48,13.84,10.72,7.28,33.98,6
Cape Verde,CPV,2000,6.3489,-1.5538,1.2,0.07,20.72,16.94,10.53,49.86,0
Central African Republic,CAF,2000,7.3496,6.8853,2.6,0.16,42.39,70.8,15.19,70.81,2
Chad,TCD,2000,7.0771,6.0468,2.86,0.12,68.38,65.8,66.88,72.66,4
Chile,CHL,2000,-1.7992,-14.8103,15.55,13.1,18.46,14.89,9.82,43.03,0
China,CHN,2000,20.2586,3.9932,40.02,64.32,24.9,24.9,13.74,45.12,5
Colombia,COL,2000,-3.9444,-12.5569,38.48,31.37,47.19,36.78,56.94,50.18,5
Comoros,COM,2000,6.4593,-5.5374,2.94,0.32,27.05,23.65,13.99,59.85,0
Costa Rica,CRI,2000,-8.9438,-12.5143,15.04,9.68,23.38,23.96,11.41,46.72,0
Cote d'Ivoire,CIV,2000,3.6359,2.7261,1.73,0.13,23.07,55.89,3.6,61.05,2
Croatia,HRV,2000,-0.4978,15.094,5.19,1.6,16.84,13.74,8.92,38.96,0
Cuba,CUB,2000,-12.3778,-0.7648,9.15,4.62,18.11,19.91,7.12,41.88,0
Cyprus,CYP,2000,-15.4333,-8.8279,3.75,1.0,14.09,8.84,8.18,38.71,6
Czech Republic,CZE,2000,2.7109,18.0732,1.21,0.1,14.64,11.15,8.8,31.98,6
Democratic People's Republic of Korea,PRK,2000,-12.8054,-11.2535,12.58,7.32,21.63,14.15,13.62,52.49,0
Democratic Republic of Congo,COD,2000,5.6947,4.9356,9.74,1.36,69.79,65.86,65.98,78.22,4
Denmark,DNK,2000,-2.7708,-7.2502,1.07,0.18,6.36,5.45,1.6,29.52,6
Djibouti,DJI,2000,8.325,1.8368,13.99,4.22,46.41,33.1,54.16,55.77,1
Dominica,DMA,2000,-6.6148,1.1535,3.22,0.8,12.94,15.84,9.22,14.83,6
Dominican Republic,DOM,2000,-2.8052,2.238,13.65,7.03,26.51,27.39,12.83,53.01,0
Ecuador,ECU,2000,-12.8293,13.2816,19.38,14.4,26.09,25.85,12.18,56.38,0
Egypt,EGY,2000,-19.9148,4.7529,16.66,10.75,25.82,18.82,21.75,42.05,0
El Salvador,SLV,2000,15.7236,3.6917,13.21,7.35,23.76,37.52,11.79,30.33,0
Equatorial Guinea,GNQ,2000,-10.2296,7.1253,3.45,0.85,14.04,13.31,3.58,58.12,0
Eritrea,ERI,2000,7.9472,2.1061,10.07,2.16,46.97,24.14,68.59,62.59,1
Estonia,EST,2000,0.417,15.1056,1.99,0.45,8.82,7.7,2.33,38.23,6
Eswatini,SWZ,2000,-6.5172,-4.9509,1.89,0.14,25.43,22.62,13.17,55.21,0
Ethiopia,ETH,2000,2.5469,-4.943,4.88,0.35,68.08,66.8,72.27,65.35,4
Federated States of Micronesia,FSM,2000,0.5379,-11.9447,5.22,1.33,20.47,16.59,11.21,46.14,0
Fiji,FJI,2000,3.4443,-3.3005,7.59,2.84,20.31,15.97,11.92,44.02,0
Finland,FIN,2000,-15.0782,-5.6357,1.28,0.5,3.27,5.45,0.37,17.35,6
France,FRA,2000,-2.6827,-9.6966,5.91,2.72,12.83,7.98,8.13,32.57,6
Gabon,GAB,2000,-4.8239,8.2133,4.86,1.5,15.77,28.6,3.08,44.49,0
Gambia,GMB,2000,2.3379,2.1645,4.9,0.69,34.84,58.82,12.48,57.6,2
Georgia,GEO,2000,1.6956,8.4405,4.2,0.75,23.49,22.33,11.95,48.55,0
Germany,DEU,2000,-16.4175,20.3403,4.94,2.02,12.07,8.56,6.35,32.35,6
Ghana,GHA,2000,0.4461,-7.0225,3.15,0.34,29.22,31.7,12.49,63.03,2
Greece,GRC,2000,12.6096,4.2528,10.36,8.47,12.66,9.79,5.51,37.58,6
Grenada,GRD,2000,-5.921,1.3077,2.27,0.31,16.66,13.69,9.01,37.46,0
Guatemala,GTM,2000,16.5034,4.3375,10.88,4.23,28.01,29.5,12.86,57.95,2
Guinea,GIN,2000,-0.1804,13.558,6.91,1.42,33.65,35.5,15.49,69.29,2
Guinea-Bissau,GNB,2000,2.989,0.9265,5.73,0.66,49.72,34.08,54.39,66.29,1
Guyana,GUY,2000,15.3064,-0.4543,7.49,2.67,21.02,13.26,13.4,52.25,0
Haiti,HTI,2000,5.0961,9.8857,9.62,2.73,33.9,45.05,13.14,65.8,2
Honduras,HND,2000,-7.6613,10.6405,16.71,8.9,31.38,39.43,14.15,55.38,2
Hungary,HUN,2000,-0.8289,1.0767,0.99,0.11,8.9,7.67,9.07,10.13,6
Iceland,ISL,2000,9.6851,9.6565,2.36,0.67,8.33,4.6,4.92,25.5,6
India,IND,2000,8.0405,-8.1375,45.05,35.87,56.59,52.25,56.89,60.97,5
Indonesia,IDN,2000,-9.3508,19.8746,41.65,39.31,44.13,28.28,57.03,53.27,5
Iran (Islamic Republic of),IRN,2000,-8.232,-6.924,17.62,12.17,25.5,25.66,55.12,11.72,3
Iraq,IRQ,2000,-2.7017,17.0995,7.55,1.69,33.75,48.48,15.27,51.94,2
Ireland,IRL,2000,7.8449,-3.6546,3.43,1.48,7.93,7.4,1.85,36.43,6
Israel,ISR,2000,6.8011,12.1968,4.38,0.88,21.78,10.21,31.59,32.04,0
Italy,ITA,2000,11.7903,-9.1949,10.26,8.85,11.89,6.1,8.2,33.59,6
Jamaica,JAM,2000,5.8917,-0.4096,4.84,1.12,20.9,19.23,10.18,46.65,0
Japan,JPN,2000,17.9755,13.165,20.79,44.12,9.8,4.85,7.59,25.53,6
Jordan,JOR,2000,15.1107,14.8738,3.15,0.57,17.45,11.53,11.3,40.8,0
Kazakhstan,KAZ,2000,2.6199,9.46,2.42,0.25,23.36,24.57,11.99,43.29,0
Kenya,KEN,2000,7.8455,0.9278,13.87,3.15,61.05,59.4,60.56,63.25,4
Kiribati,KIR,2000,-13.821,6.9499,3.74,0.69,20.29,16.62,11.96,42.02,0
Kuwait,KWT,2000,-6.4766,20.9405,3.31,1.03,10.63,6.14,7.91,24.73,6
Kyrgyzstan,KGZ,2000,0.5221,8.4685,2.74,0.22,34.21,44.62,43.06,20.83,3
Lao People's Democratic Republic,LAO,2000,-10.6443,14.0014,3.26,0.38,28.0,23.07,14.54,65.41,2
Latvia,LVA,2000,0.2939,15.1414,2.77,0.79,9.7,9.77,2.48,37.61,6
Lebanon,LBN,2000,-5.0463,1.7379,2.88,0.37,22.34,23.34,11.93,40.03,0
Lesotho,LSO,2000,-10.1754,4.9908,1.59,0.07,36.05,18.55,41.51,60.85,1
Liberia,LBR,2000,5.5376,4.6306,5.62,0.53,59.61,59.8,55.71,63.57,4
Libyan Arab Jamahiriya,LBY,2000,-2.9527,7.3805,9.03,5.01,16.27,36.59,2.95,39.89,0
Liechtenstein,LIE,2000,14.1996,22.0699,0.82,0.09,7.41,6.2,2.1,31.3,6
Lithuania,LTU,2000,0.4378,15.1305,2.36,0.65,8.6,7.61,2.34,35.67,6
Luxembourg,LUX,2000,17.1225,-4.8975,0.53,0.06,4.75,5.91,1.56,11.65,6
Madagascar,MDG,2000,-11.8147,-3.3984,22.5,17.32,29.23,25.07,14.38,69.24,2
Malawi,MWI,2000,-4.3578,10.0842,3.3,0.34,31.99,33.74,13.71,70.8,2
Malaysia,MYS,2000,18.653,9.7864,13.11,8.56,20.09,23.01,9.93,35.49,0
Maldives,MDV,2000,-5.5838,0.9012,1.11,0.11,11.2,13.96,2.74,36.76,6
Mali,MLI,2000,3.2851,2.369,1.72,0.08,37.01,61.83,12.8,64.03,2
Malta,MLT,2000,-14.4366,-9.1276,1.03,0.15,7.12,4.73,2.02,37.74,6
Marshall Islands,MHL,2000,-13.6549,7.1688,2.6,0.5,13.57,16.87,2.82,52.55,0
Mauritania,MRT,2000,1.0699,-4.82,9.08,2.92,28.22,30.15,12.5,59.63,2
Mauritius,MUS,2000,8.0167,22.0234,3.59,0.73,17.66,12.97,9.43,45.05,0
Mexico,MEX,2000,18.7747,-1.4981,46.45,49.86,43.28,42.03,45.77,42.14,5
Monaco,MCO,2000,12.3799,13.462,0.19,0.02,1.76,1.92,0.64,4.4,6
Mongolia,MNG,2000,-6.3314,4.2508,2.12,0.21,21.34,15.6,12.23,50.94,0
Montenegro,MNE,2000,0.2655,5.2301,3.05,0.82,11.33,12.18,2.57,46.45,0
Morocco,MAR,2000,16.262,5.085,13.65,7.64,24.39,24.71,12.26,47.92,0
Mozambique,MOZ,2000,9.9404,0.9332,27.31,18.32,40.7,62.94,15.01,71.35,2
Myanmar,MMR,2000,-4.3372,-7.8113,36.99,23.58,58.02,55.72,58.19,60.25,5
Namibia,NAM,2000,-16.8262,11.9131,7.55,1.32,43.17,32.27,44.64,55.85,1
Nauru,NRU,2000,-13.1123,10.0497,0.99,0.11,9.0,7.37,2.62,37.73,6
Nepal,NPL,2000,1.8446,-4.412,3.41,0.24,48.51,33.84,54.53,61.85,1
Netherlands,NLD,2000,-10.431,-5.6999,4.4,2.22,8.71,7.29,3.08,29.41,6
New Zealand,NZL,2000,-1.5613,26.192,13.69,18.03,10.4,8.08,4.42,31.53,6
Nicaragua,NIC,2000,-7.8563,10.6742,22.99,18.25,28.95,29.99,13.85,58.39,2
Niger,NER,2000,4.0318,1.7836,2.03,0.07,58.86,49.25,55.07,75.19,4
Nigeria,NGA,2000,3.0885,1.9587,7.12,1.3,38.96,58.07,14.17,71.89,2
North Macedonia,MKD,2000,0.1892,6.1328,1.17,0.1,13.78,20.5,2.92,43.73,0
Norway,NOR,2000,11.3996,-3.6268,3.22,1.05,9.87,6.47,5.19,28.63,6
Oman,OMN,2000,-9.6977,-9.377,6.38,6.7,6.07,9.02,2.46,10.08,6
Pakistan,PAK,2000,10.127,-6.7978,25.84,12.99,51.39,37.92,57.23,62.52,1
Palau,PLW,2000,4.8922,14.0958,1.9,0.36,10.07,12.78,2.56,31.17,6
Panama,PAN,2000,6.2637,-11.9427,16.79,16.0,17.61,20.6,10.51,25.24,6
Papua New Guinea,PNG,2000,-5.2146,6.8419,33.34,18.87,58.91,56.71,55.25,65.26,5
Paraguay,PRY,2000,5.3806,-3.6044,1.85,0.14,24.48,20.84,13.79,51.04,0
Peru,PER,2000,9.8694,-1.9117,24.82,16.6,37.12,21.26,51.38,46.82,1
Philippines,PHL,2000,20.4691,8.1273,45.0,40.62,49.85,38.45,56.45,57.06,5
Plurinational State of Bolivia,BOL,2000,-9.175,17.8209,2.95,0.35,24.91,22.28,12.61,55.04,0
Poland,POL,2000,-0.2716,15.3534,5.13,1.76,14.95,9.84,9.23,36.78,6
Portugal,PRT,2000,18.0659,0.634,6.3,3.14,12.63,7.79,7.48,34.57,6
Qatar,QAT,2000,9.5155,12.164,0.96,0.14,6.62,4.02,2.49,28.96,6
Republic of Congo,COG,2000,0.3692,-2.3282,5.31,0.48,58.8,59.2,62.47,54.98,4
Republic of Korea,KOR,2000,-13.1417,19.0161,9.05,10.06,8.14,3.85,10.02,14.0,6
Republic of Moldova,MDA,2000,-1.8445,5.1046,1.5,0.1,22.44,18.28,12.63,48.96,0
Romania,ROU,2000,2.7267,10.0105,3.15,0.69,14.36,14.07,10.64,19.79,6
Russian Federation,RUS,2000,15.211,-8.233,31.26,29.28,33.38,18.84,44.66,44.22,5
Rwanda,RWA,2000,-4.9856,14.8991,2.9,0.16,52.63,34.93,66.02,63.23,1
Saint Kitts and Nevis,KNA,2000,-7.4052,-0.4412,2.13,0.53,8.57,6.9,9.83,9.27,6
Saint Lucia,LCA,2000,-5.8636,1.3782,2.87,0.45,18.29,14.56,9.08,46.26,0
Saint Vincent and the Grenadines,VCT,2000,-6.2735,0.8492,2.49,0.44,14.08,15.74,8.74,20.27,6
Samoa,WSM,2000,6.5162,17.4693,2.98,0.81,10.93,15.32,2.66,32.08,6
San Marino,SMR,2000,-7.34,8.5164,0.33,0.03,3.59,1.82,1.95,13.04,6
Sao Tome and Principe,STP,2000,9.8281,5.2442,0.53,0.02,14.02,16.97,2.89,56.23,0
Saudi Arabia,SAU,2000,-2.8068,6.8816,7.7,5.18,11.44,14.32,2.85,36.7,6
Senegal,SEN,2000,3.7252,-0.4763,7.04,1.05,47.25,33.21,55.88,56.84,1
Serbia,SRB,2000,1.5277,7.1071,2.01,0.17,23.81,22.54,13.0,46.05,0
Seychelles,SYC,2000,-4.4561,5.3119,4.34,1.06,17.8,17.69,9.11,34.99,0
Sierra Leone,SLE,2000,2.8962,0.9009,7.68,1.1,53.66,36.0,66.81,64.23,1
Singapore,SGP,2000,-6.1625,17.3221,0.59,0.15,2.34,2.54,0.71,7.13,6
Slovakia,SVK,2000,3.0149,18.5176,1.04,0.1,10.91,8.87,8.76,16.69,6
Slovenia,SVN,2000,2.3996,18.026,2.0,0.31,12.87,8.15,7.7,33.99,6
Solomon Islands,SLB,2000,-1.7474,19.2492,15.9,9.62,26.29,30.66,10.56,56.12,2
Somalia,SOM,2000,6.9978,15.6409,24.42,8.43,70.73,66.88,71.48,74.03,4
South Africa,ZAF,2000,-16.0222,4.8095,8.85,3.13,25.04,27.67,10.4,54.58,0
South Sudan,SSD,2000,6.0302,24.6586,2.26,0.24,21.2,38.36,3.5,70.99,2
Spain,ESP,2000,12.695,3.3515,9.84,7.83,12.37,8.52,6.8,32.7,6
Sri Lanka,LKA,2000,-5.4784,18.6564,6.72,1.33,33.97,34.1,56.21,20.46,3
Sudan,SDN,2000,-1.7063,-2.9125,10.13,1.63,62.96,58.79,68.51,61.96,4
Suriname,SUR,2000,1.6212,-2.2483,4.96,1.82,13.54,16.09,2.89,53.35,0
Sweden,SWE,2000,10.4578,-4.0001,2.06,1.07,3.98,3.84,1.58,10.36,6
Switzerland,CHE,2000,11.0683,-11.7133,1.2,0.16,9.05,5.03,5.04,29.28,6
Syrian Arab Republic,SYR,2000,15.6252,3.6261,8.7,2.51,30.13,43.91,12.47,49.94,2
Tajikistan,TJK,2000,0.4101,8.351,3.63,0.23,57.15,48.56,60.31,63.72,4
Thailand,THA,2000,0.0165,19.7375,20.88,13.79,31.62,25.13,47.44,26.52,3
Timor-Leste,TLS,2000,-0.1008,12.1143,7.88,2.8,22.17,56.09,3.22,60.32,2
Togo,TGO,2000,3.6374,3.5146,1.46,0.07,30.35,33.32,13.98,59.99,2
Tonga,TON,2000,3.8516,-3.1494,5.03,1.34,18.91,15.23,10.65,41.72,0
Trinidad and Tobago,TTO,2000,-5.2821,3.0125,2.77,0.49,15.61,8.62,9.52,46.35,0
Tunisia,TUN,2000,-14.4427,1.7928,6.49,3.42,12.32,16.22,2.89,39.85,0
Turkey,TUR,2000,-3.1488,16.1475,20.45,9.03,46.31,36.91,52.01,51.75,1
Turkmenistan,TKM,2000,14.6291,8.5931,1.46,0.17,12.58,14.5,2.99,45.93,0
Tuvalu,TUV,2000,-13.8611,9.0157,1.27,0.15,10.72,16.12,2.68,28.54,6
Uganda,UGA,2000,2.105,-7.9609,3.83,0.23,63.71,65.05,61.21,64.95,4
Ukraine,UKR,2000,0.9476,4.7933,2.76,0.48,15.88,30.94,10.42,12.43,6
United Arab Emirates,ARE,2000,9.384,11.8449,5.12,3.68,7.12,4.76,2.53,29.95,6
United Kingdom of Great Britain and Northern Ireland,GBR,2000,-1.869,10.3424,7.27,2.59,20.42,8.51,28.92,34.62,0
United Republic of Tanzania,TZA,2000,9.058,1.1349,13.28,5.46,32.29,34.66,14.76,65.78,2
United States of America,USA,2000,13.978,16.9141,22.56,40.11,12.69,8.37,7.69,31.77,6
Uruguay,URY,2000,10.9259,20.362,5.26,1.57,17.63,13.99,9.13,42.92,0
Uzbekistan,UZB,2000,0.2673,8.4704,2.28,0.18,28.8,24.96,48.55,19.71,3
Vanuatu,VUT,2000,15.3909,11.1798,11.05,5.72,21.36,17.57,10.82,51.26,0
Viet Nam,VNM,2000,-9.6311,8.6752,26.7,27.04,26.36,28.65,13.83,46.22,0
Yemen,YEM,2000,-8.6122,9.1309,16.67,7.44,37.37,59.12,13.95,63.3,2
Zambia,ZMB,2000,4.6907,21.8035,3.01,0.28,32.46,36.89,13.95,66.48,2
Zimbabwe,ZWE,2000,-11.1208,4.7625,2.65,0.2,35.18,52.23,13.81,60.34,2
Afghanistan,AFG,2001,-12.9113,15.4135,4.22,0.25,71.28,60.75,76.83,77.59,6
Albania,ALB,2001,-14.6889,1.1643,8.97,2.38,33.8,21.21,43.42,41.93,5
Algeria,DZA,2001,-6.7582,6.3041,10.1,2.64,38.65,22.74,53.22,47.7,5
Andorra,AND,2001,5.846,-14.3202,0.3,0.02,4.43,2.37,2.12,17.27,2
Angola,AGO,2001,0.6347,-3.7613,10.99,2.2,54.94,34.98,63.52,74.63,1
Antigua and Barbuda,ATG,2001,-7.1814,-0.05,4.02,1.21,13.33,11.03,9.65,22.25,2
Argentina,ARG,2001,-18.7488,9.4023,15.71,11.63,21.23,21.8,11.19,39.25,3
Armenia,ARM,2001,1.3309,7.602,2.31,0.24,22.19,21.65,11.91,42.39,3
Australia,AUS,2001,-6.0009,23.9235,18.19,31.94,10.36,8.0,7.07,19.67,2
Austria,AUT,2001,-17.2824,0.8966,1.29,0.17,9.75,4.77,6.01,32.34,2
Azerbaijan,AZE,2001,0.6325,8.217,3.27,0.23,46.62,43.82,47.19,49.0,1
Bahamas,BHS,2001,-5.7834,11.4054,3.44,1.51,7.84,9.44,2.3,22.18,2
Bahrain,BHR,2001,11.8445,15.9219,0.74,0.11,4.95,5.55,2.47,8.87,2
Bangladesh,BGD,2001,11.5437,-6.9239,21.93,16.6,28.98,27.54,15.73,56.2,0
Barbados,BRB,2001,-7.2868,0.4047,2.13,0.49,9.28,8.71,2.22,41.39,3
Belarus,BLR,2001,0.6272,4.3328,0.78,0.05,12.03,10.59,8.94,18.38,2
Belgium,BEL,2001,5.6329,-8.9976,4.58,1.87,11.21,7.33,6.45,29.83,2
Belize,BLZ,2001,-2.436,1.796,7.69,2.52,23.44,27.63,12.07,38.64,3
Benin,BEN,2001,3.5056,4.0924,1.64,0.09,30.03,32.9,13.56,60.72,0
Bhutan,BTN,2001,-9.2269,4.8691,1.8,0.1,32.47,16.43,40.91,50.92,5
Bolivarian Republic of Venezuela,VEN,2001,9.1097,-1.1825,21.05,19.05,23.26,18.87,12.68,52.57,3
Bosnia and Herzegovina,BIH,2001,-0.628,6.0286,2.76,0.34,22.38,21.99,10.93,46.63,3
Botswana,BWA,2001,3.0817,12.9788,1.48,0.09,24.3,28.32,11.16,45.42,3
Brazil,BRA,2001,-18.9842,-4.0572,10.88,6.32,18.72,19.97,12.0,27.39,2
Brunei Darussalam,BRN,2001,8.2623,-10.277,1.33,0.33,5.39,5.59,2.46,11.37,2
Bulgaria,BGR,2001,0.1847,5.2856,2.47,0.3,20.32,20.93,8.78,45.67,3
Burkina Faso,BFA,2001,3.3086,2.396,1.62,0.07,37.59,59.92,12.91,68.65,0
Burundi,BDI,2001,-13.1989,-1.7192,3.17,0.15,67.08,62.16,68.56,70.84,6
Cambodia,KHM,2001,3.7557,-0.4464,8.92,2.5,31.82,31.71,64.58,15.74,5
Cameroon,CMR,2001,2.1398,1.9312,8.56,2.03,36.11,58.29,12.9,62.6,0
Canada,CAN,2001,9.0896,15.6165,18.65,26.42,13.17,9.13,7.28,34.36,2
Cape Verde,CPV,2001,6.3671,-1.5416,1.21,0.07,21.01,16.77,10.83,51.07,3
Central African Republic,CAF,2001,7.3514,6.901,3.28,0.16,67.39,70.99,60.59,71.16,6
Chad,TCD,2001,7.0903,6.0591,2.9,0.12,69.92,65.63,66.82,77.96,6
Chile,CHL,2001,-1.8166,-14.793,15.24,13.12,17.7,14.58,9.71,39.15,3
China,CHN,2001,20.2607,3.9956,39.88,64.29,24.74,24.71,13.65,44.92,4
Colombia,COL,2001,-3.9421,-12.559,38.43,31.41,47.02,36.46,56.98,50.04,4
Comoros,COM,2001,6.4699,-5.5275,2.91,0.32,26.55,23.72,13.43,58.74,3
Costa Rica,CRI,2001,-8.9497,-12.5204,14.69,9.65,22.36,24.11,10.14,45.73,3
Cote d'Ivoire,CIV,2001,3.6631,2.743,1.75,0.13,23.52,56.49,3.66,62.92,0
Croatia,HRV,2001,-0.4971,15.0932,5.14,1.6,16.49,13.8,8.77,37.02,3
Cuba,CUB,2001,-12.3655,-0.7518,8.51,4.61,15.7,19.53,7.51,26.41,2
Cyprus,CYP,2001,-15.4372,-8.8278,3.71,1.0,13.77,8.85,8.3,35.58,2
Czech Republic,CZE,2001,2.572,17.9726,1.17,0.1,13.69,9.27,8.58,32.26,2
Democratic People's Republic of Korea,PRK,2001,-12.8359,-11.2846,12.26,7.29,20.61,14.18,12.72,48.57,3
Democratic Republic of Congo,COD,2001,5.6606,4.8998,9.82,1.36,70.97,66.28,66.38,81.23,6
Denmark,DNK,2001,-2.7556,-7.2348,1.05,0.18,6.12,5.3,1.54,28.04,2
Djibouti,DJI,2001,8.3315,1.8226,13.88,4.18,46.07,33.3,52.71,55.69,1
Dominica,DMA,2001,-6.646,1.1822,3.23,0.8,13.08,15.74,9.16,15.51,2
Dominican Republic,DOM,2001,-2.8238,2.2571,12.54,7.01,22.45,16.44,12.75,53.98,3
Ecuador,ECU,2001,-12.8322,13.2792,19.47,14.43,26.28,26.43,12.24,56.1,0
Egypt,EGY,2001,-19.911,4.7561,13.49,10.75,16.93,18.59,21.18,12.32,2
El Salvador,SLV,2001,15.7642,3.7318,14.63,7.34,29.15,37.41,12.98,51.03,0
Equatorial Guinea,GNQ,2001,-10.2292,7.1251,3.34,0.85,13.14,10.61,3.62,59.09,3
Eritrea,ERI,2001,7.9475,2.115,10.02,2.19,45.83,23.83,67.2,60.12,1
Estonia,EST,2001,0.4264,15.1045,2.0,0.45,8.86,7.64,2.35,38.68,2
Eswatini,SWZ,2001,-6.5014,-4.9666,1.9,0.14,25.83,22.59,13.95,54.68,3
Ethiopia,ETH,2001,2.5471,-4.9415,5.05,0.36,70.78,66.66,71.66,74.23,6
Federated States of Micronesia,FSM,2001,0.5366,-11.9433,5.16,1.32,20.14,16.49,11.19,44.28,3
Fiji,FJI,2001,3.4367,-3.2909,7.65,2.84,20.59,15.96,11.66,46.93,3
Finland,FIN,2001,-15.0835,-5.6385,1.24,0.5,3.06,5.47,0.21,25.05,2
France,FRA,2001,-2.6934,-9.7041,5.89,2.72,12.76,8.09,8.18,31.39,2
Gabon,GAB,2001,-4.8265,8.2103,4.9,1.48,16.2,28.43,3.07,48.67,3
Gambia,GMB,2001,2.3564,2.1777,4.95,0.69,35.45,58.32,12.54,60.91,0
Georgia,GEO,2001,1.64,8.4485,4.21,0.75,23.59,22.61,12.21,47.53,3
Germany,DEU,2001,-16.4168,20.3396,4.77,2.01,11.31,7.08,6.41,31.87,2
Ghana,GHA,2001,0.4513,-7.0178,3.17,0.34,29.5,31.59,12.56,64.71,0
Greece,GRC,2001,12.6098,4.2519,10.32,8.46,12.6,9.93,5.47,36.83,2
Grenada,GRD,2001,-5.9255,1.2912,2.26,0.31,16.44,13.66,8.98,36.2,3
Guatemala,GTM,2001,16.5457,4.3434,10.97,4.26,28.23,29.45,13.07,58.42,0
Guinea,GIN,2001,3.0397,0.9499,8.72,1.43,53.22,35.07,62.36,68.94,1
Guinea-Bissau,GNB,2001,2.9845,0.9163,5.67,0.66,48.68,33.75,54.18,63.07,1
Guyana,GUY,2001,15.312,-0.4601,7.39,2.67,20.46,13.16,13.52,48.15,3
Haiti,HTI,2001,5.1085,9.8975,9.74,2.73,34.73,45.01,13.58,68.55,0
Honduras,HND,2001,-7.6842,10.693,15.52,8.93,26.99,39.74,14.31,34.57,3
Hungary,HUN,2001,-0.7945,1.1089,0.98,0.11,8.76,7.45,9.0,10.01,2
Iceland,ISL,2001,9.6716,9.6427,2.36,0.67,8.33,4.46,4.86,26.63,2
India,IND,2001,8.0471,-8.1311,45.1,35.84,56.75,52.92,57.29,60.29,4
Indonesia,IDN,2001,-9.3444,19.8809,42.03,39.45,44.78,28.05,57.15,56.01,4
Iran (Islamic Republic of),IRN,2001,-8.2316,-6.9242,21.76,12.24,38.69,25.39,55.21,41.32,5
Iraq,IRQ,2001,-2.7034,17.1126,7.38,1.69,32.2,48.7,15.24,44.97,0
Ireland,IRL,2001,7.8467,-3.6528,3.4,1.47,7.85,7.36,1.87,35.15,2
Israel,ISR,2001,6.7995,12.1959,4.34,0.88,21.39,10.11,31.68,30.56,3
Italy,ITA,2001,11.8069,-9.2126,10.18,8.84,11.72,6.05,8.23,32.31,2
Jamaica,JAM,2001,5.9604,-0.5248,3.98,1.12,14.14,15.24,9.94,18.67,2
Japan,JPN,2001,17.9648,13.1544,20.96,44.05,9.97,4.99,7.62,26.05,2
Jordan,JOR,2001,15.1003,14.8628,2.94,0.57,15.14,11.61,11.35,26.35,2
Kazakhstan,KAZ,2001,2.6242,9.4708,2.41,0.25,23.28,24.09,12.01,43.63,3
Kenya,KEN,2001,7.8256,0.911,13.94,3.22,60.33,59.22,60.53,61.25,6
Kiribati,KIR,2001,-13.8391,6.935,3.85,0.69,21.44,16.38,11.98,50.23,3
Kuwait,KWT,2001,-6.4625,20.9553,2.7,1.04,7.02,6.05,5.32,10.77,2
Kyrgyzstan,KGZ,2001,0.5416,8.4576,2.77,0.23,33.4,44.14,43.16,19.55,5
Lao People's Democratic Republic,LAO,2001,-10.6552,13.9915,3.26,0.38,27.95,22.95,14.42,65.97,0
Latvia,LVA,2001,0.2767,15.1441,2.82,0.79,10.08,12.19,2.45,34.32,2
Lebanon,LBN,2001,-5.0581,1.7293,2.82,0.37,21.42,22.86,11.69,36.77,3
Lesotho,LSO,2001,-10.1475,4.9934,1.68,0.07,40.26,23.67,44.2,62.39,1
Liberia,LBR,2001,5.5294,4.6238,5.74,0.54,61.12,59.57,57.7,66.42,6
Libyan Arab Jamahiriya,LBY,2001,-2.9692,7.3625,9.15,5.01,16.7,36.18,2.98,43.22,3
Liechtenstein,LIE,2001,14.1607,22.0338,0.81,0.09,7.21,6.21,2.08,29.04,2
Lithuania,LTU,2001,0.45,15.1249,2.35,0.65,8.53,7.92,2.33,33.59,2
Luxembourg,LUX,2001,17.1377,-4.882,0.51,0.06,4.36,4.96,1.46,11.43,2
Madagascar,MDG,2001,-11.7962,-3.3799,22.52,17.54,28.91,25.15,14.29,67.25,0
Malawi,MWI,2001,-4.3381,10.0912,3.29,0.34,31.89,33.81,14.16,67.72,0
Malaysia,MYS,2001,18.6663,9.7738,12.9,8.61,19.34,19.47,10.04,37.01,3
Maldives,MDV,2001,-5.6009,0.9576,1.09,0.11,10.89,13.76,2.76,34.02,2
Mali,MLI,2001,3.3131,2.3657,1.74,0.08,37.98,61.24,12.74,70.22,0
Malta,MLT,2001,-14.4367,-9.1243,1.02,0.15,6.96,4.59,2.02,36.36,2
Marshall Islands,MHL,2001,-13.6624,7.1613,2.6,0.5,13.49,16.73,2.81,52.23,3
Mauritania,MRT,2001,1.0486,-4.8401,9.22,2.94,28.91,30.02,13.72,58.68,0
Mauritius,MUS,2001,8.0175,22.024,3.7,0.73,18.71,16.1,9.25,43.98,3
Mexico,MEX,2001,18.7563,-1.479,34.7,49.76,24.2,42.73,11.9,27.88,4
Monaco,MCO,2001,12.3712,13.4537,0.2,0.02,2.04,1.93,0.91,4.82,2
Mongolia,MNG,2001,-6.3314,4.2478,2.08,0.21,20.66,15.85,11.87,46.84,3
Montenegro,MNE,2001,0.2579,5.2196,3.03,0.82,11.23,12.01,2.57,45.84,3
Morocco,MAR,2001,16.2446,5.1154,13.31,7.7,23.02,24.5,12.11,41.1,3
Mozambique,MOZ,2001,9.9411,0.9314,27.15,18.21,40.48,64.09,14.76,70.14,0
Myanmar,MMR,2001,-4.3209,-7.7949,35.87,23.51,54.73,43.46,58.19,64.82,4
Namibia,NAM,2001,-16.8034,11.8906,7.55,1.32,43.21,32.33,44.76,55.75,1
Nauru,NRU,2001,-13.2055,10.0084,0.91,0.11,7.52,7.39,2.63,21.92,2
Nepal,NPL,2001,1.8252,-4.4281,3.39,0.24,47.98,34.12,54.04,59.89,1
Netherlands,NLD,2001,-10.4279,-5.7034,4.96,2.22,11.09,7.48,6.03,30.22,2
New Zealand,NZL,2001,-1.5408,26.1714,12.07,18.02,8.09,5.77,4.23,21.66,2
Nicaragua,NIC,2001,-7.8474,10.6694,22.85,18.37,28.43,29.97,13.62,56.29,0
Niger,NER,2001,4.0171,1.7504,2.07,0.07,61.29,49.21,62.2,75.21,6
Nigeria,NGA,2001,3.0758,1.9759,7.16,1.29,39.69,57.56,14.61,74.34,0
North Macedonia,MKD,2001,0.5865,6.5329,1.49,0.1,22.28,21.02,11.57,45.47,3
Norway,NOR,2001,11.4084,-3.6292,3.11,1.05,9.19,5.29,5.12,28.63,2
Oman,OMN,2001,-9.6984,-9.3774,6.51,6.69,6.34,11.3,2.44,9.26,2
Pakistan,PAK,2001,10.1265,-6.7988,25.94,13.04,51.59,37.95,57.45,62.97,1
Palau,PLW,2001,4.8852,14.104,1.85,0.36,9.48,13.08,2.56,25.47,2
Panama,PAN,2001,6.2668,-11.9445,16.3,15.93,16.67,20.95,10.52,21.02,2
Papua New Guinea,PNG,2001,-5.2209,6.8367,26.52,18.92,37.16,56.53,13.93,65.14,0
Paraguay,PRY,2001,5.4304,-3.6552,1.85,0.14,24.32,20.9,13.9,49.52,3
Peru,PER,2001,9.8581,-1.9004,24.86,16.6,37.23,21.28,50.49,48.02,5
Philippines,PHL,2001,20.4534,8.1465,44.95,40.56,49.82,39.38,55.99,56.09,4
Plurinational State of Bolivia,BOL,2001,-9.1818,17.828,2.93,0.35,24.47,22.48,12.68,51.38,3
Poland,POL,2001,-0.3887,15.3926,5.07,1.76,14.61,9.75,9.26,34.51,2
Portugal,PRT,2001,18.0668,0.6333,5.62,3.14,10.07,7.78,3.82,34.33,2
Qatar,QAT,2001,9.529,12.1778,1.0,0.14,7.16,5.34,2.51,27.33,2
Republic of Congo,COG,2001,0.378,-2.3373,5.33,0.48,59.16,59.56,63.45,54.79,6
Republic of Korea,KOR,2001,-13.1035,18.9779,8.57,10.07,7.3,2.74,10.07,14.08,2
Republic of Moldova,MDA,2001,-1.8561,5.1023,1.49,0.1,22.08,18.41,12.76,45.83,3
Romania,ROU,2001,2.7324,10.0419,3.04,0.69,13.35,11.78,10.54,19.18,2
Russian Federation,RUS,2001,15.2228,-8.2447,31.87,29.22,34.75,22.34,43.62,43.07,4
Rwanda,RWA,2001,-4.9872,14.9009,2.91,0.16,52.82,34.77,65.88,64.35,1
Saint Kitts and Nevis,KNA,2001,-7.394,-0.4378,2.13,0.53,8.55,6.97,9.68,9.25,2
Saint Lucia,LCA,2001,-6.2494,0.8574,2.49,0.46,13.53,14.63,9.27,18.25,2
Saint Vincent and the Grenadines,VCT,2001,-6.2536,0.8544,2.26,0.44,11.58,15.87,8.89,11.01,2
Samoa,WSM,2001,6.5082,17.4646,3.14,0.81,12.2,15.21,2.71,44.04,3
San Marino,SMR,2001,-7.3291,8.5047,0.35,0.03,4.09,2.21,1.9,16.26,2
Sao Tome and Principe,STP,2001,9.8275,5.2442,0.53,0.02,13.87,16.78,2.93,54.32,3
Saudi Arabia,SAU,2001,-2.8046,6.877,7.61,5.17,11.19,15.09,2.82,32.91,2
Senegal,SEN,2001,3.7729,-0.4323,7.11,1.05,48.15,33.39,54.06,61.85,1
Serbia,SRB,2001,1.5472,7.117,2.03,0.17,24.26,22.43,12.63,50.39,3
Seychelles,SYC,2001,-4.4818,5.3384,4.02,1.05,15.41,10.83,9.26,36.52,3
Sierra Leone,SLE,2001,2.6092,0.8063,6.84,1.11,42.11,36.67,29.92,68.06,0
Singapore,SGP,2001,-6.1408,17.3023,0.79,0.15,4.21,2.57,1.25,23.15,2
Slovakia,SVK,2001,3.0326,18.5269,0.98,0.1,9.59,9.06,8.93,10.91,2
Slovenia,SVN,2001,2.4002,18.0318,1.93,0.31,12.04,7.07,7.47,33.05,2
Solomon Islands,SLB,2001,-1.7395,19.2578,16.02,9.61,26.7,30.88,10.65,57.85,0
Somalia,SOM,2001,6.9922,15.6364,24.47,8.49,70.52,67.29,69.32,75.17,6
South Africa,ZAF,2001,-16.0244,4.8076,8.88,3.12,25.3,27.49,10.64,55.35,3
South Sudan,SSD,2001,6.0315,24.6602,2.25,0.24,21.14,38.17,3.48,71.11,0
Spain,ESP,2001,12.7176,3.3225,8.66,7.83,9.58,7.19,3.88,31.49,2
Sri Lanka,LKA,2001,-5.4788,18.6555,7.78,1.34,45.21,34.7,55.42,48.04,1
Sudan,SDN,2001,-1.7076,-2.9112,9.95,1.64,60.42,58.1,67.08,56.6,6
Suriname,SUR,2001,1.6034,-2.2513,4.96,1.82,13.51,16.02,2.89,53.23,3
Sweden,SWE,2001,10.4291,-4.0287,2.09,1.07,4.1,3.84,1.61,11.15,2
Switzerland,CHE,2001,11.1064,-11.7525,1.07,0.16,7.15,4.9,2.74,27.18,2
Syrian Arab Republic,SYR,2001,15.6202,3.6218,8.63,2.53,29.42,43.13,12.15,48.6,0
Tajikistan,TJK,2001,0.404,8.3339,3.6,0.23,56.29,48.63,57.58,63.7,1
Thailand,THA,2001,0.0257,19.7456,22.47,13.86,36.44,25.33,47.23,40.45,5
Timor-Leste,TLS,2001,-0.0997,12.1145,9.75,2.81,33.82,55.48,11.93,58.47,0
Togo,TGO,2001,3.6174,3.5459,1.48,0.07,31.17,33.43,13.94,64.97,0
Tonga,TON,2001,3.8856,-3.1284,5.08,1.33,19.37,15.4,10.96,43.04,3
Trinidad and Tobago,TTO,2001,-5.2867,2.9892,2.68,0.49,14.71,7.16,9.44,47.1,3
Tunisia,TUN,2001,-14.4397,1.8014,5.95,3.42,10.35,15.88,2.86,24.38,2
Turkey,TUR,2001,-3.1534,16.1265,19.72,8.97,43.36,31.18,51.22,51.06,1
Turkmenistan,TKM,2001,14.6245,8.5934,1.48,0.17,12.95,14.52,3.01,49.74,3
Tuvalu,TUV,2001,-13.8556,9.015,1.14,0.15,8.67,16.11,2.68,15.12,2
Uganda,UGA,2001,2.1052,-7.9607,3.79,0.23,62.29,64.57,60.42,61.95,6
Ukraine,UKR,2001,0.9527,4.8052,2.93,0.48,17.86,29.4,10.9,17.78,2
United Arab Emirates,ARE,2001,9.3905,11.8537,4.23,3.67,4.87,4.74,2.48,9.8,2
United Kingdom of Great Britain and Northern Ireland,GBR,2001,-1.8635,10.3272,7.3,2.59,20.59,8.51,29.2,35.15,3
United Republic of Tanzania,TZA,2001,9.044,1.1498,12.85,5.44,30.33,34.66,12.59,63.91,0
United States of America,USA,2001,13.9829,16.9198,29.17,40.04,21.25,9.73,31.27,31.54,4
Uruguay,URY,2001,10.934,20.3538,5.23,1.57,17.42,13.87,9.21,41.41,3
Uzbekistan,UZB,2001,0.276,8.4514,2.28,0.18,28.99,25.06,48.84,19.91,5
Vanuatu,VUT,2001,15.3999,11.1708,11.09,5.69,21.63,17.72,10.96,52.14,3
Viet Nam,VNM,2001,-9.6373,8.6696,25.54,27.06,24.11,28.48,13.88,35.46,3
Yemen,YEM,2001,-8.5932,9.1487,16.47,7.46,36.34,58.67,12.92,63.33,0
Zambia,ZMB,2001,4.6753,21.7884,2.96,0.27,32.46,36.84,14.0,66.33,0
Zimbabwe,ZWE,2001,-11.1284,4.7522,2.75,0.2,37.73,53.68,15.34,65.24,0
Afghanistan,AFG,2002,-12.9252,15.4296,4.22,0.25,71.36,64.03,75.29,75.37,6
Albania,ALB,2002,-14.6746,1.1921,8.74,2.38,32.09,16.61,46.47,42.82,3
Algeria,DZA,2002,-6.7543,6.3073,9.92,2.64,37.26,22.6,51.71,44.28,3
Andorra,AND,2002,5.8549,-14.3288,0.3,0.02,4.53,2.4,2.08,18.64,2
Angola,AGO,2002,0.6306,-3.757,11.03,2.22,54.85,35.64,61.94,74.75,6
Antigua and Barbuda,ATG,2002,-7.2194,0.0676,4.21,1.21,14.63,9.09,9.67,35.65,2
Argentina,ARG,2002,-18.74,9.4113,16.38,11.69,22.95,22.23,11.57,46.97,4
Armenia,ARM,2002,1.3503,7.5563,2.32,0.23,23.36,26.1,11.77,41.51,4
Australia,AUS,2002,-6.2261,24.1494,19.32,31.94,11.69,8.06,7.07,28.03,0
Austria,AUT,2002,-17.285,0.899,1.3,0.17,9.98,4.87,6.36,32.09,2
Azerbaijan,AZE,2002,0.6307,8.1944,3.18,0.23,43.96,35.58,46.84,50.97,3
Bahamas,BHS,2002,-5.8647,11.3814,3.76,1.51,9.36,9.45,2.32,37.36,2
Bahrain,BHR,2002,11.864,15.9418,0.86,0.11,6.75,4.45,2.46,28.04,2
Bangladesh,BGD,2002,11.5461,-6.9283,22.26,16.61,29.82,28.36,15.68,59.66,1
Barbados,BRB,2002,-7.2951,0.4133,2.59,0.49,13.66,8.75,8.16,35.73,2
Belarus,BLR,2002,0.5988,4.3505,0.79,0.05,12.38,12.66,8.39,17.87,2
Belgium,BEL,2002,5.6325,-8.9994,4.63,1.86,11.52,7.55,6.55,30.94,2
Belize,BLZ,2002,-2.431,1.793,8.6,3.02,24.48,27.55,12.02,44.3,4
Benin,BEN,2002,3.4937,4.1084,1.65,0.09,30.19,33.07,13.61,61.13,1
Bhutan,BTN,2002,-9.1689,4.8537,1.43,0.1,20.54,16.39,10.31,51.3,4
Bolivarian Republic of Venezuela,VEN,2002,9.126,-1.2002,22.41,19.05,26.36,25.74,13.11,54.3,1
Bosnia and Herzegovina,BIH,2002,-0.6301,6.0346,2.71,0.34,21.67,21.9,10.74,43.26,4
Botswana,BWA,2002,3.0709,12.9684,1.49,0.09,24.59,28.63,11.05,47.01,4
Brazil,BRA,2002,-19.006,-4.0334,10.28,6.31,16.76,20.04,11.99,19.58,2
Brunei Darussalam,BRN,2002,8.262,-10.2769,1.31,0.33,5.24,4.56,2.46,12.81,2
Bulgaria,BGR,2002,0.2023,5.2964,2.47,0.3,20.31,20.98,8.63,46.3,4
Burkina Faso,BFA,2002,3.3113,2.3951,1.62,0.07,37.36,60.45,12.94,66.64,1
Burundi,BDI,2002,-13.2004,-1.7203,3.13,0.15,65.13,62.28,68.77,64.51,6
Cambodia,KHM,2002,3.7944,-0.4103,8.51,2.49,29.08,24.66,63.31,15.75,3
Cameroon,CMR,2002,2.1626,1.9341,8.55,2.03,35.99,58.7,12.83,61.89,1
Canada,CAN,2002,9.0935,15.6203,18.73,26.47,13.25,9.27,7.09,35.42,0
Cape Verde,CPV,2002,6.3489,-1.5565,1.22,0.07,21.13,16.77,11.45,49.1,4
Central African Republic,CAF,2002,7.3721,6.8797,3.29,0.16,67.54,71.63,60.81,70.74,6
Chad,TCD,2002,7.0741,6.0463,2.89,0.12,69.54,66.61,67.73,74.53,6
Chile,CHL,2002,-1.8074,-14.802,15.15,13.04,17.59,14.1,9.69,39.82,4
China,CHN,2002,20.2546,3.988,40.24,64.23,25.21,24.47,13.83,47.32,0
Colombia,COL,2002,-3.943,-12.5586,38.43,31.4,47.03,36.67,57.9,48.98,5
Comoros,COM,2002,6.4673,-5.5295,2.18,0.32,14.91,18.94,3.29,53.16,4
Costa Rica,CRI,2002,-8.9515,-12.5221,14.78,9.66,22.61,24.22,10.62,44.92,4
Cote d'Ivoire,CIV,2002,3.7824,2.7066,2.21,0.13,37.63,56.41,14.9,63.42,1
Croatia,HRV,2002,-0.5099,15.1134,5.27,1.6,17.36,16.37,8.83,36.19,4
Cuba,CUB,2002,-12.3781,-0.7651,9.13,4.63,17.99,19.69,10.83,27.31,2
Cyprus,CYP,2002,-15.441,-8.8248,3.72,1.01,13.69,8.69,8.21,35.97,2
Czech Republic,CZE,2002,2.5803,17.9229,1.16,0.1,13.42,9.06,8.42,31.71,2
Democratic People's Republic of Korea,PRK,2002,-12.8422,-11.2908,11.52,7.29,18.21,14.28,12.57,33.63,4
Democratic Republic of Congo,COD,2002,5.7073,4.9174,9.74,1.36,69.76,66.91,65.43,77.56,6
Denmark,DNK,2002,-2.7954,-7.2749,1.04,0.18,5.99,5.22,1.42,28.93,2
Djibouti,DJI,2002,8.3251,1.8186,13.82,4.14,46.13,33.18,53.16,55.66,3
Dominica,DMA,2002,-6.6604,1.1874,3.36,0.8,14.12,15.65,9.13,19.69,2
Dominican Republic,DOM,2002,-2.8227,2.2571,12.48,6.98,22.32,16.6,12.79,52.37,4
Ecuador,ECU,2002,-12.8459,13.2644,19.45,14.45,26.18,26.5,12.41,54.56,1
Egypt,EGY,2002,-19.9231,4.7448,16.88,10.76,26.48,19.09,21.63,44.96,4
El Salvador,SLV,2002,15.7603,3.7295,14.61,7.27,29.38,37.44,12.88,52.57,1
Equatorial Guinea,GNQ,2002,-10.215,7.1394,3.34,0.85,13.12,10.62,3.62,58.68,4
Eritrea,ERI,2002,7.9283,2.1293,10.02,2.2,45.66,23.54,66.65,60.68,3
Estonia,EST,2002,0.4098,15.1056,1.89,0.45,7.96,5.79,2.34,37.27,2
Eswatini,SWZ,2002,-6.3191,-5.1491,1.78,0.14,22.59,22.82,13.97,36.14,4
Ethiopia,ETH,2002,2.5372,-4.9334,4.97,0.36,68.57,66.77,70.51,68.48,6
Federated States of Micronesia,FSM,2002,0.5221,-11.9289,4.71,1.13,19.65,16.65,11.24,40.55,4
Fiji,FJI,2002,3.4406,-3.2883,7.5,2.83,19.9,16.03,11.53,42.66,4
Finland,FIN,2002,-15.0982,-5.6562,1.18,0.5,2.77,5.44,0.22,17.78,2
France,FRA,2002,-2.6846,-9.6951,5.99,2.72,13.18,8.02,8.29,34.41,2
Gabon,GAB,2002,-4.8126,8.2251,4.85,1.5,15.66,28.79,3.08,43.27,4
Gambia,GMB,2002,2.3521,2.1745,4.99,0.69,36.05,58.9,12.47,63.77,1
Georgia,GEO,2002,1.5957,8.4759,4.23,0.75,23.87,22.2,12.31,49.77,4
Germany,DEU,2002,-16.4193,20.3421,4.87,2.01,11.82,7.09,7.0,33.31,2
Ghana,GHA,2002,0.4511,-7.0178,3.18,0.34,29.76,32.03,12.61,65.26,1
Greece,GRC,2002,12.6092,4.2486,10.3,8.46,12.55,9.75,5.53,36.62,2
Grenada,GRD,2002,-5.9257,1.2813,2.25,0.31,16.32,13.8,9.07,34.7,4
Guatemala,GTM,2002,16.5088,4.3357,12.08,5.15,28.34,29.4,13.18,58.74,1
Guinea,GIN,2002,3.0801,0.96,8.67,1.43,52.61,35.23,60.71,68.07,3
Guinea-Bissau,GNB,2002,2.98,0.9099,5.82,0.66,51.41,34.06,61.74,64.62,3
Guyana,GUY,2002,15.3098,-0.4598,5.88,2.67,12.95,13.21,3.18,51.71,4
Haiti,HTI,2002,5.1002,9.8908,9.76,2.73,34.88,45.02,14.17,66.51,1
Honduras,HND,2002,-7.6306,10.6201,16.7,8.91,31.31,39.74,14.31,53.96,1
Hungary,HUN,2002,-0.823,1.0851,1.04,0.11,9.87,7.55,8.72,14.62,2
Iceland,ISL,2002,9.6812,9.6527,2.36,0.67,8.33,4.44,4.59,28.41,2
India,IND,2002,8.0636,-8.1135,45.52,35.89,57.74,52.91,58.68,62.0,5
Indonesia,IDN,2002,-9.3336,19.8918,41.94,39.39,44.66,27.44,57.23,56.74,5
Iran (Islamic Republic of),IRN,2002,-8.234,-6.922,18.85,12.23,29.05,25.08,55.59,17.58,3
Iraq,IRQ,2002,-2.7037,17.1107,7.75,1.69,35.51,48.62,14.58,63.19,1
Ireland,IRL,2002,7.8533,-3.6465,4.15,1.47,11.72,7.37,6.06,36.07,2
Israel,ISR,2002,6.8093,12.2067,4.46,0.88,22.64,9.93,32.29,36.17,4
Italy,ITA,2002,11.7768,-9.1794,10.28,8.84,11.95,6.18,8.19,33.7,2
Jamaica,JAM,2002,5.9733,-0.5099,4.09,1.12,14.9,15.13,11.54,18.96,2
Japan,JPN,2002,17.9601,13.1495,21.28,44.03,10.28,5.12,7.61,27.89,0
Jordan,JOR,2002,15.1127,14.874,3.15,0.56,17.76,11.41,11.36,43.2,4
Kazakhstan,KAZ,2002,2.5913,9.4339,2.33,0.25,21.74,24.0,10.39,41.19,4
Kenya,KEN,2002,7.841,0.9247,13.84,3.23,59.26,59.06,60.54,58.2,6
Kiribati,KIR,2002,-13.8505,6.9196,3.83,0.69,21.31,16.58,11.96,48.83,4
Kuwait,KWT,2002,-6.4628,20.955,2.16,1.03,4.55,5.0,1.61,11.74,2
Kyrgyzstan,KGZ,2002,0.5459,8.4663,2.8,0.22,35.72,37.12,43.99,27.92,3
Lao People's Democratic Republic,LAO,2002,-10.6533,13.9936,3.27,0.38,28.08,22.75,14.62,66.59,1
Latvia,LVA,2002,0.3316,15.1416,2.69,0.78,9.25,9.44,2.44,34.39,2
Lebanon,LBN,2002,-5.0325,1.7504,3.58,0.37,34.63,23.36,39.05,45.52,3
Lesotho,LSO,2002,-10.1929,4.9921,1.66,0.07,39.44,18.47,51.66,64.29,3
Liberia,LBR,2002,5.5329,4.6302,5.79,0.54,62.05,60.57,58.17,67.79,6
Libyan Arab Jamahiriya,LBY,2002,-2.9638,7.3601,9.07,4.99,16.47,34.61,2.99,43.17,4
Liechtenstein,LIE,2002,14.1521,22.0224,0.81,0.09,7.35,6.28,2.06,30.73,2
Lithuania,LTU,2002,0.4596,15.1356,2.34,0.65,8.42,7.91,2.3,32.77,2
Luxembourg,LUX,2002,17.1354,-4.8843,0.51,0.06,4.32,4.92,1.4,11.74,2
Madagascar,MDG,2002,-11.803,-3.3866,21.88,17.6,27.21,20.0,14.25,70.71,1
Malawi,MWI,2002,-4.3419,10.0976,3.35,0.34,33.05,34.29,14.83,70.98,1
Malaysia,MYS,2002,18.6666,9.7731,13.45,8.61,21.01,23.04,9.94,40.48,4
Maldives,MDV,2002,-5.5741,0.8715,1.11,0.11,11.13,13.62,2.76,36.72,2
Mali,MLI,2002,3.3154,2.3699,1.74,0.08,38.03,60.98,13.0,69.39,1
Malta,MLT,2002,-14.4772,-9.085,1.03,0.15,7.12,4.62,2.0,39.14,2
Marshall Islands,MHL,2002,-13.6616,7.162,2.57,0.5,13.18,16.81,2.83,48.11,4
Mauritania,MRT,2002,1.0358,-4.855,9.15,2.93,28.58,30.18,13.66,56.64,1
Mauritius,MUS,2002,8.0168,22.0234,3.6,0.73,17.79,13.02,9.32,46.39,4
Mexico,MEX,2002,18.7573,-1.4805,37.31,49.72,28.0,42.35,11.82,43.86,0
Monaco,MCO,2002,12.3617,13.444,0.2,0.02,2.05,1.89,0.97,4.72,2
Mongolia,MNG,2002,-6.3323,4.2482,2.02,0.21,19.46,15.83,11.7,39.81,4
Montenegro,MNE,2002,0.2611,5.2213,3.05,0.82,11.35,12.11,2.57,46.98,4
Morocco,MAR,2002,16.25,5.1438,13.76,7.66,24.73,24.6,12.23,50.27,4
Mozambique,MOZ,2002,9.9429,0.9302,27.3,18.31,40.71,64.78,14.65,71.1,1
Myanmar,MMR,2002,-4.3293,-7.8032,35.65,23.52,54.03,43.33,56.81,64.09,5
Namibia,NAM,2002,-16.8222,11.9091,7.68,1.32,44.69,32.21,48.21,57.48,3
Nauru,NRU,2002,-13.1241,10.0617,1.01,0.11,9.22,7.47,2.62,40.04,2
Nepal,NPL,2002,1.8267,-4.4322,3.46,0.24,49.79,34.03,57.97,62.56,3
Netherlands,NLD,2002,-10.3997,-5.7324,4.66,2.22,9.79,7.58,4.0,30.91,2
New Zealand,NZL,2002,-1.5516,26.1821,12.92,18.02,9.26,5.73,6.32,21.95,2
Nicaragua,NIC,2002,-7.8532,10.6603,22.74,18.37,28.15,29.89,13.48,55.34,1
Niger,NER,2002,3.4409,2.2725,1.65,0.07,38.7,48.79,15.88,74.82,1
Nigeria,NGA,2002,3.0943,1.956,7.15,1.29,39.59,57.61,14.56,73.96,1
North Macedonia,MKD,2002,0.4753,6.5665,1.8,0.1,32.24,20.47,40.69,40.23,3
Norway,NOR,2002,11.3972,-3.6474,3.13,1.05,9.33,5.36,5.45,27.79,2
Oman,OMN,2002,-9.6976,-9.3764,7.65,6.68,8.77,11.52,4.45,13.18,2
Pakistan,PAK,2002,10.1343,-6.7925,25.94,13.03,51.63,37.77,57.43,63.44,5
Palau,PLW,2002,4.9105,14.0816,1.61,0.36,7.2,13.27,2.53,11.1,2
Panama,PAN,2002,6.2533,-11.9315,15.82,15.93,15.72,20.86,10.83,17.18,2
Papua New Guinea,PNG,2002,-5.2124,6.8479,26.3,18.94,36.51,56.64,13.15,65.36,1
Paraguay,PRY,2002,5.4244,-3.6481,1.84,0.14,24.17,20.68,13.42,50.87,4
Peru,PER,2002,9.8438,-1.8859,24.16,16.6,35.16,21.17,49.54,41.44,3
Philippines,PHL,2002,20.4661,8.1301,44.89,40.57,49.68,39.23,56.67,55.14,5
Plurinational State of Bolivia,BOL,2002,-9.1737,17.8195,2.93,0.35,24.58,22.72,12.87,50.77,4
Poland,POL,2002,-0.4105,15.4817,4.86,1.76,13.41,12.54,8.48,22.67,2
Portugal,PRT,2002,18.0532,0.6463,5.59,3.14,9.95,7.82,3.76,33.53,2
Qatar,QAT,2002,9.5304,12.1866,0.98,0.14,6.92,5.43,2.51,24.33,2
Republic of Congo,COG,2002,0.3746,-2.3323,5.5,0.49,61.65,59.51,62.72,62.77,6
Republic of Korea,KOR,2002,-13.1564,19.0304,8.51,10.08,7.19,2.76,10.06,13.39,2
Republic of Moldova,MDA,2002,-1.852,5.1025,1.49,0.1,22.08,18.27,12.67,46.48,4
Romania,ROU,2002,2.7444,10.1601,3.45,0.69,17.24,11.68,10.23,42.85,4
Russian Federation,RUS,2002,15.2268,-8.2491,31.75,29.15,34.58,22.02,44.4,42.29,5
Rwanda,RWA,2002,-4.9908,14.9033,2.88,0.16,51.9,34.9,65.02,61.61,3
Saint Kitts and Nevis,KNA,2002,-7.3818,-0.4005,2.47,0.53,11.47,6.97,9.89,21.87,2
Saint Lucia,LCA,2002,-5.8154,1.3606,2.86,0.46,17.73,14.73,9.22,41.05,4
Saint Vincent and the Grenadines,VCT,2002,-6.2654,0.8599,2.24,0.44,11.45,15.68,9.0,10.63,2
Samoa,WSM,2002,6.5103,17.4682,3.18,0.81,12.51,15.3,2.7,47.44,4
San Marino,SMR,2002,-7.341,8.515,0.34,0.03,3.9,2.3,1.91,13.55,2
Sao Tome and Principe,STP,2002,9.8206,5.2309,0.53,0.02,13.96,16.64,2.99,54.65,4
Saudi Arabia,SAU,2002,-2.8199,6.893,7.46,5.18,10.74,15.07,2.78,29.58,2
Senegal,SEN,2002,3.7159,-0.4758,7.1,1.05,48.05,33.54,53.8,61.49,3
Serbia,SRB,2002,1.5267,7.1081,1.94,0.17,22.04,18.91,12.2,46.4,4
Seychelles,SYC,2002,-4.4516,5.2993,3.21,1.05,9.84,10.96,9.71,8.96,2
Sierra Leone,SLE,2002,2.5977,0.8163,6.53,1.11,38.36,36.57,30.09,51.31,1
Singapore,SGP,2002,-6.1624,17.3217,0.81,0.15,4.4,2.58,1.27,26.0,2
Slovakia,SVK,2002,3.0013,18.5299,1.04,0.1,10.88,9.1,8.87,15.95,2
Slovenia,SVN,2002,2.3978,18.0314,1.9,0.31,11.69,6.67,7.24,33.11,2
Solomon Islands,SLB,2002,-1.7523,19.2449,16.21,9.62,27.32,30.8,10.98,60.32,1
Somalia,SOM,2002,6.9687,15.6138,24.52,8.49,70.83,67.24,70.24,75.24,6
South Africa,ZAF,2002,-16.0281,4.8035,9.01,3.12,26.04,28.11,10.96,57.31,1
South Sudan,SSD,2002,6.0303,24.6591,2.24,0.24,20.86,38.33,3.46,68.42,1
Spain,ESP,2002,12.7117,3.3281,8.65,7.83,9.55,7.23,3.87,31.08,2
Sri Lanka,LKA,2002,-5.4785,18.6573,8.05,1.33,48.73,45.01,54.38,47.27,3
Sudan,SDN,2002,-1.7182,-2.9021,10.2,1.64,63.43,58.36,67.12,65.14,6
Suriname,SUR,2002,1.6173,-2.2405,5.15,1.82,14.58,20.51,2.87,52.64,4
Sweden,SWE,2002,10.4563,-4.0011,2.1,1.07,4.11,3.92,1.58,11.21,2
Switzerland,CHE,2002,11.0814,-11.7267,1.09,0.16,7.45,4.92,2.98,28.25,2
Syrian Arab Republic,SYR,2002,15.611,3.6138,8.44,2.53,28.13,41.58,11.94,44.82,1
Tajikistan,TJK,2002,0.3959,8.3238,3.53,0.23,54.13,46.95,56.29,60.02,6
Thailand,THA,2002,0.0068,19.7273,22.5,13.87,36.5,25.01,48.22,40.31,3
Timor-Leste,TLS,2002,-0.1,12.1156,9.85,2.82,34.44,55.78,11.95,61.26,1
Togo,TGO,2002,3.6377,3.5266,1.47,0.07,30.86,33.46,13.87,63.32,1
Tonga,TON,2002,3.8761,-3.1383,5.14,1.33,19.86,15.5,11.03,45.82,4
Trinidad and Tobago,TTO,2002,-5.2769,3.0192,2.24,0.49,10.27,8.53,2.83,44.82,4
Tunisia,TUN,2002,-14.4453,1.7841,6.51,3.44,12.31,15.9,2.83,41.46,4
Turkey,TUR,2002,-3.1499,16.1396,19.91,8.99,44.1,31.16,51.07,53.88,3
Turkmenistan,TKM,2002,14.6291,8.5808,1.27,0.17,9.55,14.38,1.93,31.4,2
Tuvalu,TUV,2002,-13.8424,9.031,1.23,0.15,10.14,16.27,2.68,23.93,2
Uganda,UGA,2002,2.1057,-7.9582,3.75,0.23,61.13,65.15,60.37,58.08,6
Ukraine,UKR,2002,0.9519,4.7956,2.77,0.48,16.02,24.64,10.81,15.43,2
United Arab Emirates,ARE,2002,9.3909,11.853,4.23,3.67,4.88,4.67,2.44,10.17,2
United Kingdom of Great Britain and Northern Ireland,GBR,2002,-1.8605,10.313,7.38,2.59,21.01,8.61,29.32,36.75,4
United Republic of Tanzania,TZA,2002,9.0525,1.139,12.76,5.43,30.0,34.57,12.45,62.73,1
United States of America,USA,2002,13.9797,16.9229,29.38,40.03,21.56,9.87,31.85,31.9,0
Uruguay,URY,2002,10.9261,20.3618,5.32,1.57,18.05,13.95,9.4,44.86,4
Uzbekistan,UZB,2002,0.2837,8.4558,2.3,0.18,29.31,24.88,48.6,20.82,3
Vanuatu,VUT,2002,15.3987,11.1726,11.1,5.7,21.63,17.66,11.06,51.81,4
Viet Nam,VNM,2002,-9.6312,8.6749,27.27,27.07,27.47,28.76,13.87,51.96,0
Yemen,YEM,2002,-8.606,9.1352,16.5,7.47,36.45,58.64,12.85,64.26,1
Zambia,ZMB,2002,4.6936,21.8067,3.01,0.28,32.43,36.63,13.96,66.67,1
Zimbabwe,ZWE,2002,-11.1088,4.7698,2.75,0.2,37.9,53.52,15.24,66.75,1
Afghanistan,AFG,2003,-12.9592,15.4634,4.24,0.25,71.96,62.31,74.38,80.39,3
Albania,ALB,2003,-14.6905,1.1557,8.74,2.38,32.06,16.53,46.97,42.45,6
Algeria,DZA,2003,-6.7639,6.2985,10.06,2.64,38.33,22.68,53.05,46.8,6
Andorra,AND,2003,5.8448,-14.3188,0.24,0.02,3.0,1.69,2.0,7.96,1
Angola,AGO,2003,0.6453,-3.7739,11.0,2.22,54.47,35.63,61.12,74.2,6
Antigua and Barbuda,ATG,2003,-7.2016,-0.083,3.75,1.21,11.62,10.98,9.6,14.88,1
Argentina,ARG,2003,-18.7446,9.4077,16.14,11.65,22.37,22.21,11.29,44.66,0
Armenia,ARM,2003,1.3223,7.5893,2.35,0.23,23.95,25.75,11.65,45.78,0
Australia,AUS,2003,-6.0274,23.95,17.97,31.86,10.13,7.93,6.95,18.84,1
Austria,AUT,2003,-17.2831,0.8972,1.31,0.17,10.08,4.93,6.47,32.12,5
Azerbaijan,AZE,2003,0.7713,8.3786,2.55,0.23,28.25,42.31,10.94,48.73,0
Bahamas,BHS,2003,-5.8193,11.4025,3.82,1.51,9.65,9.53,2.35,40.18,5
Bahrain,BHR,2003,11.8532,15.9326,0.82,0.11,6.12,4.46,2.5,20.56,1
Bangladesh,BGD,2003,11.558,-6.9351,22.29,16.68,29.79,28.34,15.41,60.51,0
Barbados,BRB,2003,-7.2522,0.3763,2.72,0.49,15.07,10.49,8.27,39.42,5
Belarus,BLR,2003,0.527,4.4694,0.92,0.05,16.93,12.56,8.13,47.48,5
Belgium,BEL,2003,5.6275,-9.0097,4.64,1.86,11.56,7.48,6.7,30.85,5
Belize,BLZ,2003,-2.4281,1.7884,7.77,2.51,24.06,27.37,11.63,43.77,0
Benin,BEN,2003,3.5089,4.0828,1.62,0.09,29.28,32.98,12.75,59.67,0
Bhutan,BTN,2003,-9.1651,4.8532,1.41,0.1,19.83,16.26,9.97,48.09,5
Bolivarian Republic of Venezuela,VEN,2003,9.1293,-1.2032,22.8,19.12,27.2,26.46,13.32,57.1,0
Bosnia and Herzegovina,BIH,2003,-0.6254,6.0295,2.73,0.34,21.94,21.49,11.32,43.44,5
Botswana,BWA,2003,3.0714,12.9682,1.48,0.09,24.44,28.39,10.59,48.53,0
Brazil,BRA,2003,-19.0033,-4.0375,10.24,6.32,16.58,19.82,11.32,20.3,1
Brunei Darussalam,BRN,2003,8.2622,-10.277,1.35,0.33,5.52,5.61,2.47,12.11,1
Bulgaria,BGR,2003,0.2181,5.3418,2.43,0.3,19.67,20.88,8.67,42.04,5
Burkina Faso,BFA,2003,3.2892,2.4244,1.6,0.07,36.45,59.95,12.47,64.8,4
Burundi,BDI,2003,-13.1977,-1.7174,3.18,0.15,67.49,62.34,69.96,70.49,3
Cambodia,KHM,2003,10.1432,7.5343,8.38,2.49,28.2,24.23,15.98,57.93,0
Cameroon,CMR,2003,2.1488,1.9537,8.35,2.03,34.38,58.72,12.52,55.27,4
Canada,CAN,2003,9.0676,15.5949,18.63,26.4,13.14,9.14,6.87,36.12,5
Cape Verde,CPV,2003,6.3457,-1.5595,1.2,0.07,20.6,16.67,11.21,46.77,5
Central African Republic,CAF,2003,7.3723,6.8837,3.32,0.16,69.0,71.51,61.13,75.16,3
Chad,TCD,2003,7.0836,6.058,2.88,0.12,69.11,67.66,69.59,70.09,3
Chile,CHL,2003,-1.8018,-14.8078,15.36,13.05,18.09,14.42,10.07,40.77,5
China,CHN,2003,20.2542,3.9881,40.18,64.22,25.14,24.37,13.82,47.19,2
Colombia,COL,2003,-3.9758,-12.5247,40.09,31.5,51.03,47.13,58.07,48.56,2
Comoros,COM,2003,6.4541,-5.5421,2.73,0.32,23.32,18.65,11.77,57.79,0
Costa Rica,CRI,2003,-8.9451,-12.5159,14.9,9.68,22.95,24.43,10.85,45.59,0
Cote d'Ivoire,CIV,2003,3.7749,2.6988,2.23,0.13,38.19,56.95,15.18,64.44,4
Croatia,HRV,2003,-0.5391,15.1383,5.26,1.6,17.26,16.21,8.72,36.37,5
Cuba,CUB,2003,-12.3805,-0.7673,9.28,4.62,18.65,19.43,7.49,44.57,5
Cyprus,CYP,2003,-15.4554,-8.8099,3.71,1.01,13.64,8.66,8.07,36.33,5
Czech Republic,CZE,2003,2.5587,17.9096,1.12,0.1,12.45,8.82,8.42,25.97,1
Democratic People's Republic of Korea,PRK,2003,-12.8473,-11.296,11.29,7.29,17.49,14.17,12.52,30.16,5
Democratic Republic of Congo,COD,2003,5.6922,4.9348,9.7,1.36,69.19,67.13,64.34,76.7,3
Denmark,DNK,2003,-2.7506,-7.2301,0.97,0.18,5.28,3.33,1.41,31.43,1
Djibouti,DJI,2003,8.329,1.785,13.88,4.17,46.2,32.77,54.36,55.34,6
Dominica,DMA,2003,-6.6716,1.1532,3.0,0.8,11.25,15.74,9.17,9.87,1
Dominican Republic,DOM,2003,-2.8025,2.2363,12.57,6.94,22.75,16.67,12.26,57.59,0
Ecuador,ECU,2003,-12.8286,13.283,19.35,14.42,25.97,26.68,12.63,51.98,0
Egypt,EGY,2003,-19.8648,4.8027,13.42,10.77,16.72,18.96,5.57,44.27,5
El Salvador,SLV,2003,15.724,3.6886,15.1,7.28,31.3,47.97,12.75,50.13,4
Equatorial Guinea,GNQ,2003,-10.2311,7.1239,3.32,0.85,12.96,10.56,3.54,58.17,5
Eritrea,ERI,2003,7.9313,2.1304,10.09,2.22,45.86,23.44,68.07,60.45,6
Estonia,EST,2003,0.4078,15.0934,1.86,0.45,7.72,5.85,2.31,34.07,5
Eswatini,SWZ,2003,-6.3245,-5.1443,1.77,0.14,22.5,22.69,13.96,35.97,5
Ethiopia,ETH,2003,2.5525,-4.9479,5.14,0.36,73.29,66.93,76.03,77.35,3
Federated States of Micronesia,FSM,2003,0.564,-11.9709,4.65,1.13,19.14,16.76,10.45,40.06,5
Fiji,FJI,2003,3.4524,-3.3112,7.59,2.83,20.35,16.06,11.09,47.35,5
Finland,FIN,2003,-15.0785,-5.6327,1.15,0.5,2.65,5.83,0.13,24.64,1
France,FRA,2003,-2.6839,-9.6938,6.03,2.72,13.37,8.05,8.39,35.36,5
Gabon,GAB,2003,-4.8243,8.2126,4.92,1.48,16.33,27.9,3.11,50.16,0
Gambia,GMB,2003,2.341,2.1777,5.01,0.69,36.41,58.71,12.45,66.04,4
Georgia,GEO,2003,1.7383,8.4256,4.07,0.75,22.1,18.46,11.79,49.57,5
Germany,DEU,2003,-16.4178,20.3406,4.75,2.01,11.22,6.24,7.11,31.83,5
Ghana,GHA,2003,0.4565,-7.0117,3.19,0.34,29.95,31.99,12.66,66.32,0
Greece,GRC,2003,12.6117,4.2285,10.29,8.45,12.52,10.03,5.49,35.66,5
Grenada,GRD,2003,-5.9544,1.2772,2.27,0.31,16.65,13.75,9.02,37.19,5
Guatemala,GTM,2003,16.5048,4.3389,10.98,4.26,28.31,29.39,13.23,58.33,0
Guinea,GIN,2003,3.0886,0.9848,8.75,1.44,53.16,35.34,60.07,70.78,6
Guinea-Bissau,GNB,2003,3.0441,0.9812,5.83,0.66,51.47,34.17,60.69,65.74,6
Guyana,GUY,2003,15.309,-0.4595,5.91,2.67,13.07,13.34,3.17,52.81,5
Haiti,HTI,2003,5.1156,9.9067,9.53,2.74,33.13,35.39,15.09,68.08,0
Honduras,HND,2003,-7.6683,10.6482,16.74,8.92,31.4,39.62,13.97,55.94,0
Hungary,HUN,2003,-0.7952,1.1111,1.0,0.11,9.17,9.01,8.84,9.69,1
Iceland,ISL,2003,9.694,9.6663,2.28,0.67,7.77,4.34,4.23,25.59,1
India,IND,2003,8.0352,-8.1422,45.42,35.86,57.53,52.18,59.06,61.78,2
Indonesia,IDN,2003,-9.3445,19.8813,42.11,39.42,44.98,27.33,59.01,56.44,2
Iran (Islamic Republic of),IRN,2003,-8.2064,-6.9501,17.73,12.21,25.74,24.89,55.86,12.27,6
Iraq,IRQ,2003,-2.7066,17.1076,7.89,1.69,36.81,49.59,16.05,62.69,4
Ireland,IRL,2003,7.8463,-3.654,4.13,1.47,11.59,7.3,6.06,35.19,5
Israel,ISR,2003,6.809,12.2132,4.32,0.88,21.25,9.92,30.2,32.03,5
Italy,ITA,2003,11.7974,-9.2032,10.26,8.83,11.92,6.28,8.21,32.88,5
Jamaica,JAM,2003,5.9274,-0.4598,4.4,1.12,17.31,15.19,11.44,29.83,5
Japan,JPN,2003,17.9542,13.1438,22.13,43.92,11.15,7.31,7.57,25.05,1
Jordan,JOR,2003,15.1146,14.8779,3.13,0.56,17.46,11.54,11.16,41.34,5
Kazakhstan,KAZ,2003,2.6425,9.499,1.88,0.25,14.18,23.49,10.54,11.52,1
Kenya,KEN,2003,7.8015,0.8863,14.13,3.23,61.77,59.49,60.87,65.07,3
Kiribati,KIR,2003,-13.8118,6.965,3.84,0.69,21.34,16.53,11.97,49.12,5
Kuwait,KWT,2003,-6.4509,20.9673,2.35,1.03,5.35,4.89,2.33,13.44,1
Kyrgyzstan,KGZ,2003,0.6069,8.4473,3.07,0.22,42.81,44.21,41.47,42.78,6
Lao People's Democratic Republic,LAO,2003,-10.6547,13.9917,3.3,0.38,28.58,22.93,15.2,66.97,0
Latvia,LVA,2003,0.3084,15.1405,2.68,0.79,9.07,9.35,2.35,33.97,5
Lebanon,LBN,2003,-4.976,1.7984,3.65,0.37,36.01,23.71,43.01,45.8,6
Lesotho,LSO,2003,-10.2146,4.9856,1.32,0.07,24.91,18.4,13.41,62.68,0
Liberia,LBR,2003,5.5003,4.5614,4.71,0.54,41.14,60.86,16.57,69.05,4
Libyan Arab Jamahiriya,LBY,2003,-2.9608,7.3603,8.99,5.0,16.18,35.52,2.96,40.29,0
Liechtenstein,LIE,2003,14.1168,21.9866,0.79,0.09,6.97,6.15,1.97,27.95,1
Lithuania,LTU,2003,0.5309,15.1136,2.35,0.65,8.49,7.72,2.23,35.51,5
Luxembourg,LUX,2003,17.1608,-4.8589,0.56,0.06,5.17,4.95,1.66,16.8,1
Madagascar,MDG,2003,-11.8195,-3.4037,21.45,17.66,26.05,19.82,14.12,63.2,0
Malawi,MWI,2003,-4.3023,10.1126,3.33,0.34,32.52,34.58,14.66,67.86,0
Malaysia,MYS,2003,18.6503,9.7894,13.29,8.6,20.53,23.15,9.85,37.93,5
Maldives,MDV,2003,-5.5593,0.8026,1.11,0.11,11.29,13.2,2.74,39.75,5
Mali,MLI,2003,3.319,2.3803,1.71,0.08,36.7,60.6,12.9,63.25,4
Malta,MLT,2003,-14.4535,-9.1076,1.02,0.15,6.99,4.65,1.87,39.2,5
Marshall Islands,MHL,2003,-13.6945,7.1232,2.47,0.5,12.22,16.8,2.81,38.68,5
Mauritania,MRT,2003,1.0719,-4.8296,9.25,2.94,29.08,30.18,13.81,58.98,0
Mauritius,MUS,2003,8.0238,22.03,3.03,0.73,12.59,12.33,9.26,17.48,1
Mexico,MEX,2003,18.7791,-1.5018,37.05,49.76,27.59,42.42,11.93,41.49,2
Monaco,MCO,2003,12.3585,13.441,0.19,0.02,1.88,2.25,0.66,4.48,1
Mongolia,MNG,2003,-6.3172,4.2351,2.03,0.21,19.7,15.57,11.92,41.22,5
Montenegro,MNE,2003,0.2671,5.2268,3.03,0.82,11.22,12.18,2.56,45.35,5
Morocco,MAR,2003,16.2582,5.0977,13.68,7.69,24.34,24.51,12.3,47.85,0
Mozambique,MOZ,2003,9.9579,0.9147,27.2,18.27,40.49,64.09,14.88,69.59,4
Myanmar,MMR,2003,-4.3551,-7.8285,37.5,23.5,59.83,56.01,56.98,67.12,2
Namibia,NAM,2003,-16.8176,11.9045,7.65,1.32,44.33,32.38,47.76,56.32,6
Nauru,NRU,2003,-13.1263,10.0676,0.99,0.11,8.9,7.53,2.61,35.83,5
Nepal,NPL,2003,1.8247,-4.4351,3.48,0.24,50.42,33.92,59.57,63.42,6
Netherlands,NLD,2003,-10.4011,-5.7317,3.72,2.21,6.27,7.5,1.17,28.15,1
New Zealand,NZL,2003,-1.526,26.1555,13.16,18.03,9.61,6.77,6.15,21.31,1
Nicaragua,NIC,2003,-7.8618,10.6838,22.68,18.36,28.02,29.75,13.17,56.13,0
Niger,NER,2003,3.4801,2.2451,1.64,0.07,38.22,48.92,15.68,72.77,4
Nigeria,NGA,2003,3.0892,1.9401,7.15,1.3,39.38,57.44,14.38,73.96,4
North Macedonia,MKD,2003,0.4123,6.5106,1.79,0.1,31.94,19.83,41.75,39.35,6
Norway,NOR,2003,11.3737,-3.635,3.2,1.06,9.65,5.2,5.8,29.75,1
Oman,OMN,2003,-9.6964,-9.3757,7.57,6.65,8.62,11.41,4.47,12.56,1
Pakistan,PAK,2003,10.1318,-6.7929,26.02,13.02,52.01,37.69,58.45,63.88,6
Palau,PLW,2003,4.89,14.1014,1.49,0.35,6.35,13.29,2.51,7.69,1
Panama,PAN,2003,6.2548,-11.9332,17.7,16.05,19.52,20.89,10.88,32.71,5
Papua New Guinea,PNG,2003,-5.2187,6.8403,26.43,18.89,36.98,57.12,13.33,66.4,4
Paraguay,PRY,2003,5.4271,-3.6501,1.85,0.14,24.36,20.77,13.28,52.38,0
Peru,PER,2003,9.8533,-1.8948,25.04,16.6,37.78,21.16,51.71,49.27,6
Philippines,PHL,2003,20.4716,8.1201,44.67,40.54,49.21,38.95,57.11,53.58,2
Plurinational State of Bolivia,BOL,2003,-9.1747,17.8201,3.1,0.35,27.51,29.2,13.12,54.32,0
Poland,POL,2003,-0.4334,15.4709,4.79,1.75,13.1,12.59,8.47,21.07,1
Portugal,PRT,2003,18.0682,0.6321,5.95,3.14,11.29,7.77,8.1,22.87,1
Qatar,QAT,2003,9.5216,12.1658,1.01,0.14,7.27,5.36,2.43,29.49,1
Republic of Congo,COG,2003,0.3846,-2.3401,5.41,0.49,59.71,59.6,60.11,59.42,3
Republic of Korea,KOR,2003,-13.1036,18.9779,9.77,10.05,9.49,2.77,10.08,30.58,1
Republic of Moldova,MDA,2003,-1.8492,5.1041,1.47,0.1,21.67,18.23,12.6,44.31,5
Romania,ROU,2003,2.7558,10.1849,3.47,0.69,17.42,11.68,10.27,44.08,5
Russian Federation,RUS,2003,15.2139,-8.2348,31.67,29.13,34.44,21.66,45.37,41.56,2
Rwanda,RWA,2003,-4.9856,14.899,2.87,0.16,51.48,34.71,63.99,61.44,6
Saint Kitts and Nevis,KNA,2003,-7.4477,-0.5137,2.26,0.53,9.61,6.75,9.37,14.02,1
Saint Lucia,LCA,2003,-5.8929,1.307,2.84,0.46,17.55,14.5,8.86,42.07,5
Saint Vincent and the Grenadines,VCT,2003,-6.2558,0.8253,2.33,0.44,12.37,15.52,8.86,13.78,1
Samoa,WSM,2003,6.4919,17.4492,3.17,0.81,12.41,15.25,2.61,47.98,5
San Marino,SMR,2003,-7.3161,8.4902,0.35,0.03,4.1,2.33,1.87,15.86,1
Sao Tome and Principe,STP,2003,9.8139,5.2303,0.53,0.02,13.97,16.52,3.05,54.13,5
Saudi Arabia,SAU,2003,-2.7978,6.8704,9.42,5.18,17.14,14.95,9.89,34.07,5
Senegal,SEN,2003,3.77,-0.4348,5.58,1.04,29.97,33.41,54.06,14.91,6
Serbia,SRB,2003,1.5652,7.0972,1.98,0.17,22.95,22.9,11.82,44.66,5
Seychelles,SYC,2003,-4.4518,5.3059,3.34,1.05,10.65,11.0,9.74,11.29,1
Sierra Leone,SLE,2003,2.6115,0.8088,6.8,1.11,41.71,36.17,29.28,68.53,4
Singapore,SGP,2003,-6.152,17.3111,0.8,0.15,4.32,2.56,1.31,24.01,1
Slovakia,SVK,2003,3.016,18.5284,1.08,0.1,11.57,10.76,8.6,16.73,1
Slovenia,SVN,2003,2.4056,18.0285,1.55,0.31,7.8,6.87,2.11,32.76,5
Solomon Islands,SLB,2003,-1.7424,19.2528,16.74,9.63,29.09,38.99,10.75,58.74,0
Somalia,SOM,2003,6.9873,15.6308,24.81,8.52,72.23,66.19,72.95,78.05,3
South Africa,ZAF,2003,-16.0247,4.8066,9.0,3.12,25.97,28.16,10.96,56.75,0
South Sudan,SSD,2003,6.0345,24.6636,2.25,0.24,21.05,38.42,3.48,69.81,0
Spain,ESP,2003,12.692,3.3341,8.12,7.84,8.4,7.21,3.95,20.8,1
Sri Lanka,LKA,2003,-5.4795,18.6578,7.59,1.34,42.95,45.73,54.56,31.75,6
Sudan,SDN,2003,-1.6838,-2.9356,10.12,1.64,62.46,57.66,68.13,62.02,3
Suriname,SUR,2003,1.6234,-2.2385,4.93,1.81,13.42,16.01,2.86,52.79,5
Sweden,SWE,2003,10.4549,-4.0029,2.25,1.07,4.75,6.16,1.55,11.24,1
Switzerland,CHE,2003,11.0687,-11.7137,1.21,0.16,9.22,4.94,5.68,27.97,1
Syrian Arab Republic,SYR,2003,15.6126,3.6137,8.7,2.54,29.79,42.03,12.29,51.18,0
Tajikistan,TJK,2003,0.4117,8.3455,3.4,0.23,50.2,38.64,53.76,60.9,6
Thailand,THA,2003,0.0182,19.7383,21.89,13.89,34.5,20.62,50.12,39.72,6
Timor-Leste,TLS,2003,-0.0838,12.1334,9.75,2.81,33.82,52.21,11.81,62.75,4
Togo,TGO,2003,3.6307,3.542,1.45,0.07,29.98,33.4,13.95,57.81,0
Tonga,TON,2003,3.8742,-3.1397,5.05,1.33,19.21,15.54,11.49,39.68,5
Trinidad and Tobago,TTO,2003,-5.2737,3.0277,2.27,0.49,10.52,8.64,2.85,47.31,5
Tunisia,TUN,2003,-14.4325,1.8054,7.6,3.45,16.74,15.7,10.39,28.77,5
Turkey,TUR,2003,-3.143,16.1429,19.53,9.0,42.38,30.66,48.3,51.39,6
Turkmenistan,TKM,2003,14.626,8.5908,1.5,0.17,13.24,14.32,3.01,53.86,5
Tuvalu,TUV,2003,-13.8652,9.0161,1.33,0.15,11.84,16.17,2.65,38.71,5
Uganda,UGA,2003,2.1051,-7.9609,3.86,0.23,64.68,65.12,60.65,68.52,3
Ukraine,UKR,2003,0.9559,4.7809,2.84,0.48,16.76,24.92,10.69,17.68,1
United Arab Emirates,ARE,2003,9.3965,11.8571,4.23,3.66,4.9,4.67,2.47,10.19,1
United Kingdom of Great Britain and Northern Ireland,GBR,2003,-1.8849,10.5411,5.82,2.59,13.08,8.6,7.13,36.53,5
United Republic of Tanzania,TZA,2003,9.0525,1.1441,12.94,5.43,30.86,34.52,14.41,59.09,0
United States of America,USA,2003,13.9803,16.9233,29.77,39.97,22.18,10.18,32.58,32.91,2
Uruguay,URY,2003,10.929,20.3587,5.35,1.57,18.25,14.12,9.19,46.81,5
Uzbekistan,UZB,2003,0.2772,8.4549,2.44,0.18,33.11,25.1,49.19,29.41,6
Vanuatu,VUT,2003,15.3904,11.1806,11.2,5.69,22.05,17.73,11.25,53.77,0
Viet Nam,VNM,2003,-9.6184,8.6887,25.01,26.94,23.21,28.64,13.95,31.28,0
Yemen,YEM,2003,-8.6025,9.1361,16.53,7.49,36.49,58.43,12.79,65.03,4
Zambia,ZMB,2003,4.6901,21.8032,2.94,0.27,31.97,36.65,13.36,66.76,0
Zimbabwe,ZWE,2003,-11.1157,4.7634,2.75,0.2,37.68,53.93,15.35,64.6,4
Afghanistan,AFG,2004,-12.9154,15.4184,4.21,0.25,70.78,62.64,72.7,77.86,4
Albania,ALB,2004,-14.7828,0.9304,6.87,2.35,20.1,16.55,11.97,41.01,0
Algeria,DZA,2004,-6.7519,6.3084,10.05,2.63,38.41,22.36,53.36,47.48,3
Andorra,AND,2004,5.8416,-14.3164,0.26,0.02,3.4,2.47,2.05,7.77,6
Angola,AGO,2004,0.626,-3.7517,11.09,2.24,54.88,35.27,63.68,73.58,4
Antigua and Barbuda,ATG,2004,-7.2224,0.0252,3.42,1.21,9.67,10.9,2.45,33.87,6
Argentina,ARG,2004,-18.7486,9.4028,15.88,11.66,21.62,21.94,11.39,40.42,0
Armenia,ARM,2004,1.3322,7.5396,2.36,0.23,24.26,25.5,11.75,47.64,0
Australia,AUS,2004,-6.0038,23.9268,17.85,31.9,9.99,7.95,6.65,18.85,6
Austria,AUT,2004,-17.2987,0.9123,1.32,0.17,10.22,4.85,6.45,34.08,6
Azerbaijan,AZE,2004,0.7433,8.3567,2.57,0.23,28.69,42.27,11.0,50.81,2
Bahamas,BHS,2004,-5.8232,11.3976,4.67,1.51,14.47,9.51,8.87,35.95,0
Bahrain,BHR,2004,11.8419,15.9475,0.95,0.14,6.49,5.42,2.5,20.18,6
Bangladesh,BGD,2004,11.5629,-6.9404,21.06,16.68,26.58,29.37,16.35,39.12,5
Barbados,BRB,2004,-7.0641,0.207,2.5,0.49,12.74,10.52,8.25,23.84,6
Belarus,BLR,2004,0.6039,4.3368,0.64,0.05,8.09,12.15,2.44,17.83,6
Belgium,BEL,2004,5.6296,-9.0116,4.66,1.86,11.67,7.5,6.82,31.07,6
Belize,BLZ,2004,-2.4143,1.773,8.5,3.03,23.83,26.92,11.77,42.7,0
Benin,BEN,2004,3.4974,4.1002,1.29,0.09,18.54,32.75,3.37,57.76,2
Bhutan,BTN,2004,-9.1585,4.8477,1.41,0.1,19.96,16.01,9.85,50.41,0
Bolivarian Republic of Venezuela,VEN,2004,9.119,-1.1947,22.32,19.11,26.06,25.82,12.46,54.98,5
Bosnia and Herzegovina,BIH,2004,-0.6463,6.0074,2.63,0.34,20.31,17.48,11.58,41.38,0
Botswana,BWA,2004,3.0904,12.9869,1.49,0.09,24.53,28.49,10.86,47.72,0
Brazil,BRA,2004,-19.0047,-4.0352,10.22,6.33,16.5,19.69,11.55,19.75,6
Brunei Darussalam,BRN,2004,8.262,-10.2768,1.46,0.33,6.49,5.55,2.39,20.65,6
Bulgaria,BGR,2004,0.1958,5.3118,2.22,0.3,16.38,21.0,4.67,44.82,0
Burkina Faso,BFA,2004,3.3002,2.4178,1.56,0.07,34.69,59.16,12.41,56.87,2
Burundi,BDI,2004,-13.2011,-1.7197,3.13,0.15,65.37,62.06,65.0,69.25,4
Cambodia,KHM,2004,10.1471,7.5307,8.81,2.49,31.17,31.21,15.93,60.9,2
Cameroon,CMR,2004,2.1478,1.9584,8.17,2.03,32.87,58.22,11.92,51.17,2
Canada,CAN,2004,9.0978,15.6247,18.6,26.37,13.12,9.14,7.05,35.01,5
Cape Verde,CPV,2004,6.3457,-1.5557,1.2,0.07,20.57,16.66,11.03,47.36,0
Central African Republic,CAF,2004,7.3638,6.8881,3.29,0.16,67.82,71.24,60.35,72.56,4
Chad,TCD,2004,7.0714,6.0466,2.91,0.12,70.68,68.24,68.81,75.19,4
Chile,CHL,2004,-1.8051,-14.8046,15.17,13.08,17.59,14.43,9.96,37.85,0
China,CHN,2004,20.2568,3.9909,40.49,64.27,25.51,23.85,13.81,50.43,5
Colombia,COL,2004,-3.9959,-12.5042,39.98,31.63,50.54,46.89,56.59,48.64,1
Comoros,COM,2004,6.4695,-5.5265,2.74,0.32,23.49,18.7,11.66,59.44,0
Costa Rica,CRI,2004,-8.9468,-12.5176,14.92,9.7,22.96,24.11,10.82,46.39,0
Cote d'Ivoire,CIV,2004,3.7984,2.6773,2.21,0.13,37.71,56.59,15.64,60.61,2
Croatia,HRV,2004,-0.4768,15.137,5.18,1.6,16.76,15.84,8.51,34.9,0
Cuba,CUB,2004,-12.4026,-0.7894,9.21,4.59,18.5,19.25,7.46,44.09,0
Cyprus,CYP,2004,-15.4565,-8.8089,3.66,1.01,13.26,8.49,8.11,33.85,6
Czech Republic,CZE,2004,2.5964,17.8917,1.21,0.1,14.57,10.97,8.58,32.86,6
Democratic People's Republic of Korea,PRK,2004,-12.8395,-11.2884,10.68,7.29,15.65,9.22,12.69,32.76,6
Democratic Republic of Congo,COD,2004,5.6745,4.905,9.45,1.35,66.17,66.01,62.22,70.53,4
Denmark,DNK,2004,-2.7485,-7.2275,0.89,0.18,4.38,3.28,0.86,29.81,6
Djibouti,DJI,2004,8.7144,2.1638,11.11,4.18,29.52,32.36,13.86,57.35,2
Dominica,DMA,2004,-6.6487,1.1799,2.99,0.8,11.17,15.76,8.67,10.19,6
Dominican Republic,DOM,2004,-2.8255,2.2604,12.67,6.96,23.05,16.71,12.44,58.91,0
Ecuador,ECU,2004,-12.8315,13.2798,19.21,14.46,25.51,26.51,12.58,49.75,5
Egypt,EGY,2004,-19.8789,4.7886,13.64,10.78,17.27,18.96,5.58,48.72,0
El Salvador,SLV,2004,15.7603,3.7282,14.69,7.37,29.3,37.17,12.72,53.21,2
Equatorial Guinea,GNQ,2004,-10.2444,7.1117,3.42,0.85,13.78,13.08,3.57,56.09,0
Eritrea,ERI,2004,7.7032,2.3484,9.51,2.21,40.95,23.07,53.25,55.9,3
Estonia,EST,2004,6.7546,9.6924,2.04,0.45,9.21,9.78,2.28,35.0,6
Eswatini,SWZ,2004,-6.3067,-5.1624,1.77,0.14,22.29,22.53,14.14,34.74,0
Ethiopia,ETH,2004,2.5514,-4.9618,5.03,0.36,70.16,66.33,72.93,71.4,4
Federated States of Micronesia,FSM,2004,0.5373,-11.9439,4.75,1.13,19.93,16.56,10.51,45.45,0
Fiji,FJI,2004,3.4412,-3.3009,7.52,2.82,20.04,16.06,11.19,44.8,0
Finland,FIN,2004,-15.0852,-5.6409,1.33,0.5,3.55,5.76,0.4,19.48,6
France,FRA,2004,-2.6617,-9.7037,5.42,2.71,10.84,7.93,7.28,22.08,6
Gabon,GAB,2004,-4.8274,8.2087,4.86,1.48,15.95,28.93,3.13,44.83,0
Gambia,GMB,2004,2.3524,2.1766,5.02,0.69,36.54,58.7,12.57,66.11,2
Georgia,GEO,2004,0.873,7.7488,5.26,0.75,36.92,21.9,45.92,50.03,3
Germany,DEU,2004,-16.4241,20.3469,4.78,2.0,11.43,6.32,7.15,33.05,6
Ghana,GHA,2004,0.4323,-7.0346,3.16,0.34,29.43,32.01,12.26,64.92,2
Greece,GRC,2004,12.6109,4.2519,10.01,8.44,11.87,9.95,4.99,33.69,6
Grenada,GRD,2004,-5.9735,1.249,2.39,0.31,18.37,13.92,10.7,41.62,0
Guatemala,GTM,2004,16.5149,4.3452,10.99,4.27,28.29,29.15,13.27,58.52,2
Guinea,GIN,2004,3.0413,0.9362,8.79,1.43,54.06,34.76,61.6,73.79,4
Guinea-Bissau,GNB,2004,1.7632,0.8233,4.51,0.66,30.76,33.84,14.8,58.1,2
Guyana,GUY,2004,15.3139,-0.4638,5.89,2.67,13.01,13.39,3.18,51.7,0
Haiti,HTI,2004,5.0357,9.8183,12.61,2.74,58.0,44.8,62.21,70.02,4
Honduras,HND,2004,-7.6592,10.6409,16.67,8.91,31.19,39.76,13.75,55.51,2
Hungary,HUN,2004,-0.8053,1.0999,0.99,0.11,8.98,8.76,8.37,9.89,6
Iceland,ISL,2004,9.6837,9.6552,2.01,0.67,6.01,4.29,4.68,10.8,6
India,IND,2004,8.0368,-8.1418,45.26,35.79,57.23,51.76,59.4,60.98,1
Indonesia,IDN,2004,-9.351,19.8747,41.97,39.38,44.74,27.22,59.31,55.46,1
Iran (Islamic Republic of),IRN,2004,-8.2499,-6.9028,18.49,12.26,27.9,24.42,51.13,17.4,3
Iraq,IRQ,2004,-2.7171,17.1326,9.85,1.7,57.04,50.46,58.13,63.27,4
Ireland,IRL,2004,7.8468,-3.6534,4.08,1.47,11.32,7.14,6.38,31.87,6
Israel,ISR,2004,6.8024,12.1994,4.26,0.88,20.67,9.66,30.24,30.23,0
Italy,ITA,2004,11.8015,-9.2085,9.94,8.82,11.21,5.27,8.31,32.14,6
Jamaica,JAM,2004,5.8942,-0.4125,4.78,1.12,20.36,15.11,12.46,44.8,0
Japan,JPN,2004,17.9438,13.1331,15.73,43.94,5.63,7.16,7.63,3.26,6
Jordan,JOR,2004,15.0928,14.8574,3.16,0.57,17.57,11.54,11.03,42.64,0
Kazakhstan,KAZ,2004,2.6428,9.4999,2.03,0.25,16.55,23.05,10.67,18.43,6
Kenya,KEN,2004,7.8163,0.9017,14.0,3.24,60.52,59.19,56.26,66.56,4
Kiribati,KIR,2004,-13.8572,6.9184,3.01,0.69,13.13,16.35,2.9,47.73,0
Kuwait,KWT,2004,-6.4934,20.9238,2.66,1.03,6.86,4.74,2.32,29.42,6
Kyrgyzstan,KGZ,2004,0.57,8.465,2.89,0.22,37.94,44.01,42.21,29.4,3
Lao People's Democratic Republic,LAO,2004,-10.6621,13.9844,3.45,0.38,31.3,30.68,15.08,66.26,2
Latvia,LVA,2004,-6.1204,13.9164,2.42,0.79,7.41,11.02,2.38,15.54,6
Lebanon,LBN,2004,-5.0764,1.7285,2.9,0.37,22.71,23.08,11.09,45.78,0
Lesotho,LSO,2004,-10.2384,5.0033,1.31,0.07,24.35,18.46,12.99,60.22,0
Liberia,LBR,2004,5.4835,4.5552,4.68,0.54,40.63,60.8,16.84,65.52,2
Libyan Arab Jamahiriya,LBY,2004,-2.9606,7.3577,8.86,5.0,15.71,36.05,2.95,36.43,0
Liechtenstein,LIE,2004,14.1474,22.0173,0.78,0.09,6.74,5.88,1.85,28.12,6
Lithuania,LTU,2004,0.5572,15.1129,2.37,0.65,8.61,8.08,2.27,34.82,6
Luxembourg,LUX,2004,17.1373,-4.8825,0.54,0.06,4.81,5.95,1.67,11.18,6
Madagascar,MDG,2004,-11.8146,-3.3981,21.88,17.64,27.14,19.92,14.57,68.84,5
Malawi,MWI,2004,-4.3511,10.1074,3.31,0.34,32.16,33.97,14.78,66.27,2
Malaysia,MYS,2004,18.6575,9.7822,13.46,8.6,21.07,23.19,10.2,39.56,0
Maldives,MDV,2004,-5.5062,0.5357,1.43,0.11,18.52,13.09,11.22,43.25,0
Mali,MLI,2004,3.3024,2.3756,1.73,0.08,37.3,60.52,12.93,66.3,2
Malta,MLT,2004,-14.449,-9.1077,1.04,0.15,7.21,4.56,2.07,39.72,6
Marshall Islands,MHL,2004,-13.6944,7.1271,2.54,0.5,12.93,16.79,2.8,45.98,0
Mauritania,MRT,2004,1.0495,-4.8385,9.35,2.93,29.86,30.07,14.28,62.0,2
Mauritius,MUS,2004,8.0187,22.0252,3.48,0.72,16.82,12.96,9.02,40.71,0
Mexico,MEX,2004,18.8238,-1.5469,35.45,49.8,25.24,33.0,11.78,41.34,5
Monaco,MCO,2004,12.3642,13.4466,0.18,0.02,1.67,1.6,0.63,4.6,6
Mongolia,MNG,2004,-6.3334,4.2517,1.79,0.21,15.27,15.42,12.15,19.01,6
Montenegro,MNE,2004,0.2458,5.2182,3.0,0.82,10.99,12.09,2.54,43.19,0
Morocco,MAR,2004,16.2549,5.1121,12.8,7.68,21.32,18.66,11.49,45.23,0
Mozambique,MOZ,2004,9.9336,0.9361,27.25,18.23,40.74,63.09,15.12,70.86,2
Myanmar,MMR,2004,-4.315,-7.7892,35.5,23.43,53.8,43.26,58.44,61.61,1
Namibia,NAM,2004,-16.8196,11.9064,7.61,1.32,43.84,32.16,47.64,54.99,3
Nauru,NRU,2004,-13.1223,10.0687,0.98,0.11,8.77,7.53,2.61,34.27,6
Nepal,NPL,2004,1.8342,-4.4375,3.51,0.24,51.34,33.52,64.99,62.13,4
Netherlands,NLD,2004,-10.4051,-5.7271,3.73,2.21,6.28,7.62,1.19,27.37,6
New Zealand,NZL,2004,-1.5808,26.2113,13.87,18.05,10.66,6.6,6.06,30.29,6
Nicaragua,NIC,2004,-7.8804,10.6861,22.76,18.38,28.18,29.55,13.04,58.07,5
Niger,NER,2004,4.0407,1.7306,1.99,0.07,56.53,49.08,62.01,59.35,4
Nigeria,NGA,2004,3.2574,1.5868,8.99,1.3,62.14,56.89,56.68,74.42,4
North Macedonia,MKD,2004,0.4313,6.5522,1.8,0.1,32.54,19.8,44.95,38.72,3
Norway,NOR,2004,11.4374,-3.6407,2.79,1.05,7.4,5.05,3.08,26.05,6
Oman,OMN,2004,-9.684,-9.3633,7.85,6.66,9.26,13.44,4.43,13.33,6
Pakistan,PAK,2004,10.1255,-6.797,26.05,13.02,52.12,37.38,58.62,64.61,1
Palau,PLW,2004,4.8899,14.101,1.71,0.36,8.13,13.29,2.5,16.18,6
Panama,PAN,2004,6.25,-11.9289,18.3,15.96,20.98,20.86,11.06,40.04,5
Papua New Guinea,PNG,2004,-5.2087,6.8502,25.96,18.91,35.64,56.73,13.15,60.7,2
Paraguay,PRY,2004,5.4207,-3.6424,1.81,0.14,23.44,20.66,12.74,48.93,0
Peru,PER,2004,-12.812,13.2985,20.19,16.6,24.56,20.97,13.45,52.53,5
Philippines,PHL,2004,20.4684,8.1273,45.13,40.46,50.33,38.66,59.0,55.9,1
Plurinational State of Bolivia,BOL,2004,-9.1735,17.8192,3.11,0.35,27.59,28.8,13.26,55.02,2
Poland,POL,2004,-0.438,15.487,4.6,1.75,12.09,12.69,8.68,16.05,6
Portugal,PRT,2004,18.0488,0.6513,6.4,3.13,13.07,7.62,8.47,34.6,6
Qatar,QAT,2004,9.5284,12.1831,1.02,0.14,7.44,5.63,2.43,30.06,6
Republic of Congo,COG,2004,0.367,-2.3218,5.32,0.48,58.9,59.7,55.95,61.17,4
Republic of Korea,KOR,2004,-13.1188,18.9933,9.23,10.05,8.47,4.31,9.88,14.27,6
Republic of Moldova,MDA,2004,-1.8596,5.1012,1.46,0.1,21.44,17.99,12.73,43.06,0
Romania,ROU,2004,2.7583,10.1962,3.48,0.69,17.52,11.64,10.4,44.44,0
Russian Federation,RUS,2004,15.2169,-8.239,30.34,29.07,31.67,17.98,44.08,40.06,5
Rwanda,RWA,2004,-4.9865,14.8994,2.89,0.16,52.24,34.84,62.02,65.96,4
Saint Kitts and Nevis,KNA,2004,-7.5393,-0.6384,2.08,0.53,8.16,6.5,2.53,33.03,6
Saint Lucia,LCA,2004,-5.7355,1.523,2.24,0.46,10.89,11.69,2.56,43.14,0
Saint Vincent and the Grenadines,VCT,2004,-6.2619,0.8829,2.46,0.44,13.7,15.56,9.28,17.79,6
Samoa,WSM,2004,6.5177,17.4763,3.23,0.81,12.92,15.0,2.69,53.44,0
San Marino,SMR,2004,-7.3214,8.4956,0.35,0.03,4.09,2.35,1.84,15.77,6
Sao Tome and Principe,STP,2004,9.8627,5.2808,0.49,0.02,11.97,16.34,3.04,34.5,6
Saudi Arabia,SAU,2004,-2.7396,6.8081,11.73,5.2,26.47,14.8,39.9,31.39,3
Senegal,SEN,2004,3.7646,-0.4399,6.84,1.04,44.98,32.94,52.57,52.56,3
Serbia,SRB,2004,1.732,7.1699,1.56,0.17,14.25,22.67,2.8,45.56,0
Seychelles,SYC,2004,-4.4633,5.3157,3.34,1.05,10.65,11.05,9.8,11.14,6
Sierra Leone,SLE,2004,2.517,0.775,6.16,1.11,34.19,35.84,15.45,72.16,2
Singapore,SGP,2004,-6.1601,17.3201,0.81,0.15,4.39,2.53,1.26,26.53,6
Slovakia,SVK,2004,3.0139,18.5337,1.07,0.1,11.52,11.05,8.32,16.63,6
Slovenia,SVN,2004,2.4999,17.8665,1.81,0.31,10.52,7.13,7.24,22.55,6
Solomon Islands,SLB,2004,-1.7438,19.2502,16.14,9.62,27.07,31.09,11.28,56.56,2
Somalia,SOM,2004,6.9765,15.6195,24.89,8.47,73.16,67.16,74.05,78.73,4
South Africa,ZAF,2004,-16.011,4.8214,8.37,2.67,26.24,27.87,12.54,51.69,0
South Sudan,SSD,2004,6.0303,24.659,2.25,0.24,21.06,38.07,3.43,71.55,2
Spain,ESP,2004,12.729,3.3098,8.7,7.82,9.68,7.22,4.03,31.18,6
Sri Lanka,LKA,2004,-5.4777,18.6544,8.12,1.33,49.54,45.46,55.57,48.14,3
Sudan,SDN,2004,-1.7199,-2.9001,10.12,1.64,62.5,57.82,67.63,62.43,4
Suriname,SUR,2004,1.6282,-2.2537,4.88,1.81,13.16,15.97,2.83,50.46,0
Sweden,SWE,2004,10.4552,-4.0035,2.25,1.07,4.75,6.4,1.55,10.78,6
Switzerland,CHE,2004,11.0695,-11.715,1.19,0.16,8.91,4.82,5.19,28.26,6
Syrian Arab Republic,SYR,2004,15.6188,3.6235,9.65,2.53,36.82,44.95,21.91,50.69,2
Tajikistan,TJK,2004,0.3856,8.3602,3.46,0.23,51.92,45.9,54.67,55.78,4
Thailand,THA,2004,0.0147,19.735,22.73,13.93,37.09,25.0,51.05,39.97,3
Timor-Leste,TLS,2004,-0.0927,12.1245,9.63,2.82,32.87,51.52,11.81,58.39,2
Togo,TGO,2004,3.6003,3.5634,1.16,0.07,19.14,33.33,3.65,57.68,2
Tonga,TON,2004,3.9584,-3.065,4.12,1.33,12.77,15.39,11.31,11.95,6
Trinidad and Tobago,TTO,2004,-5.273,3.0259,2.77,0.49,15.7,8.43,10.07,45.61,0
Tunisia,TUN,2004,-14.452,1.7805,7.49,3.41,16.43,15.35,10.41,27.74,6
Turkey,TUR,2004,-3.174,16.1153,19.1,8.98,40.64,30.38,46.08,47.94,3
Turkmenistan,TKM,2004,14.6341,8.591,1.47,0.17,12.78,14.27,3.1,47.21,0
Tuvalu,TUV,2004,-13.856,9.017,1.31,0.15,11.42,15.97,2.7,34.53,6
Uganda,UGA,2004,2.105,-7.961,3.82,0.23,63.54,64.76,60.82,65.14,4
Ukraine,UKR,2004,0.9532,4.803,2.84,0.48,16.75,24.89,10.67,17.71,6
United Arab Emirates,ARE,2004,9.3791,11.8332,4.09,3.67,4.55,3.62,2.49,10.48,6
United Kingdom of Great Britain and Northern Ireland,GBR,2004,-1.8712,10.5257,5.77,2.59,12.84,8.37,7.2,35.15,6
United Republic of Tanzania,TZA,2004,9.0361,1.1529,12.93,5.43,30.81,34.34,14.41,59.13,2
United States of America,USA,2004,13.9806,16.9244,29.85,40.02,22.26,10.16,33.22,32.69,5
Uruguay,URY,2004,10.931,20.3566,5.31,1.56,18.1,14.33,9.48,43.62,0
Uzbekistan,UZB,2004,0.2481,8.4912,2.13,0.18,25.3,24.67,50.27,13.06,3
Vanuatu,VUT,2004,15.3862,11.1849,11.22,5.73,21.98,17.67,11.96,50.23,0
Viet Nam,VNM,2004,-9.65,8.6563,25.65,26.97,24.39,21.62,13.77,48.71,5
Yemen,YEM,2004,-8.6057,9.1357,14.72,7.46,29.03,57.89,6.5,65.03,2
Zambia,ZMB,2004,4.6882,21.8014,2.95,0.27,32.29,36.65,13.48,68.17,2
Zimbabwe,ZWE,2004,-11.1314,4.7475,2.79,0.2,39.02,53.17,15.39,72.61,2
Afghanistan,AFG,2005,-12.9043,15.4062,4.15,0.25,69.04,62.41,69.01,76.42,1
Albania,ALB,2005,-14.7858,0.926,6.89,2.36,20.11,16.13,12.63,39.94,0
Algeria,DZA,2005,-6.7129,6.3469,9.84,2.63,36.82,21.86,52.58,43.43,4
Andorra,AND,2005,5.8428,-14.3172,0.3,0.02,4.5,2.43,2.04,18.37,2
Angola,AGO,2005,0.6554,-3.7792,11.1,2.26,54.51,34.7,62.66,74.49,1
Antigua and Barbuda,ATG,2005,-7.192,-0.1889,3.19,1.21,8.43,10.62,2.53,22.26,2
Argentina,ARG,2005,-18.7606,9.3907,15.91,11.61,21.8,21.95,11.13,42.39,0
Armenia,ARM,2005,1.3424,7.418,2.26,0.23,22.21,24.95,11.12,39.5,0
Australia,AUS,2005,-5.9874,23.91,18.02,31.83,10.2,7.97,6.92,19.23,6
Austria,AUT,2005,-17.2855,0.899,1.36,0.17,10.9,5.85,6.52,33.94,2
Azerbaijan,AZE,2005,0.7319,8.1218,3.21,0.23,44.89,40.84,42.45,52.18,4
Bahamas,BHS,2005,-5.8384,11.3853,4.7,1.51,14.63,9.49,8.98,36.75,0
Bahrain,BHR,2005,11.8574,15.9382,0.96,0.14,6.54,5.31,2.57,20.5,2
Bangladesh,BGD,2005,11.1154,-6.6337,28.35,16.67,48.21,29.39,63.69,59.87,4
Barbados,BRB,2005,-7.2873,0.4503,2.7,0.49,14.89,10.15,8.27,39.32,0
Belarus,BLR,2005,0.6129,4.307,0.65,0.05,8.52,10.13,2.4,25.44,2
Belgium,BEL,2005,5.6233,-9.0095,4.72,1.86,11.97,7.96,6.95,30.98,2
Belize,BLZ,2005,-2.3996,1.7569,8.53,3.02,24.08,27.12,11.45,44.95,0
Benin,BEN,2005,3.5066,4.0852,1.32,0.09,19.42,33.78,3.4,63.78,5
Bhutan,BTN,2005,-9.1462,4.8383,1.14,0.1,13.03,15.89,2.75,50.65,0
Bolivarian Republic of Venezuela,VEN,2005,9.1279,-1.204,22.46,19.19,26.28,26.63,12.47,54.68,5
Bosnia and Herzegovina,BIH,2005,-0.675,5.9775,2.68,0.34,21.12,17.03,11.72,47.17,0
Botswana,BWA,2005,3.0625,12.959,1.46,0.09,23.77,28.58,9.69,48.5,0
Brazil,BRA,2005,-19.0149,-4.0216,10.23,6.33,16.54,19.83,11.53,19.8,2
Brunei Darussalam,BRN,2005,8.2619,-10.2768,1.47,0.33,6.57,5.51,2.47,20.83,2
Bulgaria,BGR,2005,0.1617,5.1677,2.45,0.3,20.05,20.33,9.31,42.58,0
Burkina Faso,BFA,2005,3.3181,2.3901,1.6,0.07,36.69,59.51,12.33,67.33,3
Burundi,BDI,2005,-13.1871,-1.708,3.19,0.15,67.7,61.57,71.64,70.34,1
Cambodia,KHM,2005,10.1078,7.5687,8.45,2.5,28.56,24.03,15.62,62.07,5
Cameroon,CMR,2005,2.1301,1.9379,8.4,2.03,34.74,58.59,12.39,57.76,3
Canada,CAN,2005,9.0695,15.5969,18.73,26.33,13.32,9.23,7.21,35.53,6
Cape Verde,CPV,2005,6.3509,-1.5915,1.16,0.07,19.25,16.49,11.25,38.48,0
Central African Republic,CAF,2005,7.3761,6.882,3.31,0.16,68.45,71.41,62.67,71.65,1
Chad,TCD,2005,7.0568,6.0315,2.92,0.12,71.09,68.39,70.47,74.54,1
Chile,CHL,2005,-1.7987,-14.811,15.93,13.04,19.47,18.55,9.75,40.82,0
China,CHN,2005,20.251,3.9847,40.21,64.53,25.06,23.96,13.94,47.11,6
Colombia,COL,2005,-3.9695,-12.5307,39.91,31.64,50.33,46.62,57.9,47.24,4
Comoros,COM,2005,6.4559,-5.5335,2.84,0.32,25.18,18.61,14.8,57.97,5
Costa Rica,CRI,2005,-8.9502,-12.5211,14.96,9.7,23.08,24.1,10.82,47.15,0
Cote d'Ivoire,CIV,2005,3.7688,2.7121,2.24,0.13,38.72,56.01,16.19,64.01,3
Croatia,HRV,2005,-0.4692,15.0903,5.06,1.6,15.98,13.3,8.54,35.9,0
Cuba,CUB,2005,-12.3596,-0.7463,8.65,4.62,16.19,20.3,7.63,27.41,2
Cyprus,CYP,2005,-15.4397,-8.8266,3.28,1.01,10.64,8.31,4.31,33.67,2
Czech Republic,CZE,2005,2.5599,17.9307,1.18,0.1,13.86,9.82,8.35,32.47,2
Democratic People's Republic of Korea,PRK,2005,-12.8313,-11.2797,11.28,7.28,17.47,9.3,12.31,46.58,0
Democratic Republic of Congo,COD,2005,5.6868,4.9291,9.64,1.36,68.36,66.69,61.4,78.03,1
Denmark,DNK,2005,-2.7825,-7.262,1.06,0.18,6.29,5.27,1.52,31.14,2
Djibouti,DJI,2005,8.6991,2.1508,11.2,4.18,30.02,32.21,14.49,57.95,5
Dominica,DMA,2005,-6.6503,1.1832,3.4,0.8,14.43,15.82,8.8,21.58,2
Dominican Republic,DOM,2005,-2.8383,2.2732,12.34,6.93,21.98,16.67,12.35,51.59,0
Ecuador,ECU,2005,-12.836,13.2753,19.26,14.44,25.69,27.85,12.5,48.71,5
Egypt,EGY,2005,-19.8695,4.7977,13.51,10.77,16.94,18.72,5.54,46.89,0
El Salvador,SLV,2005,15.7858,3.7527,14.68,7.31,29.49,37.38,12.74,53.88,5
Equatorial Guinea,GNQ,2005,-10.2725,7.0835,3.39,0.85,13.51,13.01,3.58,52.9,0
Eritrea,ERI,2005,7.6336,2.4202,9.49,2.21,40.71,22.81,50.33,58.75,4
Estonia,EST,2005,6.7576,9.6905,2.39,0.45,12.73,7.98,7.57,34.18,2
Eswatini,SWZ,2005,-6.3245,-5.1445,1.78,0.14,22.63,22.66,14.37,35.61,0
Ethiopia,ETH,2005,2.5475,-4.94,5.01,0.36,69.69,66.09,66.59,76.91,1
Federated States of Micronesia,FSM,2005,0.5386,-11.9456,4.76,1.13,20.02,16.58,10.55,45.85,0
Fiji,FJI,2005,3.4725,-3.2549,7.53,2.82,20.11,16.06,11.25,45.03,0
Finland,FIN,2005,-15.091,-5.6481,1.39,0.5,3.86,5.53,0.43,24.15,2
France,FRA,2005,-2.6796,-9.6961,5.77,2.72,12.26,7.98,7.31,31.58,2
Gabon,GAB,2005,-4.8291,8.2095,4.89,1.48,16.16,28.62,3.15,46.78,0
Gambia,GMB,2005,2.3717,2.1884,4.97,0.69,35.75,58.94,12.75,60.78,3
Georgia,GEO,2005,0.8663,7.7747,5.16,0.75,35.53,22.52,41.38,48.13,4
Germany,DEU,2005,-16.4184,20.3412,4.81,2.01,11.51,6.4,7.14,33.41,2
Ghana,GHA,2005,0.4212,-7.044,3.16,0.34,29.35,32.01,12.15,65.03,5
Greece,GRC,2005,12.6116,4.261,9.95,8.42,11.75,9.9,4.8,34.12,2
Grenada,GRD,2005,-6.2641,0.8928,2.06,0.31,13.74,13.83,11.01,17.02,2
Guatemala,GTM,2005,16.5148,4.3569,10.63,4.27,26.47,22.84,13.74,59.13,5
Guinea,GIN,2005,3.0558,0.9639,8.91,1.44,55.1,34.29,64.07,76.15,1
Guinea-Bissau,GNB,2005,1.7656,0.8285,4.58,0.66,31.78,34.01,14.8,63.75,5
Guyana,GUY,2005,15.3117,-0.46,7.47,2.66,21.0,13.41,13.38,51.64,0
Haiti,HTI,2005,5.0346,9.8165,12.57,2.75,57.49,44.78,61.89,68.57,1
Honduras,HND,2005,-7.6203,10.6141,16.43,8.92,30.26,39.86,13.66,50.91,5
Hungary,HUN,2005,-0.7981,1.1174,0.91,0.11,7.6,5.53,8.29,9.58,2
Iceland,ISL,2005,9.6866,9.6583,1.84,0.67,5.03,4.34,1.11,26.44,2
India,IND,2005,7.9889,-8.1948,45.11,35.8,56.83,51.39,58.78,60.77,4
Indonesia,IDN,2005,-9.3323,19.8937,40.47,39.39,41.58,21.12,59.23,57.47,4
Iran (Islamic Republic of),IRN,2005,-8.1941,-6.9626,20.35,12.22,33.88,24.5,52.2,30.4,4
Iraq,IRQ,2005,-2.7276,17.1252,9.82,1.69,57.06,50.39,59.69,61.75,1
Ireland,IRL,2005,7.8654,-3.6356,4.03,1.47,11.05,7.19,6.05,31.05,2
Israel,ISR,2005,6.7891,12.1874,3.58,0.88,14.53,9.71,9.6,32.91,2
Italy,ITA,2005,11.8162,-9.2233,10.21,8.82,11.82,6.35,8.08,32.17,2
Jamaica,JAM,2005,5.9103,-0.4393,4.36,1.12,16.98,19.23,12.59,20.21,2
Japan,JPN,2005,17.9546,13.144,20.23,43.83,9.34,7.19,7.61,14.89,6
Jordan,JOR,2005,15.0807,14.8477,2.8,0.57,13.8,11.59,5.04,44.97,0
Kazakhstan,KAZ,2005,2.6215,9.489,2.09,0.25,17.42,19.15,10.71,25.76,2
Kenya,KEN,2005,7.8319,0.9148,14.08,3.24,61.21,59.45,57.86,66.68,1
Kiribati,KIR,2005,-13.8676,6.9108,2.94,0.69,12.49,16.49,2.9,40.78,0
Kuwait,KWT,2005,-6.4568,20.9612,1.82,1.03,3.23,4.7,2.4,2.98,2
Kyrgyzstan,KGZ,2005,0.7754,8.4676,2.5,0.22,28.37,46.32,11.14,44.26,5
Lao People's Democratic Republic,LAO,2005,-10.6495,13.9973,3.42,0.38,30.87,30.57,14.94,64.39,5
Latvia,LVA,2005,-6.1251,13.9115,2.24,0.78,6.43,10.94,2.36,10.3,2
Lebanon,LBN,2005,-5.0831,1.7233,2.89,0.37,22.53,23.22,11.07,44.5,0
Lesotho,LSO,2005,-10.2398,5.0117,1.3,0.07,24.1,18.31,13.05,58.6,5
Liberia,LBR,2005,5.4999,4.5734,4.66,0.54,40.3,60.58,16.44,65.74,3
Libyan Arab Jamahiriya,LBY,2005,-2.9732,7.3499,8.9,5.0,15.83,36.02,2.96,37.21,0
Liechtenstein,LIE,2005,14.1589,22.0291,0.79,0.09,7.01,6.15,1.97,28.4,2
Lithuania,LTU,2005,0.6238,15.1,2.3,0.65,8.13,6.54,2.27,36.26,2
Luxembourg,LUX,2005,17.1295,-4.8903,0.54,0.06,4.83,5.92,1.6,11.88,2
Madagascar,MDG,2005,-11.7965,-3.3801,21.91,17.73,27.08,19.84,14.27,70.18,5
Malawi,MWI,2005,-4.3652,10.103,3.32,0.34,32.46,34.1,14.89,67.34,5
Malaysia,MYS,2005,18.6565,9.783,13.62,8.62,21.53,23.37,10.24,41.68,0
Maldives,MDV,2005,-5.529,0.5582,1.4,0.11,17.74,13.02,11.12,38.58,0
Mali,MLI,2005,4.3487,1.9295,2.21,0.08,61.32,60.28,56.13,68.15,1
Malta,MLT,2005,-14.4385,-9.1206,1.03,0.15,7.09,4.63,2.02,38.12,2
Marshall Islands,MHL,2005,-13.6785,7.1451,2.57,0.5,13.16,16.9,2.83,47.66,0
Mauritania,MRT,2005,1.0642,-4.826,9.39,2.93,30.11,30.25,14.18,63.66,5
Mauritius,MUS,2005,8.0195,22.0261,3.53,0.73,17.11,13.04,8.95,42.94,0
Mexico,MEX,2005,18.8116,-1.5326,35.83,49.97,25.69,33.24,12.35,41.28,6
Monaco,MCO,2005,12.3527,13.4355,0.18,0.02,1.59,1.36,0.67,4.45,2
Mongolia,MNG,2005,-6.3433,4.2579,1.94,0.21,18.0,25.31,11.84,19.45,2
Montenegro,MNE,2005,0.2478,5.2138,2.99,0.82,10.87,11.89,2.52,42.88,0
Morocco,MAR,2005,16.2535,5.1166,13.19,7.7,22.58,24.13,11.76,40.55,0
Mozambique,MOZ,2005,9.9378,0.9368,26.88,18.18,39.75,63.46,14.42,68.66,3
Myanmar,MMR,2005,-4.3572,-7.8308,37.48,23.36,60.14,59.68,58.58,62.22,1
Namibia,NAM,2005,-16.8495,11.9366,6.0,1.32,27.31,31.87,12.17,52.54,5
Nauru,NRU,2005,-13.1447,10.0683,1.03,0.11,9.63,7.54,2.6,45.5,0
Nepal,NPL,2005,1.8243,-4.435,3.53,0.24,51.88,34.28,64.56,63.1,1
Netherlands,NLD,2005,-10.4011,-5.7314,4.14,2.21,7.77,7.35,2.13,29.98,2
New Zealand,NZL,2005,-1.5661,26.1968,14.07,18.03,10.98,6.55,6.65,30.39,2
Nicaragua,NIC,2005,-7.8895,10.6589,21.8,18.39,25.84,23.07,12.96,57.74,5
Niger,NER,2005,3.9907,1.7305,2.09,0.07,62.52,48.9,62.75,79.64,1
Nigeria,NGA,2005,3.2394,1.5893,9.02,1.3,62.62,58.06,56.26,75.16,1
North Macedonia,MKD,2005,0.3733,6.4771,1.68,0.1,28.31,14.1,45.93,35.03,4
Norway,NOR,2005,11.4376,-3.6459,3.09,1.05,9.09,5.12,5.29,27.74,2
Oman,OMN,2005,-9.6826,-9.3618,7.99,6.7,9.54,13.06,4.61,14.44,2
Pakistan,PAK,2005,10.1786,-6.7598,28.21,13.04,61.04,55.32,61.69,66.65,1
Palau,PLW,2005,4.9107,14.0807,1.75,0.36,8.5,13.21,2.51,18.49,2
Panama,PAN,2005,6.2567,-11.9355,18.92,16.01,22.35,21.63,11.2,46.06,0
Papua New Guinea,PNG,2005,-5.2052,6.854,25.91,18.9,35.51,57.02,13.57,57.86,3
Paraguay,PRY,2005,5.4287,-3.6515,1.83,0.14,23.85,20.79,13.33,48.96,0
Peru,PER,2005,-12.8117,13.2983,20.01,16.61,24.1,21.13,13.37,49.54,5
Philippines,PHL,2005,20.4525,8.1473,44.99,40.49,50.0,38.93,56.58,56.74,4
Plurinational State of Bolivia,BOL,2005,-9.1752,17.8209,3.12,0.35,27.75,28.86,13.39,55.31,5
Poland,POL,2005,-0.4208,15.4906,4.57,1.75,11.96,12.51,8.66,15.78,2
Portugal,PRT,2005,18.0654,0.6346,6.39,3.13,13.06,7.73,8.4,34.3,2
Qatar,QAT,2005,9.5665,12.2192,0.83,0.14,4.94,5.24,2.43,9.46,2
Republic of Congo,COG,2005,0.378,-2.3303,5.37,0.49,58.93,60.4,57.48,58.96,1
Republic of Korea,KOR,2005,-13.0985,18.9772,9.97,10.04,9.9,5.37,9.68,18.68,2
Republic of Moldova,MDA,2005,-1.8487,5.1061,1.33,0.1,17.58,18.21,10.33,28.9,2
Romania,ROU,2005,2.761,10.2095,3.47,0.69,17.41,11.53,10.35,44.19,0
Russian Federation,RUS,2005,15.1971,-8.2199,30.34,29.09,31.64,17.72,44.82,39.9,4
Rwanda,RWA,2005,-4.9862,14.8988,2.88,0.16,51.67,34.71,63.09,63.0,1
Saint Kitts and Nevis,KNA,2005,-7.4715,-0.5425,1.82,0.53,6.23,6.62,2.51,14.55,2
Saint Lucia,LCA,2005,-5.8569,1.3509,2.35,0.46,12.0,14.51,2.64,45.09,0
Saint Vincent and the Grenadines,VCT,2005,-6.2554,0.9112,2.64,0.44,15.8,15.49,9.3,27.37,2
Samoa,WSM,2005,6.5146,17.4733,3.24,0.81,12.98,15.38,2.66,53.44,0
San Marino,SMR,2005,-7.3124,8.4869,0.35,0.03,4.07,2.32,1.84,15.77,2
Sao Tome and Principe,STP,2005,9.8472,5.2643,0.53,0.02,13.84,16.24,3.08,53.04,0
Saudi Arabia,SAU,2005,-2.7406,6.8076,11.81,5.18,26.92,14.91,40.26,32.49,4
Senegal,SEN,2005,3.741,-0.463,6.95,1.05,45.98,32.53,53.73,55.6,4
Serbia,SRB,2005,1.7355,7.1601,1.49,0.17,13.03,18.98,2.81,41.48,0
Seychelles,SYC,2005,-4.4609,5.3136,3.25,1.04,10.15,11.17,9.99,9.36,2
Sierra Leone,SLE,2005,2.8134,0.8671,7.63,1.11,52.43,35.58,55.23,73.34,1
Singapore,SGP,2005,-6.1492,17.3078,0.79,0.15,4.12,2.51,1.2,23.2,2
Slovakia,SVK,2005,3.0154,18.5517,1.05,0.1,11.08,10.62,8.28,15.48,2
Slovenia,SVN,2005,2.4387,17.9844,1.78,0.31,10.17,6.72,7.31,21.44,2
Solomon Islands,SLB,2005,-1.7336,19.2612,16.12,9.62,27.02,31.07,11.2,56.7,5
Somalia,SOM,2005,6.9896,15.6316,24.84,8.51,72.49,67.4,71.12,79.45,1
South Africa,ZAF,2005,-16.0231,4.8096,8.44,2.67,26.67,27.95,12.49,54.32,5
South Sudan,SSD,2005,6.0304,24.6592,2.26,0.24,21.27,38.31,3.45,72.77,5
Spain,ESP,2005,12.7193,3.33,8.78,7.84,9.84,7.38,4.0,32.23,2
Sri Lanka,LKA,2005,-5.4786,18.6569,7.23,1.63,32.03,44.88,53.78,13.62,4
Sudan,SDN,2005,-1.7091,-2.9102,10.11,1.64,62.37,57.87,67.12,62.46,1
Suriname,SUR,2005,1.6235,-2.2481,4.95,1.82,13.44,16.04,2.88,52.5,0
Sweden,SWE,2005,10.4561,-4.0011,2.59,1.06,6.31,6.54,1.63,23.6,2
Switzerland,CHE,2005,11.0573,-11.7021,1.23,0.16,9.44,5.03,5.78,28.96,2
Syrian Arab Republic,SYR,2005,15.6263,3.6321,9.73,2.53,37.39,45.73,22.17,51.54,3
Tajikistan,TJK,2005,0.8656,8.5465,2.74,0.23,32.61,45.54,12.88,59.14,3
Thailand,THA,2005,0.018,19.7377,22.16,13.95,35.2,20.32,51.66,41.54,4
Timor-Leste,TLS,2005,-0.0686,12.1475,9.16,2.83,29.62,39.19,11.83,56.07,5
Togo,TGO,2005,3.5968,3.575,1.18,0.07,19.96,33.3,3.75,63.65,5
Tonga,TON,2005,3.9316,-3.0924,4.4,1.33,14.55,15.49,11.15,17.84,2
Trinidad and Tobago,TTO,2005,-5.2771,3.0193,2.78,0.49,15.75,8.35,10.1,46.35,0
Tunisia,TUN,2005,-14.4451,1.7897,7.39,3.41,16.03,15.22,10.66,25.37,2
Turkey,TUR,2005,-3.1623,16.1171,18.98,8.98,40.1,30.37,46.23,45.94,4
Turkmenistan,TKM,2005,14.6635,8.5625,1.28,0.17,9.67,14.1,3.13,20.49,2
Tuvalu,TUV,2005,-13.8543,9.0196,1.23,0.15,10.08,15.93,2.62,24.57,2
Uganda,UGA,2005,2.1049,-7.9613,3.87,0.23,65.22,65.25,62.25,68.3,1
Ukraine,UKR,2005,0.965,4.8513,3.29,0.48,22.52,24.73,10.44,44.24,0
United Arab Emirates,ARE,2005,9.3705,11.8327,4.91,3.67,6.57,3.61,2.52,31.12,2
United Kingdom of Great Britain and Northern Ireland,GBR,2005,-1.8806,10.546,5.24,2.58,10.64,8.53,3.84,36.75,2
United Republic of Tanzania,TZA,2005,9.0337,1.1587,13.11,5.48,31.35,34.69,14.38,61.79,5
United States of America,USA,2005,13.9611,16.9426,30.03,39.98,22.56,10.29,32.99,33.82,6
Uruguay,URY,2005,10.9331,20.3546,5.23,1.56,17.56,14.22,9.3,40.91,0
Uzbekistan,UZB,2005,0.2823,8.457,2.25,0.18,28.13,24.55,42.12,21.53,4
Vanuatu,VUT,2005,15.398,11.1731,10.99,5.74,21.04,17.65,10.88,48.51,0
Viet Nam,VNM,2005,-9.6322,8.6769,26.76,26.97,26.55,27.93,13.26,50.51,6
Yemen,YEM,2005,-8.606,9.1357,14.7,7.47,28.92,58.74,6.43,64.03,3
Zambia,ZMB,2005,4.6867,21.7999,3.03,0.28,32.82,36.39,14.08,69.01,5
Zimbabwe,ZWE,2005,-11.1395,4.7408,2.82,0.2,39.9,54.11,15.86,74.04,3
Afghanistan,AFG,2006,-12.9197,15.4206,4.17,0.25,69.62,62.17,74.5,72.86,4
Albania,ALB,2006,-14.7874,0.9237,6.94,2.37,20.34,16.16,12.64,41.21,1
Algeria,DZA,2006,-6.7149,6.3442,9.79,2.64,36.34,21.85,53.5,41.07,3
Andorra,AND,2006,5.8522,-14.3262,0.29,0.02,4.16,2.46,2.07,14.13,2
Angola,AGO,2006,0.67,-3.7892,11.03,2.26,53.85,34.63,60.72,74.25,4
Antigua and Barbuda,ATG,2006,-7.1886,-0.2169,2.84,1.2,6.71,8.64,2.49,14.07,2
Argentina,ARG,2006,-18.7474,9.4039,16.04,11.59,22.19,22.03,10.93,45.37,1
Armenia,ARM,2006,1.3478,7.3313,2.31,0.23,23.18,24.2,11.32,45.45,1
Australia,AUS,2006,-6.0087,23.9316,18.12,31.83,10.31,8.08,7.0,19.35,6
Austria,AUT,2006,-17.2799,0.894,1.35,0.17,10.69,5.95,6.28,32.72,2
Azerbaijan,AZE,2006,0.7026,8.0979,3.21,0.23,44.85,40.64,43.28,51.3,3
Bahamas,BHS,2006,-5.8245,11.4004,4.69,1.51,14.54,9.57,9.29,34.6,1
Bahrain,BHR,2006,11.8655,15.9293,0.95,0.14,6.49,5.23,2.66,19.68,2
Bangladesh,BGD,2006,11.0961,-6.6291,28.38,16.64,48.4,29.58,64.31,59.59,3
Barbados,BRB,2006,-7.328,0.4875,2.64,0.48,14.47,8.45,8.5,42.15,1
Belarus,BLR,2006,0.629,4.3275,0.81,0.05,12.98,10.05,8.37,26.0,2
Belgium,BEL,2006,5.572,-9.0648,4.36,1.86,10.23,7.97,6.94,19.35,2
Belize,BLZ,2006,-2.3906,1.7502,6.71,3.02,14.89,26.99,2.94,41.59,1
Benin,BEN,2006,3.5085,4.0749,1.31,0.09,19.19,33.2,3.37,63.19,0
Bhutan,BTN,2006,-9.1652,4.8557,1.18,0.1,14.0,20.03,2.74,49.95,1
Bolivarian Republic of Venezuela,VEN,2006,9.1256,-1.2024,22.54,19.18,26.48,26.72,12.66,54.86,0
Bosnia and Herzegovina,BIH,2006,-0.6657,5.9971,2.7,0.34,21.49,17.09,11.72,49.56,1
Botswana,BWA,2006,3.0608,12.9565,1.49,0.09,24.54,28.82,9.93,51.65,0
Brazil,BRA,2006,-18.9786,-4.0653,10.61,6.33,17.8,25.91,11.33,19.22,2
Brunei Darussalam,BRN,2006,8.2619,-10.2768,1.44,0.33,6.29,5.51,2.49,18.18,2
Bulgaria,BGR,2006,0.1529,5.1647,2.47,0.3,20.36,20.52,9.35,43.96,1
Burkina Faso,BFA,2006,3.3197,2.4161,1.6,0.07,36.43,59.99,13.01,61.97,5
Burundi,BDI,2006,-13.1814,-1.7206,3.12,0.15,64.9,61.44,71.33,62.38,4
Cambodia,KHM,2006,10.1442,7.5334,8.44,2.5,28.49,24.09,15.41,62.32,0
Cameroon,CMR,2006,2.1419,1.9506,7.66,2.04,28.78,59.14,6.48,62.19,5
Canada,CAN,2006,9.1065,15.6338,18.42,26.29,12.9,9.34,6.84,33.59,6
Cape Verde,CPV,2006,6.3414,-1.5486,1.2,0.07,20.48,16.59,10.93,47.39,1
Central African Republic,CAF,2006,7.3925,6.8564,3.34,0.16,69.65,71.62,62.59,75.39,4
Chad,TCD,2006,7.0388,6.0634,2.33,0.12,45.14,68.67,17.35,77.18,5
Chile,CHL,2006,-1.8144,-14.7953,16.01,13.06,19.63,18.58,10.08,40.41,1
China,CHN,2006,20.2492,3.9829,39.59,64.48,24.31,23.99,13.99,42.81,6
Colombia,COL,2006,-3.965,-12.5354,39.64,31.64,49.66,47.21,57.62,45.01,3
Comoros,COM,2006,6.4514,-5.541,2.84,0.32,25.22,18.65,14.8,58.15,0
Costa Rica,CRI,2006,-8.926,-12.4967,14.98,9.68,23.17,24.39,10.96,46.56,1
Cote d'Ivoire,CIV,2006,3.7966,2.6941,2.23,0.13,38.12,56.14,15.99,61.71,5
Croatia,HRV,2006,-0.4732,15.0913,5.01,1.6,15.71,13.35,8.21,35.38,1
Cuba,CUB,2006,-12.363,-0.7495,8.37,4.61,15.21,19.48,7.2,25.11,2
Cyprus,CYP,2006,-15.4368,-8.8301,3.28,1.01,10.68,8.18,4.24,35.13,2
Czech Republic,CZE,2006,2.5736,17.8538,1.16,0.1,13.52,9.5,8.29,31.35,2
Democratic People's Republic of Korea,PRK,2006,-12.8249,-11.274,11.27,7.28,17.45,11.99,12.48,35.49,1
Democratic Republic of Congo,COD,2006,5.6745,4.9112,9.64,1.36,68.36,67.23,63.12,75.27,4
Denmark,DNK,2006,-2.7761,-7.2558,0.87,0.18,4.23,5.22,0.48,30.24,2
Djibouti,DJI,2006,8.7016,2.1587,11.17,4.18,29.84,32.3,14.25,57.75,0
Dominica,DMA,2006,-6.676,1.1701,3.46,0.8,14.96,15.67,8.78,24.35,2
Dominican Republic,DOM,2006,-2.8153,2.2497,12.42,6.95,22.18,16.72,12.45,52.4,1
Ecuador,ECU,2006,-12.8374,13.2732,19.41,14.44,26.1,28.01,13.1,48.48,0
Egypt,EGY,2006,-19.8638,4.8032,13.44,10.77,16.76,18.84,5.62,44.5,1
El Salvador,SLV,2006,15.7582,3.7257,14.27,7.3,27.9,37.37,11.74,49.52,0
Equatorial Guinea,GNQ,2006,-10.2775,7.0783,3.39,0.85,13.56,12.96,3.53,54.53,1
Eritrea,ERI,2006,7.6123,2.4333,9.62,2.22,41.66,23.07,51.92,60.38,3
Estonia,EST,2006,6.7592,9.6896,2.31,0.45,11.83,6.68,7.41,33.48,2
Eswatini,SWZ,2006,-6.3341,-5.134,1.73,0.14,21.42,22.93,11.98,35.77,1
Ethiopia,ETH,2006,2.5385,-4.9307,5.0,0.36,69.34,66.03,65.35,77.27,4
Federated States of Micronesia,FSM,2006,0.5397,-11.9464,4.81,1.13,20.51,16.74,10.57,48.76,1
Fiji,FJI,2006,3.4582,-3.2352,7.46,2.82,19.73,16.25,11.4,41.48,1
Finland,FIN,2006,-15.0882,-5.6443,1.84,0.5,6.8,5.47,2.38,24.13,2
France,FRA,2006,-2.6687,-9.6946,5.02,2.71,9.29,8.1,7.27,13.63,2
Gabon,GAB,2006,-4.8009,8.2386,4.94,1.5,16.29,28.85,3.25,46.09,1
Gambia,GMB,2006,2.3454,2.1762,4.88,0.68,35.0,59.64,12.89,55.77,5
Georgia,GEO,2006,0.8644,7.6699,5.03,0.75,33.79,19.63,41.17,47.75,3
Germany,DEU,2006,-16.4169,20.3397,4.76,2.0,11.35,6.4,6.98,32.72,2
Ghana,GHA,2006,0.4304,-7.0397,3.08,0.34,27.95,31.78,10.65,64.5,0
Greece,GRC,2006,12.6129,4.3079,9.87,8.42,11.58,10.13,4.91,31.21,2
Grenada,GRD,2006,-6.0433,1.2281,2.4,0.31,18.62,13.91,11.18,41.53,1
Guatemala,GTM,2006,16.5398,4.3687,10.61,4.28,26.31,23.03,13.81,57.25,0
Guinea,GIN,2006,-0.1833,13.5611,6.88,1.44,32.87,34.03,13.75,75.92,0
Guinea-Bissau,GNB,2006,1.7531,0.8346,4.54,0.66,31.29,34.31,15.0,59.54,0
Guyana,GUY,2006,15.3095,-0.4575,7.52,2.66,21.27,13.52,13.67,52.06,1
Haiti,HTI,2006,5.0364,9.8184,12.59,2.75,57.62,45.27,61.74,68.46,4
Honduras,HND,2006,-7.6577,10.6401,16.58,8.92,30.82,39.85,13.74,53.45,0
Hungary,HUN,2006,-0.8196,1.0898,1.0,0.11,9.13,9.32,8.55,9.56,2
Iceland,ISL,2006,9.6955,9.6666,1.89,0.67,5.32,4.45,1.34,25.18,2
India,IND,2006,8.0304,-8.1481,45.33,35.76,57.46,51.81,59.46,61.58,4
Indonesia,IDN,2006,-9.3505,19.8753,40.62,39.45,41.82,21.01,60.38,57.65,3
Iran (Islamic Republic of),IRN,2006,-8.2016,-6.9553,18.71,12.26,28.55,24.7,52.26,18.02,3
Iraq,IRQ,2006,-2.7145,17.1169,9.99,1.7,58.71,50.14,65.46,61.65,4
Ireland,IRL,2006,7.8488,-3.6512,4.08,1.47,11.3,7.3,6.27,31.56,2
Israel,ISR,2006,6.7993,12.1947,3.62,0.88,14.91,10.15,9.44,34.57,1
Italy,ITA,2006,11.8343,-9.2451,10.76,8.81,13.15,8.99,8.19,30.86,2
Jamaica,JAM,2006,5.9356,-0.4597,4.5,1.12,18.05,15.32,12.58,30.51,1
Japan,JPN,2006,17.9357,13.1252,21.91,43.82,10.96,7.49,7.39,23.81,6
Jordan,JOR,2006,15.0486,14.8216,2.73,0.57,13.05,10.09,5.07,43.48,1
Kazakhstan,KAZ,2006,2.6599,9.5158,1.88,0.25,14.07,22.76,10.63,11.52,2
Kenya,KEN,2006,7.7537,0.8956,11.18,3.25,38.48,60.23,15.02,62.98,5
Kiribati,KIR,2006,-13.822,6.9588,2.97,0.69,12.75,16.98,2.87,42.5,1
Kuwait,KWT,2006,-6.4335,20.9847,2.26,1.03,4.95,4.79,2.43,10.39,2
Kyrgyzstan,KGZ,2006,0.7727,8.4609,2.58,0.22,30.26,45.9,12.08,49.95,0
Lao People's Democratic Republic,LAO,2006,-10.6474,13.9992,3.37,0.38,29.95,29.8,14.24,63.3,0
Latvia,LVA,2006,-6.1238,13.913,2.6,0.79,8.54,10.98,2.33,24.32,2
Lebanon,LBN,2006,-4.9305,1.8334,3.78,0.37,38.66,24.52,48.18,48.9,3
Lesotho,LSO,2006,-10.2328,5.0034,1.31,0.07,24.69,18.39,13.47,60.75,0
Liberia,LBR,2006,5.4866,4.5555,4.66,0.54,40.19,61.45,15.83,66.71,5
Libyan Arab Jamahiriya,LBY,2006,-2.9575,7.3578,8.7,4.98,15.21,35.74,2.99,32.92,1
Liechtenstein,LIE,2006,14.1581,22.0281,0.8,0.09,7.13,6.28,1.95,29.64,2
Lithuania,LTU,2006,0.6191,15.0988,2.36,0.65,8.58,7.71,2.27,36.15,2
Luxembourg,LUX,2006,17.1378,-4.882,0.52,0.06,4.5,4.9,1.61,11.56,2
Madagascar,MDG,2006,-11.8194,-3.403,21.94,17.79,27.06,20.09,14.46,68.23,0
Malawi,MWI,2006,-4.2629,10.2002,2.88,0.34,24.33,34.38,15.08,27.79,1
Malaysia,MYS,2006,18.6587,9.7811,13.79,8.6,22.1,23.83,10.46,43.29,1
Maldives,MDV,2006,-5.5169,0.5385,1.4,0.11,17.85,12.89,11.12,39.68,1
Mali,MLI,2006,4.375,1.9493,2.18,0.08,59.18,60.95,56.83,59.85,4
Malta,MLT,2006,-14.4466,-9.1042,1.04,0.15,7.19,4.6,2.07,39.04,2
Marshall Islands,MHL,2006,-13.6904,7.1324,2.57,0.5,13.17,17.0,2.81,47.83,1
Mauritania,MRT,2006,1.076,-4.8133,9.26,2.93,29.25,30.12,13.51,61.48,0
Mauritius,MUS,2006,8.0174,22.0238,3.56,0.73,17.38,13.06,9.28,43.28,1
Mexico,MEX,2006,18.8005,-1.5235,36.07,50.08,25.98,33.52,12.52,41.78,6
Monaco,MCO,2006,12.3177,13.4001,0.18,0.02,1.66,1.39,0.66,5.0,2
Mongolia,MNG,2006,-6.3363,4.252,2.07,0.21,20.35,25.45,12.05,27.48,1
Montenegro,MNE,2006,0.2194,5.1762,3.22,0.81,12.78,21.01,2.53,39.3,1
Morocco,MAR,2006,16.2615,5.0872,13.53,7.7,23.78,24.27,11.74,47.18,1
Mozambique,MOZ,2006,9.9365,0.9243,27.31,18.23,40.9,64.67,14.53,72.83,5
Myanmar,MMR,2006,-4.3616,-7.8354,38.06,23.37,61.99,60.85,59.88,65.38,4
Namibia,NAM,2006,-16.8401,11.9273,6.07,1.32,27.94,32.25,12.11,55.83,0
Nauru,NRU,2006,-13.1256,10.0771,1.03,0.11,9.6,7.68,2.59,44.51,1
Nepal,NPL,2006,1.8088,-4.43,3.54,0.24,52.3,35.17,65.27,62.32,4
Netherlands,NLD,2006,-10.3979,-5.7346,4.15,2.21,7.78,7.11,2.22,29.82,2
New Zealand,NZL,2006,-1.5752,26.2051,13.53,18.05,10.14,4.85,6.74,31.94,2
Nicaragua,NIC,2006,-7.8893,10.7038,21.69,18.44,25.51,23.01,12.67,56.93,0
Niger,NER,2006,4.0783,1.7436,1.63,0.07,38.12,49.36,61.54,18.23,3
Nigeria,NGA,2006,3.2014,1.6221,8.95,1.3,61.63,57.26,56.79,71.98,4
North Macedonia,MKD,2006,0.1128,6.204,1.39,0.1,19.2,14.02,11.3,44.71,1
Norway,NOR,2006,11.4845,-3.6563,2.37,1.05,5.35,3.77,1.44,28.2,2
Oman,OMN,2006,-9.701,-9.3802,9.18,6.67,12.64,13.0,4.66,33.36,1
Pakistan,PAK,2006,10.1773,-6.7617,28.32,13.09,61.26,55.6,61.81,66.88,4
Palau,PLW,2006,4.8856,14.106,1.64,0.36,7.44,13.33,2.48,12.44,2
Panama,PAN,2006,6.2688,-11.9479,18.71,15.97,21.93,21.73,11.3,42.97,1
Papua New Guinea,PNG,2006,-5.2187,6.8393,26.1,18.87,36.1,57.63,13.8,59.14,5
Paraguay,PRY,2006,5.4298,-3.6526,1.82,0.14,23.7,21.03,13.42,47.16,1
Peru,PER,2006,-12.7846,13.3269,19.87,16.61,23.77,21.23,13.46,47.01,1
Philippines,PHL,2006,20.4534,8.1442,45.21,40.44,50.55,39.21,58.36,56.45,3
Plurinational State of Bolivia,BOL,2006,-9.1684,17.8136,3.11,0.35,27.67,29.22,13.24,54.74,0
Poland,POL,2006,-0.4503,15.5068,4.17,1.75,9.92,13.05,8.26,9.06,2
Portugal,PRT,2006,18.0658,0.6361,6.37,3.13,12.95,7.81,8.66,32.1,2
Qatar,QAT,2006,9.559,12.21,0.83,0.14,4.88,4.47,2.43,10.69,2
Republic of Congo,COG,2006,0.3646,-2.3195,5.39,0.49,59.33,60.47,57.54,60.01,4
Republic of Korea,KOR,2006,-13.0961,18.9747,9.83,10.05,9.62,5.39,9.66,17.11,2
Republic of Moldova,MDA,2006,-1.8482,5.106,1.34,0.1,17.92,18.34,10.45,30.05,1
Romania,ROU,2006,2.7639,10.2118,3.44,0.69,17.2,11.51,10.39,42.53,1
Russian Federation,RUS,2006,15.2139,-8.236,30.11,29.02,31.24,17.7,44.54,38.66,3
Rwanda,RWA,2006,-3.9334,10.4798,1.92,0.16,23.13,34.65,14.18,25.19,1
Saint Kitts and Nevis,KNA,2006,-7.4898,-0.572,1.89,0.53,6.75,8.14,2.49,15.19,2
Saint Lucia,LCA,2006,-5.818,1.3727,2.37,0.46,12.22,14.65,2.65,46.95,1
Saint Vincent and the Grenadines,VCT,2006,-6.2732,0.8675,2.44,0.44,13.53,15.5,9.33,17.13,2
Samoa,WSM,2006,6.5065,17.4653,3.25,0.82,12.89,15.49,2.64,52.36,1
San Marino,SMR,2006,-7.31,8.486,0.38,0.03,4.7,2.39,1.85,23.55,2
Sao Tome and Principe,STP,2006,9.8354,5.2523,0.53,0.02,14.03,16.39,3.11,54.14,1
Saudi Arabia,SAU,2006,-2.7298,6.7962,12.01,5.19,27.79,14.92,40.85,35.22,3
Senegal,SEN,2006,3.7618,-0.4438,6.97,1.05,46.29,32.84,54.61,55.29,3
Serbia,SRB,2006,1.7768,7.1735,1.51,0.17,13.41,19.1,2.75,45.96,1
Seychelles,SYC,2006,-4.4598,5.3132,3.28,1.04,10.35,11.05,10.12,9.91,2
Sierra Leone,SLE,2006,2.3515,0.7284,6.04,1.11,32.83,35.44,13.74,72.67,0
Singapore,SGP,2006,-6.145,17.3036,0.74,0.15,3.69,3.17,0.68,23.28,2
Slovakia,SVK,2006,3.0,18.5447,0.99,0.1,9.88,10.74,8.4,10.7,2
Slovenia,SVN,2006,2.4474,17.977,1.68,0.31,9.1,5.14,7.32,20.04,2
Solomon Islands,SLB,2006,-1.7334,19.2638,13.93,9.64,20.12,31.3,11.25,23.14,1
Somalia,SOM,2006,6.9813,15.6233,25.08,8.44,74.55,67.93,75.03,81.28,4
South Africa,ZAF,2006,-16.003,4.8299,9.19,3.13,26.99,28.4,12.68,54.61,0
South Sudan,SSD,2006,6.0299,24.6587,2.26,0.24,21.24,38.58,3.46,71.83,0
Spain,ESP,2006,12.7134,3.3267,8.7,7.82,9.68,7.44,4.12,29.59,2
Sri Lanka,LKA,2006,-5.4786,18.657,8.47,1.63,44.0,34.83,54.17,45.15,3
Sudan,SDN,2006,-1.7143,-2.9051,10.07,1.64,61.83,58.34,65.97,61.41,4
Suriname,SUR,2006,1.6174,-2.2295,6.22,1.82,21.29,16.15,11.56,51.68,1
Sweden,SWE,2006,10.4366,-4.0198,2.61,1.06,6.41,6.86,1.6,24.05,2
Switzerland,CHE,2006,11.0747,-11.7197,1.22,0.16,9.32,5.09,5.72,27.83,2
Syrian Arab Republic,SYR,2006,15.5986,3.6041,9.68,2.53,37.07,43.49,22.39,52.31,0
Tajikistan,TJK,2006,0.8563,8.5236,2.74,0.23,32.66,45.8,12.99,58.56,0
Thailand,THA,2006,0.0331,19.7526,22.22,13.95,35.4,20.12,53.26,41.41,3
Timor-Leste,TLS,2006,-0.0442,12.1753,9.02,2.83,28.76,31.02,12.49,61.42,0
Togo,TGO,2006,3.5979,3.5179,1.42,0.07,28.64,34.03,12.85,53.74,0
Tonga,TON,2006,3.9578,-3.0626,3.26,1.33,8.01,15.5,2.81,11.8,2
Trinidad and Tobago,TTO,2006,-5.2648,3.0365,2.73,0.49,15.22,7.1,10.18,48.82,1
Tunisia,TUN,2006,-14.4425,1.7944,6.93,3.41,14.1,15.3,10.51,17.44,2
Turkey,TUR,2006,-3.1508,16.1337,19.26,8.97,41.34,30.39,47.25,49.21,3
Turkmenistan,TKM,2006,14.6393,8.5694,1.37,0.17,11.02,13.73,3.19,30.53,2
Tuvalu,TUV,2006,-13.8434,8.9997,1.32,0.15,11.69,16.05,2.66,37.44,1
Uganda,UGA,2006,2.1053,-7.9611,3.87,0.23,65.12,66.33,62.2,66.93,4
Ukraine,UKR,2006,0.9524,4.8044,2.99,0.48,18.59,24.98,10.06,25.58,1
United Arab Emirates,ARE,2006,9.3483,11.7876,5.08,3.67,7.02,4.27,2.51,32.27,2
United Kingdom of Great Britain and Northern Ireland,GBR,2006,-1.905,10.5788,5.25,2.58,10.69,8.63,3.8,37.25,1
United Republic of Tanzania,TZA,2006,9.0532,1.1703,13.16,5.44,31.84,34.77,14.73,63.02,0
United States of America,USA,2006,14.0087,16.8863,23.84,39.97,14.22,10.58,8.15,33.35,6
Uruguay,URY,2006,10.9376,20.3502,5.1,1.56,16.65,11.94,9.24,41.8,1
Uzbekistan,UZB,2006,0.31,8.4302,2.61,0.18,37.82,23.77,42.12,54.03,3
Vanuatu,VUT,2006,15.3847,11.1864,11.11,5.73,21.53,17.94,11.1,50.14,1
Viet Nam,VNM,2006,-9.6252,8.6821,26.9,26.95,26.86,28.03,13.58,50.89,6
Yemen,YEM,2006,-8.6083,9.1391,16.44,7.49,36.08,59.27,12.19,65.02,5
Zambia,ZMB,2006,4.6914,21.8046,2.95,0.27,32.28,36.52,13.88,66.34,0
Zimbabwe,ZWE,2006,-11.1191,4.7617,2.74,0.2,37.48,54.03,13.22,73.72,5
Afghanistan,AFG,2007,-12.9135,15.4149,4.21,0.25,71.04,62.12,76.53,75.41,4
Albania,ALB,2007,-14.812,0.8667,6.36,2.36,17.16,15.52,12.26,26.56,6
Algeria,DZA,2007,-6.7233,6.3374,9.93,2.64,37.36,21.8,53.83,44.44,0
Andorra,AND,2007,5.8614,-14.3353,0.27,0.02,3.52,2.48,1.99,8.85,1
Angola,AGO,2007,0.7063,-3.816,10.89,2.27,52.29,34.28,58.96,70.72,4
Antigua and Barbuda,ATG,2007,-7.1867,-0.1921,3.03,1.2,7.65,8.66,2.48,20.87,1
Argentina,ARG,2007,-18.7496,9.4018,16.03,11.55,22.26,21.99,11.01,45.55,2
Armenia,ARM,2007,1.3281,7.3265,2.28,0.23,22.69,22.82,11.26,45.46,2
Australia,AUS,2007,-6.2334,24.1565,19.19,31.8,11.58,8.02,6.91,28.01,6
Austria,AUT,2007,-17.2424,0.8568,1.3,0.17,10.0,5.94,4.96,33.92,6
Azerbaijan,AZE,2007,0.6869,8.0145,3.14,0.23,42.83,33.67,42.65,54.72,0
Bahamas,BHS,2007,-5.8255,11.3966,4.74,1.51,14.87,9.53,9.39,36.78,6
Bahrain,BHR,2007,11.8699,15.9498,0.96,0.14,6.61,5.24,2.63,21.0,1
Bangladesh,BGD,2007,11.1236,-6.636,28.19,16.62,47.83,28.92,64.59,58.59,0
Barbados,BRB,2007,-7.2782,0.4249,2.59,0.48,14.0,8.8,7.98,39.05,6
Belarus,BLR,2007,0.619,4.2561,0.81,0.05,13.11,10.08,8.11,27.56,6
Belgium,BEL,2007,5.5815,-9.0563,3.87,1.86,8.06,7.74,3.64,18.58,1
Belize,BLZ,2007,-2.3756,1.7343,7.72,2.52,23.67,27.36,11.57,41.88,2
Benin,BEN,2007,3.5165,4.0552,1.59,0.09,28.26,33.26,12.26,55.33,2
Bhutan,BTN,2007,-9.1028,4.7979,1.25,0.1,15.56,25.48,2.88,51.37,2
Bolivarian Republic of Venezuela,VEN,2007,9.2795,-1.3472,28.21,19.19,41.46,26.28,48.2,56.25,0
Bosnia and Herzegovina,BIH,2007,-0.6473,6.0061,2.63,0.34,20.29,17.34,11.75,40.98,2
Botswana,BWA,2007,3.0483,12.9454,1.47,0.09,23.87,28.8,9.67,48.82,2
Brazil,BRA,2007,-18.9912,-4.0513,10.65,6.33,17.91,25.81,11.64,19.12,1
Brunei Darussalam,BRN,2007,8.2619,-10.2769,1.36,0.33,5.63,5.48,2.47,13.16,1
Bulgaria,BGR,2007,0.1621,5.1852,2.46,0.3,20.25,20.31,9.33,43.79,2
Burkina Faso,BFA,2007,3.29,2.4095,1.56,0.07,34.86,59.94,13.47,52.45,5
Burundi,BDI,2007,-13.1881,-1.7316,2.92,0.15,56.66,61.42,70.65,41.92,4
Cambodia,KHM,2007,10.1429,7.5344,8.37,2.5,28.01,24.19,14.63,62.11,2
Cameroon,CMR,2007,2.1263,1.9337,8.42,2.04,34.73,59.68,12.81,54.78,5
Canada,CAN,2007,9.0914,15.6191,17.22,26.27,11.29,9.38,7.05,21.74,1
Cape Verde,CPV,2007,6.3103,-1.5043,0.94,0.07,12.54,16.46,2.76,43.4,6
Central African Republic,CAF,2007,7.3585,6.8997,3.24,0.16,65.71,70.98,62.08,64.38,4
Chad,TCD,2007,7.068,6.0486,2.93,0.12,71.7,69.22,68.72,77.5,4
Chile,CHL,2007,-1.8146,-14.7951,15.93,13.03,19.48,18.73,9.86,40.01,2
China,CHN,2007,20.2475,3.9813,40.25,64.48,25.12,23.95,13.71,48.27,3
Colombia,COL,2007,-3.9919,-12.5087,39.65,31.75,49.51,46.96,58.19,44.41,3
Comoros,COM,2007,6.4548,-5.5397,2.86,0.32,25.52,18.75,15.16,58.45,2
Costa Rica,CRI,2007,-8.9533,-12.5238,14.85,9.67,22.81,24.48,10.54,46.01,2
Cote d'Ivoire,CIV,2007,3.8584,2.5868,2.7,0.13,56.14,56.18,52.62,59.85,4
Croatia,HRV,2007,-0.4584,15.0754,4.96,1.6,15.4,13.23,8.07,34.24,6
Cuba,CUB,2007,-12.3389,-0.725,6.89,4.6,10.33,20.03,7.07,7.78,1
Cyprus,CYP,2007,-15.4516,-8.8165,3.25,1.01,10.43,8.01,4.2,33.73,6
Czech Republic,CZE,2007,2.5965,17.7067,1.0,0.1,9.95,9.64,7.26,14.07,1
Democratic People's Republic of Korea,PRK,2007,-12.8348,-11.2839,11.07,7.28,16.84,12.03,12.67,31.34,6
Democratic Republic of Congo,COD,2007,5.6692,4.9001,9.61,1.36,67.85,67.12,61.92,75.17,4
Denmark,DNK,2007,-2.7775,-7.2572,0.88,0.18,4.27,5.14,0.48,31.61,6
Djibouti,DJI,2007,8.7098,2.1629,11.08,4.16,29.53,31.81,14.11,57.39,2
Dominica,DMA,2007,-6.5604,1.2485,3.82,0.8,18.24,15.61,10.01,38.81,6
Dominican Republic,DOM,2007,-2.833,2.2683,12.4,6.93,22.18,16.62,12.79,51.36,2
Ecuador,ECU,2007,-12.8472,13.2642,19.26,14.45,25.67,28.24,12.89,46.48,2
Egypt,EGY,2007,-19.8716,4.7958,13.56,10.76,17.08,19.01,5.59,46.86,2
El Salvador,SLV,2007,15.7554,3.7249,12.35,7.32,20.85,37.19,11.79,20.66,1
Equatorial Guinea,GNQ,2007,-10.2929,7.0647,3.36,0.85,13.25,12.97,3.48,51.57,2
Eritrea,ERI,2007,7.6261,2.4234,9.74,2.24,42.38,23.39,53.04,61.34,0
Estonia,EST,2007,6.7626,9.6864,2.33,0.45,12.05,6.73,7.4,35.15,6
Eswatini,SWZ,2007,-6.3141,-5.1542,1.77,0.14,22.48,23.01,13.55,36.45,2
Ethiopia,ETH,2007,2.5473,-4.9379,5.0,0.36,69.47,65.88,65.71,77.45,4
Federated States of Micronesia,FSM,2007,0.5498,-11.9556,4.8,1.13,20.37,16.79,10.57,47.66,2
Fiji,FJI,2007,3.4946,-2.9706,6.61,2.82,15.49,16.15,11.8,19.5,1
Finland,FIN,2007,-15.1129,-5.6762,1.74,0.5,6.03,5.36,2.5,16.34,1
France,FRA,2007,-2.6694,-9.6942,5.04,2.72,9.33,8.1,7.24,13.83,1
Gabon,GAB,2007,-4.8339,8.2041,4.92,1.5,16.12,29.05,3.26,44.2,2
Gambia,GMB,2007,2.3479,2.1773,4.94,0.68,35.89,59.89,12.78,60.42,5
Georgia,GEO,2007,0.8963,7.7129,4.82,0.74,31.4,18.74,37.93,43.56,0
Germany,DEU,2007,-16.4471,20.3703,4.28,2.01,9.1,6.44,3.46,33.86,6
Ghana,GHA,2007,0.4311,-7.0415,3.15,0.34,29.1,31.73,12.5,62.13,5
Greece,GRC,2007,12.6144,4.4113,8.68,8.39,8.99,10.38,4.96,14.09,1
Grenada,GRD,2007,-6.0524,1.1929,2.38,0.31,18.34,13.85,11.37,39.18,6
Guatemala,GTM,2007,16.5303,4.376,10.61,4.27,26.34,23.03,13.75,57.7,2
Guinea,GIN,2007,-0.1887,13.5521,6.97,1.45,33.51,33.92,14.86,74.66,5
Guinea-Bissau,GNB,2007,1.7587,0.8287,4.58,0.66,31.77,34.71,14.43,64.01,5
Guyana,GUY,2007,15.2948,-0.4431,7.48,2.65,21.14,13.38,13.42,52.64,2
Haiti,HTI,2007,5.0293,9.8104,12.07,2.76,52.8,35.62,62.86,65.75,4
Honduras,HND,2007,-7.698,10.6768,16.51,8.9,30.63,39.55,13.36,54.38,5
Hungary,HUN,2007,2.6031,17.5665,1.0,0.11,9.06,8.31,8.86,10.11,1
Iceland,ISL,2007,9.6889,9.6605,1.77,0.66,4.76,4.44,0.97,25.04,6
India,IND,2007,8.0326,-8.1456,45.18,35.78,57.04,51.85,58.48,61.21,3
Indonesia,IDN,2007,-9.3531,19.8731,40.04,39.42,40.67,21.02,59.52,53.75,3
Iran (Islamic Republic of),IRN,2007,-8.2313,-6.9244,19.93,12.24,32.46,24.45,52.38,26.7,0
Iraq,IRQ,2007,-2.7032,17.1241,10.0,1.7,58.77,50.26,65.53,61.62,4
Ireland,IRL,2007,7.8462,-3.6541,3.66,1.47,9.09,7.39,3.21,31.69,6
Israel,ISR,2007,6.8009,12.1959,3.57,0.88,14.5,10.3,9.5,31.15,6
Italy,ITA,2007,11.843,-9.2531,9.38,8.82,9.97,7.6,4.38,29.75,6
Jamaica,JAM,2007,5.8889,-0.4032,4.88,1.12,21.24,15.32,12.48,50.11,2
Japan,JPN,2007,17.9506,13.1399,18.04,43.88,7.42,7.5,7.44,7.32,1
Jordan,JOR,2007,15.0563,14.8291,2.52,0.57,11.12,12.38,2.76,40.2,6
Kazakhstan,KAZ,2007,2.6369,9.4982,2.11,0.25,17.77,18.35,10.56,28.94,6
Kenya,KEN,2007,7.7936,0.9029,12.47,3.24,48.02,60.31,29.88,61.45,5
Kiribati,KIR,2007,-13.885,6.888,3.05,0.69,13.47,17.05,2.88,49.72,2
Kuwait,KWT,2007,-6.4526,20.966,2.25,1.03,4.9,4.67,2.4,10.48,1
Kyrgyzstan,KGZ,2007,0.8034,8.4753,2.59,0.22,30.5,45.04,11.97,52.64,5
Lao People's Democratic Republic,LAO,2007,-10.6443,14.0015,2.55,0.38,17.17,23.16,3.53,61.88,2
Latvia,LVA,2007,-6.1339,13.9019,2.81,0.79,9.97,11.12,2.34,38.06,6
Lebanon,LBN,2007,-4.9244,1.836,3.78,0.37,38.67,24.79,48.34,48.24,0
Lesotho,LSO,2007,-10.2251,4.9944,1.32,0.07,25.08,18.59,13.58,62.49,2
Liberia,LBR,2007,5.5041,4.5765,5.8,0.54,62.21,61.43,57.78,67.82,4
Libyan Arab Jamahiriya,LBY,2007,-2.9657,7.3498,8.88,4.97,15.86,36.51,2.94,37.17,2
Liechtenstein,LIE,2007,14.171,22.0406,0.76,0.09,6.43,5.18,1.9,27.06,6
Lithuania,LTU,2007,0.6192,15.0988,2.36,0.65,8.54,7.73,2.26,35.66,6
Luxembourg,LUX,2007,17.1142,-4.9057,0.57,0.06,5.4,5.84,1.51,17.82,1
Madagascar,MDG,2007,-11.8013,-3.385,22.79,17.87,29.07,25.38,14.26,67.85,2
Malawi,MWI,2007,-4.333,10.1048,3.32,0.34,32.41,34.53,14.71,67.05,5
Malaysia,MYS,2007,18.6556,9.7842,13.6,8.61,21.48,23.92,10.71,38.67,2
Maldives,MDV,2007,-5.5241,0.4794,1.41,0.11,18.15,12.73,11.38,41.26,6
Mali,MLI,2007,4.3774,1.9151,2.19,0.08,60.04,60.54,58.73,60.87,4
Malta,MLT,2007,-14.4376,-9.1179,1.01,0.15,6.86,4.66,1.97,35.19,6
Marshall Islands,MHL,2007,-13.7002,7.1206,2.53,0.5,12.79,16.95,2.8,44.09,6
Mauritania,MRT,2007,1.0497,-4.8429,9.26,2.94,29.16,29.91,13.48,61.5,2
Mauritius,MUS,2007,8.0231,22.0298,2.88,0.72,11.5,13.14,2.59,44.65,6
Mexico,MEX,2007,18.8311,-1.554,36.15,50.01,26.13,33.7,12.6,42.03,3
Monaco,MCO,2007,12.3609,13.4437,0.19,0.02,1.72,1.62,0.63,5.01,1
Mongolia,MNG,2007,-6.3338,4.2586,1.93,0.21,17.81,19.4,9.88,29.48,6
Montenegro,MNE,2007,0.0301,21.9764,3.85,0.81,18.26,17.39,8.9,39.31,6
Morocco,MAR,2007,16.2655,5.0772,12.91,7.68,21.71,19.02,11.54,46.59,2
Mozambique,MOZ,2007,9.9253,0.9413,27.18,18.23,40.51,64.65,14.51,70.89,5
Myanmar,MMR,2007,-4.3993,-7.8731,38.14,23.32,62.38,60.59,60.7,66.01,4
Namibia,NAM,2007,-16.8512,11.9385,5.99,1.32,27.19,32.81,10.93,56.05,2
Nauru,NRU,2007,-13.2247,9.9871,0.81,0.11,5.93,7.64,2.62,10.43,1
Nepal,NPL,2007,1.82,-4.4352,3.52,0.24,51.58,34.39,63.88,62.47,0
Netherlands,NLD,2007,-10.411,-5.7216,4.1,2.21,7.62,7.06,2.19,28.64,6
New Zealand,NZL,2007,-1.572,26.2023,14.12,17.99,11.09,6.37,6.56,32.6,6
Nicaragua,NIC,2007,-7.8576,10.7044,21.79,18.44,25.74,23.09,13.16,56.11,2
Niger,NER,2007,4.0205,1.7141,1.99,0.07,56.3,48.81,63.76,57.35,4
Nigeria,NGA,2007,3.2633,1.5783,8.92,1.31,60.67,56.98,56.94,68.83,4
North Macedonia,MKD,2007,0.0762,6.1776,1.39,0.1,19.24,13.85,12.19,42.2,6
Norway,NOR,2007,11.4948,-3.6681,2.35,1.05,5.24,3.78,1.51,25.27,6
Oman,OMN,2007,-9.6598,-9.3395,9.56,6.7,13.64,10.98,9.6,24.06,6
Pakistan,PAK,2007,10.1891,-6.7476,28.47,13.06,62.07,56.22,63.65,66.84,4
Palau,PLW,2007,4.8687,14.1219,1.79,0.36,8.94,13.29,2.5,21.51,1
Panama,PAN,2007,6.2619,-11.941,18.32,16.02,20.94,17.51,11.11,47.21,2
Papua New Guinea,PNG,2007,-5.1956,6.8595,25.84,18.98,35.17,57.77,13.9,54.18,5
Paraguay,PRY,2007,5.4305,-3.6532,1.85,0.14,24.38,21.01,13.69,50.36,2
Peru,PER,2007,9.855,-1.8971,26.03,16.65,40.69,27.08,52.37,47.5,0
Philippines,PHL,2007,20.4696,8.1263,44.84,40.4,49.77,38.87,58.33,54.36,3
Plurinational State of Bolivia,BOL,2007,-9.1732,17.8195,3.14,0.35,28.26,29.23,13.91,55.53,2
Poland,POL,2007,-0.4591,15.5079,4.48,1.75,11.47,13.0,7.88,14.72,1
Portugal,PRT,2007,18.0671,0.6335,6.37,3.13,12.95,7.89,8.6,31.97,6
Qatar,QAT,2007,9.5925,12.2434,0.83,0.14,4.89,4.43,2.45,10.8,1
Republic of Congo,COG,2007,2.1846,1.9792,4.21,0.49,36.19,60.25,13.9,56.58,5
Republic of Korea,KOR,2007,-13.0905,18.9684,9.35,10.02,8.73,5.44,8.97,13.62,1
Republic of Moldova,MDA,2007,-1.8309,5.1117,1.48,0.1,21.88,18.22,11.53,49.87,2
Romania,ROU,2007,2.7691,10.2332,3.42,0.69,16.91,11.5,10.21,41.15,6
Russian Federation,RUS,2007,15.2007,-8.2229,29.72,28.94,30.53,17.21,43.89,37.67,3
Rwanda,RWA,2007,-3.931,10.4676,2.2,0.16,30.17,34.51,13.9,57.24,5
Saint Kitts and Nevis,KNA,2007,-7.5149,-0.5934,1.87,0.53,6.61,8.05,2.48,14.45,1
Saint Lucia,LCA,2007,-6.2223,0.899,2.02,0.46,8.89,14.49,2.67,18.17,1
Saint Vincent and the Grenadines,VCT,2007,-6.2691,0.8804,2.45,0.43,13.96,15.58,9.49,18.39,1
Samoa,WSM,2007,6.5197,17.4796,3.25,0.82,12.9,15.47,2.68,51.83,2
San Marino,SMR,2007,-7.3294,8.5053,0.38,0.03,4.79,2.44,1.79,25.22,6
Sao Tome and Principe,STP,2007,9.8523,5.2696,0.53,0.02,13.81,16.39,3.08,52.17,2
Saudi Arabia,SAU,2007,-2.7108,6.7784,11.98,5.19,27.66,14.18,40.47,36.86,0
Senegal,SEN,2007,3.7373,-0.4688,6.97,1.05,46.27,32.81,51.41,58.71,0
Serbia,SRB,2007,1.8337,7.1832,1.85,0.17,20.18,19.09,9.97,43.17,2
Seychelles,SYC,2007,-4.472,5.325,3.29,1.03,10.53,10.96,9.74,10.93,1
Sierra Leone,SLE,2007,2.3417,0.7051,6.04,1.11,32.87,34.89,13.68,74.4,5
Singapore,SGP,2007,-6.1483,17.308,0.75,0.15,3.77,3.14,0.68,25.18,6
Slovakia,SVK,2007,2.9733,18.5573,1.0,0.1,10.08,8.65,8.19,14.45,1
Slovenia,SVN,2007,2.4393,18.0052,1.74,0.31,9.73,4.19,7.33,29.98,6
Solomon Islands,SLB,2007,-1.7337,19.2631,16.24,9.62,27.43,31.42,11.5,57.14,2
Somalia,SOM,2007,6.9964,15.6366,25.43,8.52,75.93,68.95,76.69,82.78,4
South Africa,ZAF,2007,-15.9955,4.8372,8.54,2.67,27.3,28.81,12.73,55.5,2
South Sudan,SSD,2007,6.0284,24.6574,2.3,0.25,21.16,38.4,3.44,71.73,5
Spain,ESP,2007,12.7061,3.3358,9.73,7.85,12.06,7.47,7.53,31.16,6
Sri Lanka,LKA,2007,-5.4785,18.6572,8.85,1.62,48.39,44.72,55.15,45.94,0
Sudan,SDN,2007,-1.7257,-2.8942,10.15,1.65,62.45,58.19,66.12,63.3,4
Suriname,SUR,2007,1.605,-2.2155,6.16,1.81,20.94,16.15,11.52,49.32,2
Sweden,SWE,2007,10.4576,-3.9999,2.6,1.06,6.39,6.92,1.49,25.28,6
Switzerland,CHE,2007,11.0747,-11.7198,1.21,0.16,9.17,4.99,5.64,27.43,6
Syrian Arab Republic,SYR,2007,15.596,3.6036,9.72,2.53,37.31,46.73,22.1,50.3,5
Tajikistan,TJK,2007,0.8416,8.5133,2.81,0.24,32.99,45.75,13.03,60.21,5
Thailand,THA,2007,0.0253,19.7429,22.65,13.98,36.69,24.27,52.17,39.01,0
Timor-Leste,TLS,2007,-0.0447,12.1709,9.04,2.85,28.67,30.88,12.46,61.26,2
Togo,TGO,2007,3.5967,3.5432,1.44,0.07,29.68,33.86,14.64,52.76,2
Tonga,TON,2007,3.9558,-3.0588,3.26,1.33,7.97,15.57,2.82,11.52,1
Trinidad and Tobago,TTO,2007,-5.2642,3.038,2.95,0.49,17.77,11.43,10.12,48.47,2
Tunisia,TUN,2007,-14.4756,1.7741,7.22,2.83,18.44,15.28,10.66,38.48,6
Turkey,TUR,2007,-3.1578,16.1262,18.95,8.98,40.0,30.59,46.38,45.12,0
Turkmenistan,TKM,2007,14.6487,8.5907,1.46,0.17,12.47,14.14,3.15,43.58,6
Tuvalu,TUV,2007,-13.8526,9.0068,1.31,0.15,11.51,16.13,2.66,35.57,6
Uganda,UGA,2007,2.1051,-7.9609,3.83,0.23,63.74,65.88,60.76,64.68,4
Ukraine,UKR,2007,0.9521,4.8096,3.21,0.48,21.43,24.6,10.11,39.59,2
United Arab Emirates,ARE,2007,9.3625,11.8076,5.1,3.66,7.12,4.36,2.49,33.19,6
United Kingdom of Great Britain and Northern Ireland,GBR,2007,-1.8898,10.5468,5.95,2.58,13.71,8.62,7.95,37.6,6
United Republic of Tanzania,TZA,2007,9.0448,1.1575,13.17,5.44,31.86,34.82,14.7,63.17,5
United States of America,USA,2007,14.0074,16.885,23.92,39.94,14.33,10.49,8.34,33.63,6
Uruguay,URY,2007,10.9017,20.3862,5.18,1.56,17.23,11.85,9.81,44.02,6
Uzbekistan,UZB,2007,0.2962,8.4256,2.57,0.18,36.71,23.59,41.16,50.97,0
Vanuatu,VUT,2007,15.3876,11.184,11.3,5.74,22.23,17.93,11.46,53.47,2
Viet Nam,VNM,2007,-9.6388,8.6697,27.04,26.97,27.11,27.59,13.51,53.46,2
Yemen,YEM,2007,-8.6057,9.1365,16.35,7.45,35.87,59.37,12.34,62.99,5
Zambia,ZMB,2007,4.6902,21.8032,3.01,0.28,32.39,36.31,13.92,67.24,5
Zimbabwe,ZWE,2007,-11.1574,4.7243,2.82,0.2,39.74,54.48,15.52,74.21,5
Afghanistan,AFG,2008,-12.9138,15.4149,4.2,0.25,70.57,59.42,78.66,75.2,2
Albania,ALB,2008,-14.8128,0.8499,5.11,2.35,11.1,7.3,12.03,15.59,1
Algeria,DZA,2008,-6.7376,6.3222,9.86,2.63,37.0,22.46,52.18,43.21,4
Andorra,AND,2008,5.8418,-14.3162,0.24,0.02,2.99,2.56,2.03,5.13,1
Angola,AGO,2008,0.8246,-3.8904,9.89,2.3,42.55,19.57,58.08,67.77,4
Antigua and Barbuda,ATG,2008,-7.1824,-0.1765,3.62,1.21,10.86,8.43,10.13,15.01,1
Argentina,ARG,2008,-18.7558,9.3956,15.14,11.63,19.71,16.69,10.93,41.98,5
Armenia,ARM,2008,1.2742,7.2821,2.27,0.23,22.39,22.52,11.14,44.73,5
Australia,AUS,2008,-6.2222,24.1453,18.28,31.79,10.51,6.06,7.0,27.33,3
Austria,AUT,2008,-17.2625,0.8768,1.25,0.17,9.19,4.55,5.35,31.91,1
Azerbaijan,AZE,2008,0.8614,7.2683,2.28,0.23,22.6,18.97,11.46,53.11,0
Bahamas,BHS,2008,-5.8211,11.4025,4.75,1.51,14.93,9.4,9.36,37.85,5
Bahrain,BHR,2008,11.8927,15.9711,1.06,0.14,8.03,6.86,2.65,28.43,1
Bangladesh,BGD,2008,11.0986,-6.6496,27.77,16.61,46.42,27.89,63.57,56.41,4
Barbados,BRB,2008,-7.3124,0.4649,2.4,0.48,12.01,5.36,8.02,40.27,5
Belarus,BLR,2008,0.6202,4.2511,0.79,0.05,12.47,10.06,7.91,24.39,1
Belgium,BEL,2008,5.5749,-9.0626,3.35,1.86,6.03,4.61,3.7,12.87,1
Belize,BLZ,2008,-2.4274,1.7867,7.85,2.52,24.43,27.16,11.93,45.01,0
Benin,BEN,2008,3.5221,4.0784,1.65,0.09,30.22,33.37,13.34,61.97,0
Bhutan,BTN,2008,-9.0919,4.803,1.13,0.1,12.87,15.59,2.86,47.76,5
Bolivarian Republic of Venezuela,VEN,2008,9.2981,-1.3637,28.11,19.2,41.15,25.83,48.85,55.22,4
Bosnia and Herzegovina,BIH,2008,-0.6483,5.9973,2.45,0.34,17.61,10.24,11.44,46.58,5
Botswana,BWA,2008,2.9993,12.8952,1.35,0.09,20.31,17.25,9.84,49.33,5
Brazil,BRA,2008,-19.0159,-4.0193,10.17,6.34,16.31,19.94,11.65,18.67,1
Brunei Darussalam,BRN,2008,8.2588,-10.2752,1.38,0.33,5.8,4.4,2.45,18.07,1
Bulgaria,BGR,2008,0.1487,5.1535,2.25,0.3,16.93,12.18,9.32,42.76,5
Burkina Faso,BFA,2008,3.3129,2.397,1.62,0.07,37.68,60.3,13.43,66.07,6
Burundi,BDI,2008,-13.1976,-1.7169,3.15,0.15,65.98,61.42,67.36,69.43,2
Cambodia,KHM,2008,10.1284,7.543,7.62,2.49,23.32,13.78,14.61,63.01,0
Cameroon,CMR,2008,2.1361,1.9449,8.55,2.05,35.68,57.75,13.34,58.97,6
Canada,CAN,2008,9.0833,15.6108,18.28,26.29,12.71,9.39,7.04,31.08,3
Cape Verde,CPV,2008,6.2714,-1.4563,0.75,0.07,8.06,9.72,2.79,19.3,1
Central African Republic,CAF,2008,7.3875,6.853,3.31,0.16,68.47,70.9,60.76,74.53,2
Chad,TCD,2008,7.0884,6.0612,2.92,0.12,71.27,67.66,70.56,75.82,2
Chile,CHL,2008,-1.8318,-14.778,15.99,13.0,19.68,18.44,10.05,41.16,5
China,CHN,2008,20.0826,3.8062,40.92,64.27,26.05,23.88,26.57,27.85,3
Colombia,COL,2008,-3.9669,-12.5333,39.54,31.74,49.26,46.05,57.86,44.86,4
Comoros,COM,2008,6.4134,-5.5761,2.57,0.32,20.66,10.62,15.11,54.95,5
Costa Rica,CRI,2008,-8.9423,-12.5127,14.97,9.68,23.16,25.08,11.04,44.86,0
Cote d'Ivoire,CIV,2008,3.9042,2.4967,2.44,0.13,45.62,33.6,51.69,54.68,4
Croatia,HRV,2008,-0.4477,15.0309,4.41,1.59,12.22,6.68,8.03,34.01,5
Cuba,CUB,2008,-12.3537,-0.7409,6.1,4.6,8.09,19.22,7.18,3.84,1
Cyprus,CYP,2008,-15.4375,-8.8297,3.11,1.01,9.59,6.45,4.12,33.2,1
Czech Republic,CZE,2008,2.5245,17.8859,0.87,0.1,7.6,4.25,7.33,14.1,1
Democratic People's Republic of Korea,PRK,2008,-12.8383,-11.2867,10.44,7.29,14.96,6.78,12.46,39.66,5
Democratic Republic of Congo,COD,2008,5.6759,4.9092,9.54,1.36,66.87,64.89,62.3,73.95,2
Denmark,DNK,2008,-2.7947,-7.2743,0.93,0.18,4.83,4.28,0.83,31.71,1
Djibouti,DJI,2008,8.2468,1.8418,12.83,4.17,39.45,18.59,58.62,56.34,4
Dominica,DMA,2008,-6.4406,1.3069,3.46,0.8,14.97,8.77,9.93,38.5,5
Dominican Republic,DOM,2008,-2.8138,2.2488,12.38,6.94,22.1,16.51,12.63,51.76,0
Ecuador,ECU,2008,9.6219,-1.6714,24.2,14.45,40.54,27.71,50.66,47.47,4
Egypt,EGY,2008,-19.8706,4.7967,14.21,10.76,18.77,24.7,5.6,47.84,0
El Salvador,SLV,2008,15.777,3.7466,13.43,7.33,24.62,27.88,11.63,46.05,0
Equatorial Guinea,GNQ,2008,-10.2989,7.0583,3.21,0.85,12.16,10.43,3.46,49.84,5
Eritrea,ERI,2008,7.4671,2.5921,7.6,2.2,26.23,18.64,15.35,63.05,0
Estonia,EST,2008,6.7642,9.6862,2.32,0.45,12.0,6.76,7.34,34.85,5
Eswatini,SWZ,2008,-6.3191,-5.1497,1.7,0.14,20.74,18.35,13.4,36.27,5
Ethiopia,ETH,2008,2.5183,-4.9088,4.96,0.36,68.46,64.76,63.65,77.84,2
Federated States of Micronesia,FSM,2008,0.6082,-12.0149,4.38,1.13,16.98,9.68,10.77,46.94,5
Fiji,FJI,2008,3.5059,-2.9407,6.62,2.82,15.52,11.34,11.42,28.85,1
Finland,FIN,2008,-15.1014,-5.6622,1.92,0.5,7.39,5.66,4.35,16.39,1
France,FRA,2008,-2.6635,-9.6888,4.78,2.71,8.43,6.26,6.98,13.71,1
Gabon,GAB,2008,-4.8708,8.1645,4.58,1.5,13.99,17.48,3.25,48.15,5
Gambia,GMB,2008,2.3462,2.1754,4.84,0.68,34.38,58.07,12.48,56.07,6
Georgia,GEO,2008,0.8502,7.6698,4.49,0.74,27.29,11.46,40.04,44.27,5
Germany,DEU,2008,-16.431,20.3565,3.87,2.0,7.48,3.81,3.51,31.32,1
Ghana,GHA,2008,0.4471,-7.0199,3.13,0.34,28.88,31.25,12.48,61.74,0
Greece,GRC,2008,12.6224,4.4854,7.92,8.4,7.46,5.96,5.07,13.72,1
Grenada,GRD,2008,-6.1938,0.9617,1.91,0.31,11.71,8.55,11.3,16.64,1
Guatemala,GTM,2008,16.5242,4.3726,10.48,4.28,25.65,22.58,13.71,54.49,0
Guinea,GIN,2008,-0.192,13.562,6.34,1.45,27.71,19.78,14.91,72.16,0
Guinea-Bissau,GNB,2008,1.736,0.8471,4.61,0.66,32.22,35.1,14.59,65.3,0
Guyana,GUY,2008,15.2987,-0.4467,6.84,2.65,17.68,8.19,13.69,49.29,5
Haiti,HTI,2008,5.034,9.8154,12.06,2.76,52.66,35.58,61.95,66.24,4
Honduras,HND,2008,-7.6425,10.6224,16.61,8.91,30.96,39.27,13.78,54.86,0
Hungary,HUN,2008,2.5936,17.5427,0.95,0.11,8.16,6.42,8.92,9.49,1
Iceland,ISL,2008,9.6476,9.6201,1.73,0.67,4.48,3.7,0.97,25.12,1
India,IND,2008,8.0317,-8.146,45.19,35.95,56.8,52.78,57.98,59.89,4
Indonesia,IDN,2008,-9.3454,19.8801,39.72,39.36,40.08,21.14,57.64,52.83,4
Iran (Islamic Republic of),IRN,2008,-8.2663,-6.8896,16.98,12.26,23.52,13.77,52.3,18.07,4
Iraq,IRQ,2008,-2.6996,17.0925,9.08,1.7,48.52,38.33,62.34,47.79,4
Ireland,IRL,2008,7.8477,-3.6526,3.47,1.47,8.2,5.71,3.24,29.81,1
Israel,ISR,2008,6.8224,12.2157,3.37,0.88,12.93,6.01,9.96,36.11,5
Italy,ITA,2008,11.8884,-9.3007,8.79,8.81,8.77,5.28,4.15,30.79,1
Jamaica,JAM,2008,5.9257,-0.4315,4.93,1.12,21.68,15.67,12.57,51.72,5
Japan,JPN,2008,17.9616,13.1515,20.37,43.8,9.47,4.71,7.58,23.77,3
Jordan,JOR,2008,15.0597,14.8336,2.37,0.57,9.86,7.84,2.77,44.12,5
Kazakhstan,KAZ,2008,2.6594,9.5254,1.65,0.25,10.87,10.71,10.3,11.63,1
Kenya,KEN,2008,7.8007,0.9041,12.55,3.24,48.61,59.33,30.35,63.78,6
Kiribati,KIR,2008,-13.9304,6.8371,3.83,0.69,21.31,17.17,10.01,56.31,0
Kuwait,KWT,2008,-6.4558,20.9627,2.16,1.03,4.52,3.75,2.43,10.16,1
Kyrgyzstan,KGZ,2008,0.804,8.4819,2.58,0.22,30.36,45.75,11.88,51.48,0
Lao People's Democratic Republic,LAO,2008,-10.6277,14.0182,2.9,0.38,22.07,12.72,13.92,60.75,0
Latvia,LVA,2008,-6.1244,13.9117,2.7,0.78,9.37,8.8,2.37,39.5,5
Lebanon,LBN,2008,-5.0096,1.7635,3.07,0.37,25.51,14.61,23.2,48.95,5
Lesotho,LSO,2008,-10.2411,4.9914,1.21,0.07,20.88,11.0,13.37,61.94,0
Liberia,LBR,2008,10.1159,17.5553,4.55,0.54,38.31,61.17,13.96,65.84,6
Libyan Arab Jamahiriya,LBY,2008,-2.9831,7.3466,8.15,4.98,13.33,22.13,2.89,37.05,5
Liechtenstein,LIE,2008,14.1733,22.0429,0.76,0.09,6.38,4.84,1.92,28.01,1
Lithuania,LTU,2008,0.6474,15.072,2.37,0.65,8.62,7.9,2.27,35.69,5
Luxembourg,LUX,2008,17.1183,-4.9015,0.47,0.06,3.67,3.53,0.84,16.71,1
Madagascar,MDG,2008,-11.8217,-3.4056,21.94,17.9,26.88,20.31,14.65,65.25,0
Malawi,MWI,2008,-4.2752,10.1342,3.0,0.34,26.39,19.6,14.82,63.29,0
Malaysia,MYS,2008,18.6592,9.7806,13.62,8.6,21.56,23.28,10.78,39.95,5
Maldives,MDV,2008,-5.5321,0.4556,1.3,0.11,15.35,7.62,11.65,40.75,5
Mali,MLI,2008,4.3441,1.9383,2.23,0.08,62.2,59.4,59.09,68.56,2
Malta,MLT,2008,-14.4292,-9.1231,1.04,0.15,7.21,4.75,1.99,39.7,5
Marshall Islands,MHL,2008,-13.6875,7.1343,3.18,0.5,20.25,17.31,10.19,47.08,5
Mauritania,MRT,2008,1.1303,-4.7573,8.46,2.95,24.26,17.26,13.85,59.76,0
Mauritius,MUS,2008,8.0347,22.0407,2.28,0.73,7.14,7.79,2.57,18.15,1
Mexico,MEX,2008,18.7988,-1.5218,36.09,50.03,26.03,32.92,12.62,42.47,3
Monaco,MCO,2008,12.3587,13.4407,0.17,0.02,1.39,1.39,0.63,3.08,1
Mongolia,MNG,2008,-6.3116,4.2646,1.62,0.21,12.46,14.25,2.85,47.58,5
Montenegro,MNE,2008,0.015,21.9941,3.44,0.82,14.42,8.85,9.01,37.61,5
Morocco,MAR,2008,16.1615,5.4847,11.17,7.68,16.26,19.51,11.78,18.72,1
Mozambique,MOZ,2008,9.9274,0.9424,27.03,18.17,40.22,64.74,14.22,70.67,6
Myanmar,MMR,2008,-4.4474,-7.9209,38.27,23.19,63.14,61.13,64.6,63.73,2
Namibia,NAM,2008,-16.8241,11.9111,5.42,1.32,22.29,18.73,10.69,55.32,0
Nauru,NRU,2008,-13.2066,10.0062,0.77,0.11,5.34,7.75,2.63,7.49,1
Nepal,NPL,2008,1.7966,-4.4262,3.48,0.24,50.42,34.03,62.57,60.19,4
Netherlands,NLD,2008,-10.4348,-5.6978,3.7,2.21,6.18,4.04,2.19,26.7,1
New Zealand,NZL,2008,-1.5734,26.2038,12.41,18.06,8.53,2.9,6.69,31.95,1
Nicaragua,NIC,2008,-7.8593,10.7503,21.42,18.43,24.9,22.81,13.12,51.57,0
Niger,NER,2008,3.9912,1.7116,2.06,0.07,60.78,46.78,64.52,74.39,2
Nigeria,NGA,2008,3.3862,1.6157,8.0,1.3,49.28,31.8,54.4,69.18,4
North Macedonia,MKD,2008,0.0742,6.1757,1.28,0.1,16.28,8.31,11.79,44.07,5
Norway,NOR,2008,11.4918,-3.6646,2.28,1.05,4.97,2.98,1.53,26.85,1
Oman,OMN,2008,-9.6323,-9.3125,8.57,6.69,10.99,6.21,9.47,22.55,1
Pakistan,PAK,2008,10.178,-6.7662,28.49,13.05,62.18,54.14,65.66,67.64,2
Palau,PLW,2008,4.8382,14.1523,1.66,0.36,7.7,7.76,2.54,23.2,1
Panama,PAN,2008,6.2667,-11.9463,17.33,15.98,18.8,12.66,11.05,47.49,5
Papua New Guinea,PNG,2008,-5.2163,6.8434,26.61,18.83,37.6,58.85,14.11,64.04,6
Paraguay,PRY,2008,5.457,-3.716,1.75,0.14,21.87,15.22,13.61,50.48,5
Peru,PER,2008,9.8556,-1.8962,26.18,16.65,41.15,27.07,52.91,48.66,4
Philippines,PHL,2008,20.5006,8.0918,44.89,40.35,49.95,38.74,57.86,55.61,4
Plurinational State of Bolivia,BOL,2008,-9.1697,17.8182,2.85,0.35,23.24,16.37,13.64,56.18,0
Poland,POL,2008,-0.4783,15.4962,4.4,1.75,11.08,7.85,7.54,22.98,1
Portugal,PRT,2008,18.0788,0.6209,5.46,3.13,9.52,7.86,3.85,28.5,1
Qatar,QAT,2008,9.585,12.2396,0.84,0.15,4.74,4.58,2.39,9.72,1
Republic of Congo,COG,2008,3.0783,-0.9564,3.83,0.49,29.95,34.29,13.73,57.08,0
Republic of Korea,KOR,2008,-13.0883,18.9662,8.76,10.02,7.66,3.94,8.72,13.09,1
Republic of Moldova,MDA,2008,-1.8348,5.1174,1.53,0.1,23.5,24.2,11.51,46.57,0
Romania,ROU,2008,2.7697,10.2341,3.42,0.69,16.91,11.87,10.23,39.81,5
Russian Federation,RUS,2008,15.1772,-8.1996,26.71,28.89,24.69,10.07,40.33,37.08,3
Rwanda,RWA,2008,-3.9164,10.4783,2.15,0.16,29.0,34.52,12.16,58.09,0
Saint Kitts and Nevis,KNA,2008,-7.4803,-0.5629,1.93,0.53,7.01,6.48,2.49,21.31,1
Saint Lucia,LCA,2008,-5.842,1.3256,2.13,0.46,9.89,8.49,2.66,42.88,5
Saint Vincent and the Grenadines,VCT,2008,-6.2393,0.9118,2.23,0.44,11.32,8.76,9.45,17.52,1
Samoa,WSM,2008,6.5542,17.513,2.95,0.81,10.73,8.96,2.68,51.38,5
San Marino,SMR,2008,-7.3394,8.5142,0.38,0.03,4.75,2.5,1.8,23.82,1
Sao Tome and Principe,STP,2008,9.8488,5.2667,0.42,0.02,8.93,10.04,3.12,22.77,1
Saudi Arabia,SAU,2008,-2.7658,6.8197,9.72,5.21,18.13,8.8,20.64,32.81,5
Senegal,SEN,2008,0.7295,-5.8215,5.03,1.05,24.05,18.68,12.9,57.74,0
Serbia,SRB,2008,1.8495,7.1912,1.69,0.17,16.71,11.06,10.02,42.14,5
Seychelles,SYC,2008,-4.4566,5.31,3.28,1.03,10.43,6.54,9.82,17.68,1
Sierra Leone,SLE,2008,2.3167,0.7078,5.43,1.11,26.58,20.31,13.73,67.32,0
Singapore,SGP,2008,-6.1575,17.3181,0.74,0.15,3.64,3.18,0.64,23.78,1
Slovakia,SVK,2008,2.9837,18.5635,0.9,0.1,8.16,6.85,8.14,9.76,1
Slovenia,SVN,2008,2.3982,18.0471,1.77,0.31,10.15,5.04,7.25,28.65,1
Solomon Islands,SLB,2008,-1.7177,19.2782,14.88,9.63,22.99,17.97,11.43,59.18,0
Somalia,SOM,2008,7.0208,15.6568,25.23,8.48,75.08,66.36,81.56,78.19,2
South Africa,ZAF,2008,-15.9992,4.8331,8.53,2.68,27.17,28.78,12.63,55.17,0
South Sudan,SSD,2008,6.0259,24.6551,2.58,0.25,26.67,21.03,13.41,67.28,0
Spain,ESP,2008,12.713,3.3283,8.84,7.85,9.95,4.37,7.57,29.78,1
Sri Lanka,LKA,2008,-5.4781,18.6619,8.97,1.63,49.31,45.03,57.25,46.51,4
Sudan,SDN,2008,-1.7102,-2.9084,10.04,1.64,61.48,57.83,65.82,61.05,2
Suriname,SUR,2008,1.6145,-2.2225,5.63,1.81,17.5,9.28,11.47,50.38,5
Sweden,SWE,2008,10.4652,-3.9986,2.53,1.06,6.02,5.55,1.57,24.99,1
Switzerland,CHE,2008,11.0486,-11.6935,1.16,0.16,8.37,3.85,5.72,26.6,1
Syrian Arab Republic,SYR,2008,-3.0321,16.7004,10.3,2.54,41.77,27.08,50.0,53.83,4
Tajikistan,TJK,2008,0.9941,8.6055,2.54,0.23,28.06,26.83,13.85,59.47,0
Thailand,THA,2008,-0.0019,19.7186,19.64,14.01,27.52,21.31,54.51,17.95,4
Timor-Leste,TLS,2008,-0.0269,12.189,8.44,2.85,24.97,22.45,12.35,56.14,0
Togo,TGO,2008,3.6181,3.5406,1.49,0.07,31.65,34.41,14.54,63.38,0
Tonga,TON,2008,3.9631,-3.0425,3.18,1.33,7.59,8.89,2.86,17.21,1
Trinidad and Tobago,TTO,2008,-5.265,3.0343,2.82,0.49,16.26,8.75,10.15,48.43,5
Tunisia,TUN,2008,-14.4221,1.8223,5.87,3.42,10.07,8.89,10.07,11.39,1
Turkey,TUR,2008,-3.1911,16.0898,17.95,8.98,35.87,23.05,44.99,44.51,4
Turkmenistan,TKM,2008,14.6589,8.5832,1.38,0.17,11.19,14.26,3.1,31.72,1
Tuvalu,TUV,2008,-13.8203,9.0512,1.05,0.15,7.32,9.21,2.62,16.25,1
Uganda,UGA,2008,2.1049,-7.9611,3.84,0.23,64.04,64.7,61.54,65.97,2
Ukraine,UKR,2008,0.9467,4.8258,3.47,0.48,25.15,32.88,10.61,45.61,0
United Arab Emirates,ARE,2008,9.3613,11.8099,4.96,3.68,6.68,3.44,2.52,34.36,1
United Kingdom of Great Britain and Northern Ireland,GBR,2008,-1.9002,10.5548,5.44,2.59,11.41,5.12,8.07,35.98,5
United Republic of Tanzania,TZA,2008,9.0369,1.1595,13.03,5.43,31.26,34.09,14.43,62.1,0
United States of America,USA,2008,14.0102,16.8848,23.87,39.9,14.28,10.76,8.45,32.06,3
Uruguay,URY,2008,10.8931,20.3948,4.64,1.56,13.81,6.58,9.56,41.86,5
Uzbekistan,UZB,2008,0.3298,8.419,2.25,0.18,28.08,11.16,41.15,48.19,5
Vanuatu,VUT,2008,15.3415,11.23,10.56,5.73,19.47,12.45,11.55,51.3,5
Viet Nam,VNM,2008,-9.6431,8.6657,26.53,26.97,26.1,26.85,13.46,49.2,3
Yemen,YEM,2008,-3.0991,-4.8237,20.88,7.48,58.3,59.18,51.39,65.14,2
Zambia,ZMB,2008,4.6729,21.7863,2.98,0.28,31.68,36.31,13.72,63.85,0
Zimbabwe,ZWE,2008,-11.0173,4.8472,2.58,0.2,33.26,31.59,15.61,74.63,0
Afghanistan,AFG,2009,-12.8602,15.3569,3.77,0.25,56.78,32.95,77.76,71.44,2
Albania,ALB,2009,-14.7905,0.9071,6.67,2.35,18.93,15.25,11.99,37.09,6
Algeria,DZA,2009,-6.7387,6.3175,9.79,2.63,36.43,22.01,52.13,42.13,3
Andorra,AND,2009,5.8524,-14.3269,0.23,0.02,2.64,2.56,2.01,3.58,1
Angola,AGO,2009,0.7429,-3.8436,10.92,2.31,51.6,34.66,56.63,70.0,2
Antigua and Barbuda,ATG,2009,-7.1774,-0.159,3.61,1.2,10.86,6.18,10.13,20.48,1
Argentina,ARG,2009,-18.7571,9.3944,14.44,11.61,17.95,12.69,11.11,40.99,6
Armenia,ARM,2009,1.3895,7.2037,2.06,0.23,18.44,13.33,11.11,42.36,6
Australia,AUS,2009,-6.2267,24.1497,18.67,31.76,10.98,6.67,7.34,27.04,4
Austria,AUT,2009,-17.2475,0.8621,1.26,0.17,9.39,4.6,5.9,30.55,1
Azerbaijan,AZE,2009,0.7504,7.3847,2.62,0.23,29.91,13.98,40.73,46.98,3
Bahamas,BHS,2009,-5.8143,11.4104,4.31,1.51,12.29,5.48,9.33,36.35,6
Bahrain,BHR,2009,11.8781,15.9439,1.01,0.14,7.34,6.95,2.64,21.57,1
Bangladesh,BGD,2009,11.1049,-6.6235,29.21,16.6,51.4,39.28,62.44,55.36,5
Barbados,BRB,2009,-7.321,0.4555,2.13,0.48,9.43,5.31,4.11,38.37,6
Belarus,BLR,2009,0.6299,4.1972,0.79,0.05,12.57,9.92,8.02,24.94,1
Belgium,BEL,2009,5.5697,-9.0672,3.04,1.86,4.96,4.62,3.63,7.29,1
Belize,BLZ,2009,-2.4076,1.7594,7.02,2.52,19.55,15.59,12.0,39.96,6
Benin,BEN,2009,3.5171,4.0643,1.63,0.09,29.42,32.93,13.66,56.6,0
Bhutan,BTN,2009,-9.0883,4.8028,1.27,0.1,16.02,15.6,5.13,51.35,6
Bolivarian Republic of Venezuela,VEN,2009,9.2611,-1.3304,24.85,19.16,32.24,12.6,48.73,54.58,3
Bosnia and Herzegovina,BIH,2009,-0.6349,6.0004,2.38,0.34,16.66,10.4,10.62,41.9,6
Botswana,BWA,2009,3.0591,12.9556,1.48,0.09,24.38,29.43,9.9,49.71,0
Brazil,BRA,2009,-19.0162,-4.0193,10.25,6.34,16.57,19.94,11.59,19.69,1
Brunei Darussalam,BRN,2009,8.2623,-10.2765,1.11,0.33,3.74,4.29,2.27,5.37,1
Bulgaria,BGR,2009,0.0827,5.0808,2.25,0.3,16.91,12.34,9.33,41.98,6
Burkina Faso,BFA,2009,3.605,3.9322,1.46,0.07,30.46,34.47,13.67,59.97,0
Burundi,BDI,2009,-5.0088,14.9213,2.59,0.15,44.59,20.27,67.21,65.09,2
Cambodia,KHM,2009,10.1482,7.5291,8.03,2.48,26.01,23.65,14.56,51.09,0
Cameroon,CMR,2009,0.8748,-5.046,7.16,2.05,25.02,19.08,13.48,60.9,0
Canada,CAN,2009,9.1377,15.6658,16.65,26.2,10.58,5.52,6.84,31.41,4
Cape Verde,CPV,2009,6.2735,-1.463,0.91,0.07,11.79,9.72,9.41,17.92,1
Central African Republic,CAF,2009,7.401,6.8115,3.33,0.16,69.16,70.43,62.49,75.17,2
Chad,TCD,2009,7.3639,6.2761,2.71,0.12,61.3,38.76,75.41,78.8,2
Chile,CHL,2009,-1.8476,-14.7621,15.06,13.0,17.45,13.45,9.95,39.68,6
China,CHN,2009,20.0537,3.7742,37.15,64.33,21.45,23.17,26.65,15.98,4
Colombia,COL,2009,-3.9303,-12.5708,38.11,31.86,45.58,35.75,58.41,45.35,5
Comoros,COM,2009,6.4217,-5.5672,2.59,0.32,21.03,10.59,15.02,58.49,0
Costa Rica,CRI,2009,-8.9499,-12.5203,14.96,9.71,23.06,24.55,11.05,45.19,0
Cote d'Ivoire,CIV,2009,3.5961,3.5401,2.05,0.13,32.41,44.46,13.4,57.15,0
Croatia,HRV,2009,-0.4115,14.9891,4.43,1.6,12.26,6.7,8.19,33.62,6
Cuba,CUB,2009,-12.341,-0.7283,6.91,4.59,10.41,10.99,7.17,14.31,1
Cyprus,CYP,2009,-15.3542,-8.8819,2.4,1.02,5.64,6.27,2.34,12.25,1
Czech Republic,CZE,2009,2.5611,17.7462,0.92,0.1,8.4,5.66,7.82,13.4,1
Democratic People's Republic of Korea,PRK,2009,-12.8481,-11.297,10.53,7.28,15.23,6.8,12.48,41.63,6
Democratic Republic of Congo,COD,2009,5.6932,4.9318,9.37,1.37,64.03,50.42,65.61,79.35,2
Denmark,DNK,2009,-2.7919,-7.2714,0.94,0.18,4.96,4.26,0.87,32.98,1
Djibouti,DJI,2009,8.2575,1.8281,12.79,4.16,39.33,18.66,57.41,56.81,3
Dominica,DMA,2009,-6.5352,1.1883,2.37,0.8,7.01,8.78,9.97,3.94,1
Dominican Republic,DOM,2009,-2.8042,2.2357,11.14,6.94,17.89,9.47,12.62,47.89,6
Ecuador,ECU,2009,9.6109,-1.6613,20.64,14.53,29.33,15.78,51.16,31.25,3
Egypt,EGY,2009,-19.8663,4.8013,13.09,10.75,15.95,14.32,5.53,51.21,6
El Salvador,SLV,2009,16.4667,4.4316,12.8,7.26,22.55,20.89,11.72,46.84,0
Equatorial Guinea,GNQ,2009,-10.3012,7.0549,2.99,0.7,12.78,12.99,3.45,46.57,6
Eritrea,ERI,2009,7.4686,2.5914,7.73,2.24,26.67,18.87,15.36,65.48,0
Estonia,EST,2009,6.7651,9.6854,2.21,0.44,11.13,6.69,7.4,27.83,1
Eswatini,SWZ,2009,-6.324,-5.1447,1.7,0.14,20.64,18.42,13.26,36.02,6
Ethiopia,ETH,2009,2.3959,-4.776,4.48,0.36,55.83,36.67,65.6,72.34,2
Federated States of Micronesia,FSM,2009,0.6592,-12.0656,3.55,1.13,11.17,9.84,2.84,49.9,6
Fiji,FJI,2009,3.4827,-2.9652,6.9,2.81,16.92,20.89,11.92,19.45,1
Finland,FIN,2009,-15.0918,-5.6526,1.57,0.5,4.92,4.42,2.45,11.02,1
France,FRA,2009,-2.689,-9.6838,5.05,2.71,9.42,4.72,7.09,25.0,1
Gabon,GAB,2009,-4.8527,8.1825,6.14,1.49,25.33,30.11,11.2,48.21,0
Gambia,GMB,2009,0.6475,-6.6702,4.07,0.69,24.06,19.16,12.79,56.84,0
Georgia,GEO,2009,0.8287,7.6636,4.52,0.74,27.64,11.5,41.74,43.99,3
Germany,DEU,2009,-16.4671,20.3905,3.82,2.0,7.28,3.88,3.53,28.12,1
Ghana,GHA,2009,0.4296,-7.0402,3.14,0.34,29.06,31.25,12.6,62.33,0
Greece,GRC,2009,12.6245,4.519,8.9,8.38,9.46,7.9,7.82,13.72,1
Grenada,GRD,2009,-6.012,1.1131,1.46,0.31,6.88,8.49,2.69,14.29,1
Guatemala,GTM,2009,16.5188,4.384,10.42,4.27,25.41,21.84,14.2,52.88,0
Guinea,GIN,2009,-0.1932,13.5656,6.32,1.45,27.59,19.89,15.2,69.43,0
Guinea-Bissau,GNB,2009,1.7409,0.8415,4.17,0.66,26.34,20.78,14.55,60.47,0
Guyana,GUY,2009,15.3024,-0.4504,6.75,2.66,17.14,8.21,13.72,44.73,6
Haiti,HTI,2009,5.21,10.0003,8.95,2.76,29.02,25.22,14.82,65.42,0
Honduras,HND,2009,-7.7605,10.7356,14.88,8.92,24.83,21.93,13.63,51.19,0
Hungary,HUN,2009,2.5789,17.5897,0.95,0.11,8.29,6.35,9.05,9.9,1
Iceland,ISL,2009,9.6211,9.5945,1.79,0.66,4.85,3.56,1.1,29.07,1
India,IND,2009,7.7799,-8.4105,43.66,35.9,53.09,41.08,58.11,62.69,5
Indonesia,IDN,2009,-9.3733,19.8525,41.51,39.36,43.77,28.45,57.03,51.7,5
Iran (Islamic Republic of),IRN,2009,-8.2539,-6.9026,15.7,12.24,20.15,13.52,53.21,11.38,3
Iraq,IRQ,2009,-2.6861,17.0656,7.97,1.71,37.16,16.24,61.4,51.46,3
Ireland,IRL,2009,7.8399,-3.6592,3.18,1.46,6.92,5.69,1.81,32.23,1
Israel,ISR,2009,6.8277,12.2198,3.1,0.88,10.89,3.56,9.99,36.27,6
Italy,ITA,2009,11.8743,-9.2859,10.96,8.8,13.66,9.4,8.71,31.1,6
Jamaica,JAM,2009,5.8744,-0.3849,4.62,1.12,19.03,11.34,11.79,51.53,6
Japan,JPN,2009,17.9578,13.1479,20.55,43.87,9.63,6.4,7.33,19.05,4
Jordan,JOR,2009,15.0584,14.8309,2.4,0.57,10.1,9.47,2.78,39.15,6
Kazakhstan,KAZ,2009,2.6639,9.5185,1.75,0.25,12.21,10.64,10.11,16.94,1
Kenya,KEN,2009,8.9888,1.1604,11.51,3.25,40.78,34.94,30.12,64.45,0
Kiribati,KIR,2009,-13.903,6.8689,3.51,0.69,17.9,10.09,10.21,55.7,6
Kuwait,KWT,2009,-6.4548,20.9658,2.25,1.04,4.85,3.75,2.45,12.39,1
Kyrgyzstan,KGZ,2009,1.1632,8.6491,2.17,0.22,21.44,15.16,13.63,47.68,6
Lao People's Democratic Republic,LAO,2009,-10.6244,14.0234,3.04,0.38,24.26,22.76,14.37,43.68,0
Latvia,LVA,2009,-6.127,13.9093,2.62,0.78,8.79,7.3,2.42,38.38,6
Lebanon,LBN,2009,-5.0232,1.7533,3.02,0.37,24.61,14.38,23.41,44.28,6
Lesotho,LSO,2009,-10.2255,4.9809,1.21,0.07,20.77,11.01,13.09,62.2,0
Liberia,LBR,2009,10.1304,17.5751,3.75,0.54,26.08,20.51,13.65,63.39,0
Libyan Arab Jamahiriya,LBY,2009,-3.0303,7.1923,7.3,4.98,10.71,12.14,2.89,34.99,6
Liechtenstein,LIE,2009,14.1778,22.0471,0.69,0.09,5.26,5.25,1.02,27.11,1
Lithuania,LTU,2009,0.6283,15.0959,2.35,0.65,8.48,7.94,2.26,33.96,6
Luxembourg,LUX,2009,17.0882,-4.9318,0.42,0.06,2.88,3.59,1.47,4.53,1
Madagascar,MDG,2009,-11.8574,-3.4425,22.85,17.87,29.22,24.62,14.84,68.3,0
Malawi,MWI,2009,-4.3499,10.1002,3.3,0.34,32.02,33.96,14.85,65.12,0
Malaysia,MYS,2009,18.6592,9.7807,12.29,8.6,17.55,13.77,10.81,36.31,6
Maldives,MDV,2009,-5.5657,0.3999,1.26,0.11,14.32,7.36,10.59,37.67,6
Mali,MLI,2009,3.9085,1.5615,1.84,0.08,42.48,19.31,60.16,66.0,2
Malta,MLT,2009,-14.4275,-9.1251,1.05,0.15,7.36,4.77,2.09,39.98,6
Marshall Islands,MHL,2009,-13.741,7.0991,2.63,0.5,13.79,9.99,10.43,25.15,1
Mauritania,MRT,2009,1.1495,-4.7365,8.38,2.92,24.06,17.24,13.64,59.2,0
Mauritius,MUS,2009,8.0471,22.0531,2.26,0.72,7.07,7.85,2.61,17.26,1
Mexico,MEX,2009,18.8366,-1.5594,33.68,49.96,22.71,20.0,12.63,46.37,4
Monaco,MCO,2009,12.3275,13.4096,0.16,0.02,1.26,1.17,0.44,3.89,1
Mongolia,MNG,2009,-6.3347,4.2513,2.24,0.21,23.93,25.51,12.11,44.35,0
Montenegro,MNE,2009,0.0097,21.9998,3.49,0.83,14.64,8.82,9.24,38.49,6
Morocco,MAR,2009,16.1842,5.4778,10.17,7.64,13.55,11.51,11.58,18.66,1
Mozambique,MOZ,2009,9.6662,1.1402,24.2,18.26,32.08,35.23,14.03,66.79,0
Myanmar,MMR,2009,-4.3742,-7.8482,37.17,23.06,59.91,56.7,65.27,58.11,5
Namibia,NAM,2009,-16.8719,11.9591,6.12,1.32,28.36,33.89,11.7,57.53,0
Nauru,NRU,2009,-13.2061,10.0064,0.89,0.11,7.15,7.78,2.64,17.78,1
Nepal,NPL,2009,-1.782,-2.8354,3.82,0.24,60.81,58.16,61.65,62.7,2
Netherlands,NLD,2009,-10.4749,-5.6567,3.98,2.21,7.18,4.07,3.16,28.81,1
New Zealand,NZL,2009,-1.5718,26.2021,12.76,18.02,9.03,3.89,5.8,32.64,6
Nicaragua,NIC,2009,-7.9142,11.1116,17.85,18.45,17.26,12.54,13.16,31.16,6
Niger,NER,2009,3.9849,1.656,1.84,0.07,48.57,26.42,67.83,63.94,2
Nigeria,NGA,2009,3.287,1.5251,8.54,1.3,56.08,42.79,57.39,71.83,2
North Macedonia,MKD,2009,0.0828,6.1763,1.25,0.1,15.7,8.44,11.8,38.87,6
Norway,NOR,2009,11.5012,-3.6725,2.53,1.05,6.1,2.86,2.76,28.75,1
Oman,OMN,2009,-9.6159,-9.2956,8.43,6.68,10.65,6.06,9.63,20.72,1
Pakistan,PAK,2009,10.1468,-6.7907,29.08,13.08,64.67,56.72,67.09,71.08,5
Palau,PLW,2009,4.8314,14.1584,1.83,0.36,9.26,12.78,2.54,24.44,1
Panama,PAN,2009,6.2706,-11.9495,17.13,16.0,18.33,12.11,11.0,46.21,6
Papua New Guinea,PNG,2009,12.6831,18.7932,24.08,18.81,30.83,32.27,14.14,64.24,0
Paraguay,PRY,2009,5.4506,-3.676,1.66,0.14,19.72,11.45,13.79,48.59,6
Peru,PER,2009,9.8034,-1.8466,26.08,16.59,41.01,26.94,52.5,48.75,3
Philippines,PHL,2009,20.4878,8.1134,45.48,40.28,51.35,40.1,59.42,56.82,5
Plurinational State of Bolivia,BOL,2009,-9.1537,17.8008,3.09,0.35,27.25,28.12,13.68,52.58,0
Poland,POL,2009,-0.4862,15.4957,4.07,1.75,9.45,6.57,5.17,24.82,1
Portugal,PRT,2009,18.073,0.6267,5.13,3.12,8.43,4.91,3.9,31.23,1
Qatar,QAT,2009,9.6034,12.2646,0.69,0.14,3.45,4.56,2.27,3.98,1
Republic of Congo,COG,2009,3.0483,-0.9941,3.52,0.49,25.22,20.0,13.7,58.53,0
Republic of Korea,KOR,2009,-13.0908,18.968,8.75,10.03,7.63,3.9,8.51,13.36,1
Republic of Moldova,MDA,2009,-0.0354,6.106,1.11,0.1,12.23,14.25,11.44,11.22,1
Romania,ROU,2009,2.77,10.244,3.12,0.69,14.07,6.79,10.05,40.84,6
Russian Federation,RUS,2009,15.1713,-8.1935,26.64,28.9,24.55,9.88,39.94,37.48,3
Rwanda,RWA,2009,-3.9544,10.4306,1.98,0.16,24.39,19.79,12.24,59.89,0
Saint Kitts and Nevis,KNA,2009,-7.4916,-0.578,1.92,0.53,6.96,6.39,2.46,21.45,1
Saint Lucia,LCA,2009,-5.841,1.331,2.14,0.46,9.99,10.54,2.66,35.59,6
Saint Vincent and the Grenadines,VCT,2009,-6.2712,0.9083,2.18,0.44,10.77,8.77,9.41,15.15,1
Samoa,WSM,2009,6.4895,17.4474,4.16,0.81,21.39,16.36,10.38,57.65,0
San Marino,SMR,2009,-7.3007,8.4758,0.39,0.03,4.95,2.47,1.85,26.53,1
Sao Tome and Principe,STP,2009,9.8559,5.2744,0.45,0.02,10.22,10.02,3.14,33.92,6
Saudi Arabia,SAU,2009,-2.7381,6.8047,11.9,5.23,27.07,14.71,39.44,34.19,3
Senegal,SEN,2009,2.358,2.164,6.15,1.05,36.05,59.66,13.5,58.16,0
Serbia,SRB,2009,1.8364,7.1891,1.7,0.17,16.95,10.97,10.11,43.94,6
Seychelles,SYC,2009,-4.486,5.2789,2.46,1.03,5.88,6.53,2.6,12.0,1
Sierra Leone,SLE,2009,2.3202,0.7059,5.47,1.11,26.92,20.27,13.71,70.18,0
Singapore,SGP,2009,-6.0872,17.2454,0.79,0.15,4.15,3.15,0.97,23.4,1
Slovakia,SVK,2009,3.0225,18.5585,0.81,0.1,6.57,7.04,4.09,9.84,1
Slovenia,SVN,2009,2.444,18.0059,1.65,0.31,8.83,3.28,7.32,28.65,1
Solomon Islands,SLB,2009,-1.63,19.3654,13.6,9.62,19.24,10.45,11.76,57.95,0
Somalia,SOM,2009,7.0053,15.6392,23.21,8.53,63.13,38.79,82.09,79.01,2
South Africa,ZAF,2009,-16.0129,4.8186,8.37,2.67,26.25,29.63,10.89,56.04,0
South Sudan,SSD,2009,-10.3994,5.1596,2.38,0.25,22.62,11.58,14.95,66.87,0
Spain,ESP,2009,12.7132,3.3292,8.71,7.81,9.72,4.5,7.59,26.89,1
Sri Lanka,LKA,2009,-5.4783,18.6573,8.93,1.62,49.24,46.31,58.66,43.96,2
Sudan,SDN,2009,-1.7277,-2.8953,10.09,1.65,61.68,59.1,63.62,62.41,2
Suriname,SUR,2009,1.6137,-2.2239,5.41,1.81,16.15,9.21,11.49,39.82,6
Sweden,SWE,2009,10.4386,-4.0173,2.53,1.06,6.06,5.53,1.47,27.31,1
Switzerland,CHE,2009,11.0832,-11.7288,1.16,0.16,8.43,3.76,5.69,28.03,1
Syrian Arab Republic,SYR,2009,-16.0619,4.7597,7.05,2.54,19.57,11.83,12.79,49.56,6
Tajikistan,TJK,2009,1.1014,8.6222,2.3,0.23,22.93,15.77,13.94,54.83,0
Thailand,THA,2009,0.0053,19.7255,20.07,14.04,28.68,24.74,54.7,17.44,3
Timor-Leste,TLS,2009,-0.0294,12.1872,8.1,2.85,23.03,22.99,12.03,44.15,0
Togo,TGO,2009,3.6278,3.5316,1.36,0.07,26.5,19.82,14.47,64.89,0
Tonga,TON,2009,3.9665,-3.029,4.27,1.33,13.72,14.38,10.36,17.33,1
Trinidad and Tobago,TTO,2009,-5.2601,3.0447,2.36,0.49,11.36,10.8,2.85,47.67,6
Tunisia,TUN,2009,-14.4481,1.7815,5.82,2.84,11.94,9.4,10.1,17.92,1
Turkey,TUR,2009,-3.2359,16.0151,17.3,9.04,33.12,17.8,44.44,45.94,3
Turkmenistan,TKM,2009,14.6252,8.5807,1.36,0.17,10.82,14.33,3.13,28.28,1
Tuvalu,TUV,2009,-13.8233,8.9681,1.19,0.15,9.44,9.28,2.6,34.84,6
Uganda,UGA,2009,-4.9762,14.8849,3.19,0.23,44.14,21.57,60.81,65.57,2
Ukraine,UKR,2009,-1.0184,5.4913,2.91,0.48,17.61,10.22,10.67,50.04,6
United Arab Emirates,ARE,2009,9.3814,11.8325,4.88,3.68,6.46,3.49,2.49,31.01,1
United Kingdom of Great Britain and Northern Ireland,GBR,2009,-1.903,10.5665,5.53,2.59,11.8,5.18,8.34,38.04,6
United Republic of Tanzania,TZA,2009,9.0437,1.1612,13.15,5.42,31.92,34.4,14.45,65.45,0
United States of America,USA,2009,14.0273,16.9086,22.51,39.79,12.74,7.93,8.61,30.31,4
Uruguay,URY,2009,10.8842,20.4047,4.88,1.56,15.25,8.48,9.79,42.7,6
Uzbekistan,UZB,2009,14.9232,8.5073,1.69,0.18,15.79,11.22,10.48,33.49,6
Vanuatu,VUT,2009,15.3183,11.2537,10.56,5.74,19.41,12.52,10.78,54.16,6
Viet Nam,VNM,2009,-9.6427,8.6669,26.17,26.99,25.37,26.72,13.51,45.24,4
Yemen,YEM,2009,-2.9987,-4.7542,18.99,7.49,48.16,33.97,53.66,61.27,2
Zambia,ZMB,2009,4.6713,21.7847,3.0,0.28,32.1,36.75,13.92,64.63,0
Zimbabwe,ZWE,2009,-10.9881,4.8745,2.55,0.2,32.46,32.72,15.62,66.92,0
Afghanistan,AFG,2010,-12.9048,15.4047,4.14,0.25,68.43,61.13,78.36,66.88,2
Albania,ALB,2010,-14.8326,0.8142,4.98,2.36,10.51,6.21,10.8,17.31,4
Algeria,DZA,2010,-6.7662,6.2929,8.94,2.62,30.48,12.82,51.77,42.66,6
Andorra,AND,2010,5.8549,-14.3297,0.23,0.02,2.67,2.56,2.06,3.59,4
Angola,AGO,2010,0.7664,-3.8567,10.97,2.33,51.66,33.49,57.36,71.76,2
Antigua and Barbuda,ATG,2010,-7.233,-0.2154,3.56,1.2,10.56,5.16,9.87,23.12,4
Argentina,ARG,2010,-18.7565,9.395,14.46,11.57,18.06,12.53,10.82,43.43,0
Armenia,ARM,2010,1.5778,7.1774,1.65,0.23,11.78,12.94,2.87,44.06,0
Australia,AUS,2010,-6.0109,23.9337,16.96,31.73,9.07,5.06,7.53,19.6,5
Austria,AUT,2010,-17.2292,0.8442,1.27,0.17,9.42,4.59,5.57,32.69,4
Azerbaijan,AZE,2010,0.7305,7.4369,2.83,0.23,34.87,18.44,44.74,51.41,6
Bahamas,BHS,2010,-5.7879,11.3771,4.32,1.51,12.38,8.93,9.15,23.24,4
Bahrain,BHR,2010,11.8638,15.9609,0.94,0.14,6.32,6.95,2.67,13.59,4
Bangladesh,BGD,2010,11.0963,-6.6226,29.26,16.37,52.31,38.52,61.89,60.04,1
Barbados,BRB,2010,-7.3085,0.472,2.43,0.48,12.26,5.28,8.18,42.63,0
Belarus,BLR,2010,0.6182,4.2138,0.73,0.05,10.58,9.88,7.64,15.67,4
Belgium,BEL,2010,5.6319,-9.012,4.21,1.86,9.53,4.59,6.52,28.94,4
Belize,BLZ,2010,-2.3915,1.7398,7.0,2.52,19.44,15.38,11.87,40.25,0
Benin,BEN,2010,3.5121,4.0888,1.67,0.09,30.85,33.16,14.56,60.79,3
Bhutan,BTN,2010,-9.1041,4.8147,1.26,0.1,15.81,15.46,5.14,49.7,0
Bolivarian Republic of Venezuela,VEN,2010,9.2655,-1.3346,27.68,19.23,39.83,22.09,49.8,57.42,1
Bosnia and Herzegovina,BIH,2010,-0.6552,5.9902,2.44,0.34,17.46,10.5,10.85,46.76,0
Botswana,BWA,2010,2.9685,12.865,1.34,0.09,20.08,16.86,9.61,49.97,0
Brazil,BRA,2010,-19.0047,-4.0351,10.19,6.34,16.39,19.36,11.51,19.76,4
Brunei Darussalam,BRN,2010,-3.089,13.1018,1.36,0.33,5.64,7.61,2.3,10.24,4
Bulgaria,BGR,2010,0.1452,5.1504,2.23,0.3,16.62,12.47,8.66,42.53,0
Burkina Faso,BFA,2010,3.655,3.8326,1.43,0.07,29.22,33.0,13.72,55.08,3
Burundi,BDI,2010,-4.9886,14.902,2.89,0.16,52.2,34.21,63.24,65.73,2
Cambodia,KHM,2010,10.1476,7.5291,8.15,2.48,26.78,23.14,14.05,59.1,3
Cameroon,CMR,2010,0.882,-5.0561,7.73,2.06,28.99,32.04,13.29,57.2,3
Canada,CAN,2010,9.1546,15.6829,17.02,26.18,11.07,5.57,6.85,35.53,5
Cape Verde,CPV,2010,6.2567,-1.4423,0.91,0.07,11.83,9.69,9.27,18.44,4
Central African Republic,CAF,2010,7.4068,6.47,2.97,0.16,55.23,39.88,60.5,69.81,2
Chad,TCD,2010,7.373,6.2936,2.67,0.12,59.43,39.15,74.88,71.59,2
Chile,CHL,2010,-1.8056,-14.8042,16.18,13.07,20.02,18.84,10.68,39.88,0
China,CHN,2010,20.0345,3.7534,34.4,64.33,18.39,19.42,26.98,11.87,5
Colombia,COL,2010,-3.9035,-12.598,37.92,31.42,45.77,37.38,57.13,44.9,1
Comoros,COM,2010,6.4136,-5.5822,2.52,0.32,19.83,10.43,12.69,58.94,0
Costa Rica,CRI,2010,-8.9148,-12.4844,13.59,9.69,19.06,14.2,11.0,44.33,0
Cote d'Ivoire,CIV,2010,3.7188,3.0737,1.98,0.13,30.29,33.48,13.45,61.73,3
Croatia,HRV,2010,-0.4216,15.0022,4.38,1.6,11.97,6.7,8.18,31.27,4
Cuba,CUB,2010,-12.3164,-0.7039,7.45,4.6,12.06,11.09,6.78,23.31,4
Cyprus,CYP,2010,-15.3777,-8.8857,2.47,1.02,5.98,6.13,2.3,15.15,4
Czech Republic,CZE,2010,2.5596,17.8613,0.9,0.1,8.16,5.16,7.58,13.87,4
Democratic People's Republic of Korea,PRK,2010,-12.8505,-11.2995,10.83,7.27,16.13,12.03,12.26,28.48,4
Democratic Republic of Congo,COD,2010,5.7068,4.9463,9.77,1.37,69.64,67.39,65.35,76.68,2
Denmark,DNK,2010,-2.7747,-7.2545,0.96,0.18,5.14,4.4,0.89,34.65,4
Djibouti,DJI,2010,8.2458,1.8286,12.76,4.18,38.93,18.53,58.12,54.79,6
Dominica,DMA,2010,-6.5485,1.2124,3.18,0.8,12.66,8.62,9.82,23.96,4
Dominican Republic,DOM,2010,-2.7578,2.1806,12.3,6.95,21.78,15.73,12.58,52.2,0
Ecuador,ECU,2010,9.6025,-1.6526,23.13,14.52,36.85,20.37,50.49,48.64,6
Egypt,EGY,2010,-19.8629,4.8046,13.15,10.74,16.11,14.16,5.94,49.72,0
El Salvador,SLV,2010,16.459,4.4326,12.94,7.33,22.84,20.65,11.56,49.93,0
Equatorial Guinea,GNQ,2010,-10.3063,7.0516,3.22,0.85,12.23,10.39,3.45,51.01,0
Eritrea,ERI,2010,7.4664,2.5934,7.64,2.22,26.28,18.73,15.47,62.64,3
Estonia,EST,2010,6.7848,9.6669,1.88,0.44,8.0,6.65,2.22,34.72,4
Eswatini,SWZ,2010,-6.3286,-5.1398,1.69,0.14,20.38,18.34,13.19,34.98,0
Ethiopia,ETH,2010,2.2622,-4.6943,4.43,0.36,54.61,34.89,64.37,72.52,2
Federated States of Micronesia,FSM,2010,0.6701,-12.0765,3.54,1.13,11.11,9.75,2.88,48.86,0
Fiji,FJI,2010,3.491,-2.9702,7.39,2.81,19.45,20.77,12.08,29.34,0
Finland,FIN,2010,-15.1043,-5.6641,1.29,0.5,3.35,4.46,0.75,11.24,4
France,FRA,2010,-2.6481,-9.6779,5.15,2.71,9.8,8.11,7.98,14.53,4
Gabon,GAB,2010,-4.8715,8.1628,5.65,1.51,21.14,17.46,11.41,47.4,0
Gambia,GMB,2010,0.6429,-6.6822,4.48,0.68,29.49,33.59,13.08,58.38,3
Georgia,GEO,2010,0.8541,7.6623,4.57,0.74,28.24,11.41,40.47,48.76,6
Germany,DEU,2010,-16.469,20.3922,3.87,2.0,7.49,3.89,3.4,31.82,4
Ghana,GHA,2010,0.4495,-7.012,2.85,0.34,23.82,17.75,12.52,60.85,3
Greece,GRC,2010,12.6355,4.5446,8.63,8.37,8.89,6.07,7.87,14.71,4
Grenada,GRD,2010,-5.8044,1.3184,1.79,0.31,10.33,10.45,2.68,39.35,0
Guatemala,GTM,2010,16.5161,4.3703,10.52,4.27,25.93,22.56,14.16,54.59,3
Guinea,GIN,2010,-0.2043,13.5723,6.41,1.45,28.34,19.7,15.38,75.16,3
Guinea-Bissau,GNB,2010,1.7561,0.8291,4.54,0.66,31.27,35.89,14.62,58.25,3
Guyana,GUY,2010,15.313,-0.4614,7.01,2.65,18.55,10.14,12.93,48.68,0
Haiti,HTI,2010,5.2249,10.0142,9.1,2.76,29.98,26.68,16.21,62.3,3
Honduras,HND,2010,-7.7294,10.8022,14.85,8.94,24.68,21.89,13.49,50.9,3
Hungary,HUN,2010,-0.8149,1.0925,0.95,0.11,8.24,6.0,8.97,10.4,4
Iceland,ISL,2010,9.6048,9.5776,1.67,0.66,4.23,2.31,1.16,28.32,4
India,IND,2010,8.0428,-8.1318,45.53,35.97,57.62,53.14,57.4,62.72,1
Indonesia,IDN,2010,-9.4805,19.7459,34.45,39.42,30.1,36.51,14.23,52.49,5
Iran (Islamic Republic of),IRN,2010,-8.2699,-6.8861,16.47,12.24,22.16,17.93,52.52,11.56,6
Iraq,IRQ,2010,-2.6956,17.0755,7.95,1.71,36.97,15.9,60.03,52.92,6
Ireland,IRL,2010,7.8323,-3.6668,3.19,1.46,6.96,5.7,1.83,32.35,4
Israel,ISR,2010,6.8169,12.2092,3.85,0.88,16.83,3.55,36.99,36.33,6
Italy,ITA,2010,11.8731,-9.2861,10.01,8.8,11.39,5.35,8.57,32.27,4
Jamaica,JAM,2010,5.7901,-0.2983,4.6,1.12,18.88,11.15,11.65,51.82,0
Japan,JPN,2010,17.9406,13.1306,23.57,43.96,12.64,11.17,7.24,25.0,5
Jordan,JOR,2010,15.0556,14.8319,2.35,0.57,9.71,7.78,2.79,42.16,0
Kazakhstan,KAZ,2010,2.6588,9.5187,1.91,0.25,14.58,17.84,10.07,17.27,4
Kenya,KEN,2010,8.9858,1.1775,11.26,3.25,38.98,34.11,29.18,59.5,3
Kiribati,KIR,2010,-13.8995,6.8731,3.48,0.69,17.51,10.04,10.12,52.88,0
Kuwait,KWT,2010,-6.4437,20.9747,1.87,1.04,3.37,3.69,2.39,4.34,4
Kyrgyzstan,KGZ,2010,0.9012,8.4781,2.42,0.22,26.54,27.69,13.4,50.39,3
Lao People's Democratic Republic,LAO,2010,-10.6222,14.0226,3.34,0.38,29.38,29.48,14.18,60.69,3
Latvia,LVA,2010,-6.1352,13.9009,2.68,0.78,9.22,8.75,2.43,36.85,0
Lebanon,LBN,2010,-5.0198,1.7533,3.03,0.37,24.87,13.79,23.33,47.79,0
Lesotho,LSO,2010,-10.2197,4.9915,1.31,0.07,24.64,19.07,13.33,58.88,3
Liberia,LBR,2010,10.141,17.5858,3.78,0.54,26.49,20.65,13.58,66.27,3
Libyan Arab Jamahiriya,LBY,2010,-3.0533,7.185,7.36,4.95,10.93,12.02,3.03,35.84,0
Liechtenstein,LIE,2010,14.1893,22.0585,0.69,0.09,5.26,5.15,1.02,27.77,4
Lithuania,LTU,2010,0.5832,15.1062,2.34,0.65,8.39,7.89,2.24,33.37,4
Luxembourg,LUX,2010,17.111,-4.909,0.52,0.06,4.48,3.54,1.42,17.91,4
Madagascar,MDG,2010,-11.8593,-3.4449,22.35,18.04,27.7,19.64,15.16,71.42,3
Malawi,MWI,2010,-4.2368,10.1391,2.97,0.34,25.89,19.29,13.54,66.48,3
Malaysia,MYS,2010,18.644,9.7947,13.5,8.62,21.14,23.23,10.47,38.87,0
Maldives,MDV,2010,-5.5621,0.401,1.26,0.11,14.48,7.38,10.36,39.7,0
Mali,MLI,2010,3.9224,1.5946,1.99,0.08,49.61,32.84,59.83,62.13,2
Malta,MLT,2010,-14.4179,-9.1355,1.04,0.15,7.22,4.66,2.09,38.7,0
Marshall Islands,MHL,2010,-13.6908,7.1349,2.85,0.5,16.25,9.91,10.31,41.96,0
Mauritania,MRT,2010,1.4558,-4.3037,11.88,2.93,48.14,29.77,58.1,64.52,2
Mauritius,MUS,2010,8.0331,22.039,2.27,0.73,7.08,7.76,2.61,17.52,4
Mexico,MEX,2010,18.7965,-1.5195,37.01,50.09,27.34,35.46,12.54,45.97,5
Monaco,MCO,2010,12.3125,13.3945,0.16,0.02,1.35,1.18,0.44,4.69,4
Mongolia,MNG,2010,-6.2842,4.2868,2.04,0.21,19.79,14.18,12.11,45.14,0
Montenegro,MNE,2010,0.0167,21.9918,3.8,0.83,17.41,17.62,9.58,31.24,0
Morocco,MAR,2010,16.1595,5.4936,11.07,7.67,15.98,19.26,11.85,17.89,4
Mozambique,MOZ,2010,9.6858,1.1033,24.55,18.2,33.11,36.16,14.03,71.56,3
Myanmar,MMR,2010,-4.3945,-7.8681,37.5,23.02,61.1,57.47,65.97,60.15,1
Namibia,NAM,2010,-16.8531,11.9402,6.07,1.32,27.95,32.37,11.9,56.7,3
Nauru,NRU,2010,-13.2038,10.01,0.8,0.11,5.89,7.76,2.64,9.98,4
Nepal,NPL,2010,1.6437,-4.3779,3.15,0.24,41.4,18.55,60.24,63.52,2
Netherlands,NLD,2010,-10.4503,-5.6811,3.6,2.21,5.88,4.15,1.74,28.11,4
New Zealand,NZL,2010,-1.5878,26.2184,14.37,18.04,11.44,6.55,6.84,33.43,0
Nicaragua,NIC,2010,-7.9135,11.1035,19.83,18.46,21.3,22.55,13.36,32.08,5
Niger,NER,2010,3.9864,1.641,1.84,0.07,48.44,27.02,65.43,64.31,2
Nigeria,NGA,2010,3.3014,1.5282,8.72,1.31,57.99,43.1,61.16,73.97,2
North Macedonia,MKD,2010,0.0647,6.1761,1.24,0.1,15.42,11.6,11.74,26.92,4
Norway,NOR,2010,11.4862,-3.6589,2.51,1.05,6.01,2.85,2.57,29.68,4
Oman,OMN,2010,-9.6122,-9.2921,7.32,6.65,8.06,5.59,9.53,9.83,4
Pakistan,PAK,2010,10.1485,-6.788,29.26,13.07,65.5,58.2,68.24,70.75,2
Palau,PLW,2010,4.8175,14.1729,1.65,0.36,7.54,7.7,2.52,22.07,4
Panama,PAN,2010,6.2628,-11.942,17.11,15.98,18.31,12.2,11.06,45.5,0
Papua New Guinea,PNG,2010,12.6835,18.7921,22.03,18.88,25.7,18.74,13.96,64.89,3
Paraguay,PRY,2010,5.4545,-3.6788,1.66,0.14,19.62,11.17,13.65,49.52,0
Peru,PER,2010,9.8404,-1.8827,23.8,16.63,34.05,16.55,51.88,45.99,6
Philippines,PHL,2010,20.4733,8.1171,45.53,40.28,51.46,39.08,60.41,57.73,1
Plurinational State of Bolivia,BOL,2010,-9.139,17.7844,3.1,0.35,27.39,28.94,13.74,51.69,3
Poland,POL,2010,-0.4739,15.4971,4.47,1.74,11.46,10.99,5.6,24.47,4
Portugal,PRT,2010,18.0641,0.6357,5.64,3.13,10.16,4.91,7.26,29.46,4
Qatar,QAT,2010,9.6119,12.2688,0.82,0.15,4.44,4.51,2.25,8.64,4
Republic of Congo,COG,2010,3.048,-0.9928,3.4,0.49,23.54,20.12,13.48,48.1,0
Republic of Korea,KOR,2010,-13.0881,18.9652,9.35,10.05,8.69,3.88,8.45,20.05,4
Republic of Moldova,MDA,2010,-1.7954,5.1254,1.39,0.1,19.46,14.06,11.4,45.97,0
Romania,ROU,2010,2.7672,10.2414,3.13,0.69,14.19,6.77,9.79,43.11,0
Russian Federation,RUS,2010,15.2006,-8.2226,29.06,28.84,29.28,16.9,40.34,36.82,6
Rwanda,RWA,2010,-3.9071,10.5045,2.12,0.16,28.1,33.99,11.83,55.19,3
Saint Kitts and Nevis,KNA,2010,-7.4853,-0.5735,1.9,0.53,6.79,6.29,2.46,20.24,4
Saint Lucia,LCA,2010,-6.101,1.2118,2.8,0.46,17.06,10.41,11.32,42.16,0
Saint Vincent and the Grenadines,VCT,2010,-6.2377,0.8862,2.4,0.44,13.11,14.67,10.01,15.34,4
Samoa,WSM,2010,6.5482,17.5062,3.55,0.81,15.6,9.28,10.57,38.73,0
San Marino,SMR,2010,-7.3021,8.477,0.39,0.03,5.02,2.52,1.88,26.65,4
Sao Tome and Principe,STP,2010,9.8559,5.2739,0.48,0.02,11.73,10.1,3.15,50.72,0
Saudi Arabia,SAU,2010,-2.7623,6.8244,10.74,5.22,22.11,8.33,38.27,33.89,6
Senegal,SEN,2010,2.3908,2.1482,6.06,1.05,34.95,56.5,13.65,55.37,3
Serbia,SRB,2010,1.8485,7.1791,1.87,0.17,20.58,18.54,10.23,45.95,0
Seychelles,SYC,2010,-4.4474,5.3006,2.56,1.03,6.37,6.55,2.56,15.45,4
Sierra Leone,SLE,2010,2.3086,0.6994,5.37,1.1,26.18,19.97,13.35,67.28,3
Singapore,SGP,2010,-6.0722,17.2311,0.79,0.15,4.17,3.08,0.97,24.35,4
Slovakia,SVK,2010,3.0296,18.5552,0.88,0.1,7.75,6.97,7.41,9.03,4
Slovenia,SVN,2010,2.4227,18.0458,1.82,0.31,10.65,5.36,7.27,31.04,4
Solomon Islands,SLB,2010,-1.5987,19.3925,14.63,9.64,22.2,18.32,12.02,49.68,0
Somalia,SOM,2010,7.0095,15.6445,25.38,8.49,75.85,65.44,84.79,78.66,2
South Africa,ZAF,2010,-16.0138,4.8176,8.99,3.13,25.83,28.85,10.72,55.74,3
South Sudan,SSD,2010,-10.3646,5.1733,2.45,0.25,24.05,11.7,15.39,77.27,3
Spain,ESP,2010,12.7141,3.3321,8.85,7.81,10.03,4.41,7.38,31.0,4
Sri Lanka,LKA,2010,-5.4783,18.6565,6.6,1.62,26.85,25.58,57.43,13.18,6
Sudan,SDN,2010,-1.7381,-2.8885,10.03,1.64,61.35,57.5,64.09,62.67,2
Suriname,SUR,2010,1.6128,-2.2184,5.57,1.81,17.15,9.3,11.38,47.62,0
Sweden,SWE,2010,10.4427,-4.0145,2.54,1.06,6.07,5.61,1.47,27.17,4
Switzerland,CHE,2010,11.128,-11.7739,1.16,0.16,8.38,3.89,5.78,26.14,4
Syrian Arab Republic,SYR,2010,-16.0356,4.7879,7.35,2.54,21.26,14.19,12.96,52.27,0
Tajikistan,TJK,2010,0.3566,8.4006,3.17,0.23,43.66,27.11,56.11,54.71,2
Thailand,THA,2010,0.0099,19.7299,20.4,14.08,29.56,24.87,55.7,18.65,6
Timor-Leste,TLS,2010,-0.0027,12.2114,7.67,2.85,20.66,12.64,12.24,56.97,0
Togo,TGO,2010,3.5752,3.5505,1.42,0.07,28.94,34.86,14.62,47.57,3
Tonga,TON,2010,4.0103,-2.9862,3.88,1.33,11.32,8.86,10.02,16.33,4
Trinidad and Tobago,TTO,2010,-5.2585,3.0402,2.29,0.49,10.71,8.75,2.85,49.3,0
Tunisia,TUN,2010,-14.4574,1.7591,7.21,3.41,15.24,8.85,10.09,39.66,0
Turkey,TUR,2010,-3.2499,15.9863,15.86,9.04,27.83,10.93,43.81,44.99,6
Turkmenistan,TKM,2010,14.6282,8.5773,1.32,0.17,10.26,11.86,3.14,29.03,4
Tuvalu,TUV,2010,-13.8359,8.9835,1.21,0.15,9.79,9.22,2.62,38.81,0
Uganda,UGA,2010,-4.9776,14.8831,3.13,0.23,42.48,21.24,58.44,61.77,2
Ukraine,UKR,2010,-0.997,5.5212,2.89,0.48,17.41,9.78,10.5,51.37,0
United Arab Emirates,ARE,2010,9.3517,11.8021,5.05,3.69,6.92,4.34,2.54,30.08,4
United Kingdom of Great Britain and Northern Ireland,GBR,2010,-1.9046,10.569,5.48,2.59,11.58,5.08,8.02,38.14,0
United Republic of Tanzania,TZA,2010,9.0459,1.161,11.89,5.43,26.04,19.78,14.35,62.22,3
United States of America,USA,2010,14.0282,16.881,21.83,39.81,11.97,6.06,8.5,33.33,5
Uruguay,URY,2010,10.8807,20.4076,4.81,1.55,14.93,8.29,9.53,42.14,0
Uzbekistan,UZB,2010,14.9964,8.4949,1.28,0.18,9.14,11.09,3.07,22.43,4
Vanuatu,VUT,2010,15.3311,11.241,10.46,5.73,19.1,12.53,10.54,52.73,0
Viet Nam,VNM,2010,-9.6464,8.6635,26.34,27.0,25.69,26.4,13.59,47.24,5
Yemen,YEM,2010,-3.014,-4.7623,20.15,7.51,54.04,44.22,54.07,66.02,2
Zambia,ZMB,2010,4.705,21.818,2.85,0.28,28.96,26.59,13.71,66.6,3
Zimbabwe,ZWE,2010,-10.913,4.9239,2.29,0.2,26.13,18.28,15.95,61.19,3
Afghanistan,AFG,2011,-12.9159,15.4157,4.16,0.25,69.34,59.13,77.4,72.83,2
Albania,ALB,2011,-14.8466,0.7994,4.62,2.36,9.04,6.06,10.94,11.15,6
Algeria,DZA,2011,-6.7467,6.3125,8.88,2.61,30.22,12.61,50.98,42.95,5
Andorra,AND,2011,5.841,-14.3159,0.24,0.02,2.97,2.55,2.03,5.08,6
Angola,AGO,2011,0.7623,-3.8542,10.89,2.31,51.36,33.93,57.58,69.36,2
Antigua and Barbuda,ATG,2011,-7.2247,-0.1691,3.33,1.2,9.25,5.21,9.97,15.26,6
Argentina,ARG,2011,-18.7575,9.394,14.51,11.64,18.08,12.55,10.68,44.13,1
Armenia,ARM,2011,1.6084,7.1813,1.59,0.23,11.02,10.94,2.85,42.9,0
Australia,AUS,2011,-6.0143,23.9372,17.74,31.73,9.92,6.77,7.46,19.31,3
Austria,AUT,2011,-17.1679,0.7839,1.03,0.17,6.29,4.46,1.73,32.33,0
Azerbaijan,AZE,2011,0.7491,7.3791,2.56,0.23,28.54,10.45,45.1,49.33,5
Bahamas,BHS,2011,-5.8182,11.3987,4.66,1.51,14.38,9.02,9.31,35.44,0
Bahrain,BHR,2011,11.8314,15.9339,0.92,0.14,6.03,6.87,2.69,11.88,6
Bangladesh,BGD,2011,11.5676,-6.9436,23.26,16.52,32.76,38.5,15.62,58.48,1
Barbados,BRB,2011,-7.3567,0.495,2.35,0.48,11.54,4.41,8.01,43.55,0
Belarus,BLR,2011,0.6246,4.2071,0.64,0.05,8.23,9.99,2.26,24.65,0
Belgium,BEL,2011,5.6091,-9.0327,4.19,1.85,9.48,4.58,6.5,28.66,0
Belize,BLZ,2011,-2.4192,1.772,6.98,2.51,19.42,15.38,11.97,39.76,0
Benin,BEN,2011,3.5471,3.9742,1.5,0.09,25.08,18.38,14.41,59.56,1
Bhutan,BTN,2011,-9.0883,4.7975,1.55,0.1,23.99,27.37,10.68,47.23,1
Bolivarian Republic of Venezuela,VEN,2011,9.2583,-1.3271,25.18,19.23,32.96,12.61,49.51,57.37,5
Bosnia and Herzegovina,BIH,2011,-0.5847,6.0337,2.53,0.34,18.77,12.64,10.9,47.97,1
Botswana,BWA,2011,2.9672,12.863,1.34,0.09,20.08,16.66,9.66,50.29,1
Brazil,BRA,2011,-18.981,-4.0615,10.89,6.36,18.64,19.29,11.51,29.16,0
Brunei Darussalam,BRN,2011,-3.0999,13.0991,1.18,0.33,4.25,7.57,2.39,4.25,6
Bulgaria,BGR,2011,0.0998,5.1022,2.23,0.3,16.51,12.59,8.53,41.88,0
Burkina Faso,BFA,2011,3.6634,3.7774,1.35,0.07,26.04,19.16,14.88,61.94,1
Burundi,BDI,2011,-4.9864,14.8986,2.64,0.16,43.69,20.28,62.43,65.85,2
Cambodia,KHM,2011,3.8111,-0.3998,10.34,2.48,43.09,23.02,57.99,59.94,2
Cameroon,CMR,2011,0.9012,-5.0151,7.09,2.05,24.51,18.58,13.34,59.44,1
Canada,CAN,2011,9.128,15.6566,17.12,26.17,11.2,5.58,6.98,36.06,3
Cape Verde,CPV,2011,6.2804,-1.4795,1.0,0.07,14.31,9.66,9.34,32.46,0
Central African Republic,CAF,2011,7.4025,6.4862,2.96,0.16,54.75,40.18,60.96,66.99,2
Chad,TCD,2011,7.3748,6.2947,2.39,0.12,47.8,21.9,72.74,68.56,2
Chile,CHL,2011,-1.8386,-14.7712,15.99,13.0,19.67,17.7,10.59,40.63,1
China,CHN,2011,20.0224,3.74,34.18,64.34,18.16,18.7,26.71,12.0,3
Colombia,COL,2011,-3.9213,-12.5799,37.73,31.6,45.04,36.1,56.0,45.19,4
Comoros,COM,2011,6.4144,-5.5893,2.48,0.32,19.18,10.37,12.73,53.41,1
Costa Rica,CRI,2011,-8.9202,-12.4905,14.89,9.72,22.81,24.29,11.05,44.23,1
Cote d'Ivoire,CIV,2011,3.9377,2.4444,2.57,0.13,50.92,35.8,53.77,68.59,2
Croatia,HRV,2011,-0.404,15.0108,4.54,1.59,12.98,8.02,8.2,33.26,0
Cuba,CUB,2011,-12.3192,-0.7067,7.54,4.58,12.4,10.99,6.75,25.73,0
Cyprus,CYP,2011,-15.3742,-8.8908,2.39,1.01,5.67,5.17,2.3,15.34,6
Czech Republic,CZE,2011,2.5618,17.7898,0.91,0.1,8.2,5.64,7.39,13.23,6
Democratic People's Republic of Korea,PRK,2011,-12.8675,-11.3161,10.79,7.27,16.02,12.11,12.44,27.27,0
Democratic Republic of Congo,COD,2011,5.6994,4.9371,9.65,1.37,67.95,65.95,64.79,73.41,2
Denmark,DNK,2011,-2.7761,-7.2557,0.95,0.18,4.98,4.29,0.86,33.5,0
Djibouti,DJI,2011,8.2712,1.8161,12.83,4.17,39.5,18.68,58.45,56.44,5
Dominica,DMA,2011,-6.572,1.2571,3.64,0.8,16.53,14.91,9.55,31.73,0
Dominican Republic,DOM,2011,-2.8057,2.2372,13.59,6.94,26.6,27.81,12.6,53.69,1
Ecuador,ECU,2011,9.595,-1.6458,21.93,14.52,33.13,15.49,48.8,48.11,5
Egypt,EGY,2011,-19.8362,4.831,13.25,10.76,16.32,14.19,6.08,50.36,1
El Salvador,SLV,2011,16.4526,4.4374,13.19,7.28,23.91,21.13,11.92,54.29,1
Equatorial Guinea,GNQ,2011,-10.3207,7.0356,3.34,0.85,13.15,12.93,3.48,50.5,1
Eritrea,ERI,2011,7.4746,2.5857,7.61,2.22,26.1,18.81,15.43,61.28,1
Estonia,EST,2011,6.7773,9.6747,1.87,0.44,7.96,6.61,2.21,34.57,0
Eswatini,SWZ,2011,-6.5139,-4.9543,1.83,0.14,23.91,18.47,13.45,55.04,1
Ethiopia,ETH,2011,2.3768,-4.7627,4.49,0.36,55.89,36.08,64.04,75.57,2
Federated States of Micronesia,FSM,2011,0.6751,-12.0815,3.54,1.13,11.12,9.78,2.9,48.44,0
Fiji,FJI,2011,3.4896,-2.9369,6.28,2.8,14.08,11.57,11.88,20.31,6
Finland,FIN,2011,-15.0899,-5.6493,1.16,0.5,2.7,4.39,0.41,10.88,6
France,FRA,2011,-2.6394,-9.6763,4.71,2.71,8.18,4.76,8.06,14.26,6
Gabon,GAB,2011,-4.8787,8.1572,5.54,1.49,20.62,17.01,11.4,45.2,1
Gambia,GMB,2011,0.6471,-6.673,4.06,0.67,24.64,18.93,13.06,60.49,1
Georgia,GEO,2011,0.8682,7.6746,4.58,0.74,28.38,11.56,39.6,49.92,5
Germany,DEU,2011,-16.4555,20.3788,3.9,2.0,7.61,3.92,3.42,32.89,0
Ghana,GHA,2011,0.43,-7.0405,3.14,0.34,29.08,31.83,12.46,61.98,1
Greece,GRC,2011,12.6246,4.5327,8.55,8.35,8.76,6.11,7.91,13.93,6
Grenada,GRD,2011,-5.787,1.3329,1.78,0.31,10.24,10.42,2.68,38.49,0
Guatemala,GTM,2011,16.514,4.3655,10.64,4.28,26.45,22.48,14.23,57.83,1
Guinea,GIN,2011,-0.1551,13.5398,6.99,1.44,33.94,34.2,15.27,74.88,1
Guinea-Bissau,GNB,2011,1.7702,0.8156,4.22,0.66,26.92,20.82,14.61,64.15,1
Guyana,GUY,2011,15.3287,-0.4766,6.99,2.65,18.42,10.14,12.79,48.22,1
Haiti,HTI,2011,5.2226,10.0124,8.99,2.76,29.28,24.39,15.85,64.91,1
Honduras,HND,2011,-7.7606,10.7337,14.84,8.91,24.72,21.98,13.4,51.3,1
Hungary,HUN,2011,-0.8159,1.0916,0.93,0.11,7.91,6.01,8.18,10.08,6
Iceland,ISL,2011,9.6045,9.577,1.66,0.66,4.16,2.3,1.13,27.78,0
India,IND,2011,7.7893,-8.4013,43.28,35.93,52.14,40.04,57.32,61.75,4
Indonesia,IDN,2011,-9.4879,19.7392,32.5,39.43,26.78,26.88,13.87,51.53,3
Iran (Islamic Republic of),IRN,2011,-8.2557,-6.9007,15.74,12.3,20.15,13.76,51.1,11.63,5
Iraq,IRQ,2011,-2.7055,17.104,9.43,1.71,52.04,47.18,54.64,54.67,2
Ireland,IRL,2011,7.8095,-3.6881,3.85,1.46,10.13,5.74,6.05,29.91,0
Israel,ISR,2011,6.7655,12.1583,4.24,0.88,20.47,6.31,36.34,37.43,5
Italy,ITA,2011,11.8823,-9.2949,10.05,8.78,11.51,5.37,8.51,33.35,0
Jamaica,JAM,2011,5.869,-0.3778,4.57,1.12,18.62,11.16,11.38,50.83,1
Japan,JPN,2011,17.9426,13.134,23.95,43.82,13.09,11.8,7.36,25.84,3
Jordan,JOR,2011,15.0538,14.817,2.41,0.57,10.23,9.33,2.8,41.03,0
Kazakhstan,KAZ,2011,2.6604,9.5239,1.85,0.25,13.68,21.21,10.41,11.59,6
Kenya,KEN,2011,7.784,0.8897,12.42,3.26,47.32,60.15,29.7,59.3,2
Kiribati,KIR,2011,-13.8787,6.911,3.15,0.69,14.4,10.13,10.1,29.18,0
Kuwait,KWT,2011,-6.4575,20.9615,2.02,1.04,3.93,3.65,2.45,6.81,6
Kyrgyzstan,KGZ,2011,1.1756,8.657,2.19,0.22,21.76,15.18,13.38,50.76,1
Lao People's Democratic Republic,LAO,2011,-10.6371,14.0106,3.21,0.38,27.13,22.86,14.36,60.82,1
Latvia,LVA,2011,-6.1254,13.9112,2.71,0.78,9.45,8.76,2.44,39.54,0
Lebanon,LBN,2011,-5.0696,1.7206,2.39,0.37,15.5,13.86,5.56,48.32,1
Lesotho,LSO,2011,-10.219,4.9886,1.37,0.07,26.7,24.35,13.42,58.24,1
Liberia,LBR,2011,10.1305,17.5748,3.77,0.54,26.33,20.96,13.36,65.19,1
Libyan Arab Jamahiriya,LBY,2011,-3.4807,7.2068,10.94,4.97,24.08,24.56,13.78,41.28,1
Liechtenstein,LIE,2011,14.1572,22.0262,0.71,0.09,5.55,6.29,1.02,26.71,0
Lithuania,LTU,2011,0.5946,15.0918,2.38,0.65,8.68,7.85,2.22,37.47,0
Luxembourg,LUX,2011,17.1015,-4.9189,0.52,0.06,4.46,3.5,1.5,16.95,6
Madagascar,MDG,2011,-11.8812,-3.4669,23.22,18.01,29.94,24.88,15.13,71.32,1
Malawi,MWI,2011,-4.2891,10.1508,3.2,0.34,30.21,33.92,13.53,60.09,1
Malaysia,MYS,2011,18.6487,9.7908,13.58,8.62,21.38,23.8,10.37,39.6,1
Maldives,MDV,2011,-5.5591,0.3813,1.28,0.11,14.81,7.26,10.64,42.03,0
Mali,MLI,2011,3.9214,1.5941,2.04,0.08,52.18,33.45,63.73,66.63,2
Malta,MLT,2011,-14.3986,-9.164,1.03,0.15,7.11,4.79,2.19,34.27,0
Marshall Islands,MHL,2011,-13.6518,7.175,2.92,0.5,17.08,9.95,10.27,48.74,1
Mauritania,MRT,2011,1.4529,-4.3501,10.8,2.94,39.65,17.18,58.14,62.42,5
Mauritius,MUS,2011,8.0304,22.0363,2.61,0.73,9.34,7.82,2.58,40.34,0
Mexico,MEX,2011,18.7961,-1.5189,36.24,50.07,26.23,35.44,12.65,40.26,3
Monaco,MCO,2011,12.2195,13.3014,0.16,0.02,1.35,1.66,0.44,3.36,6
Mongolia,MNG,2011,-6.3205,4.2534,1.74,0.21,14.35,14.04,11.86,17.75,6
Montenegro,MNE,2011,0.0231,21.9872,3.59,0.83,15.51,10.33,9.48,38.11,0
Morocco,MAR,2011,16.156,5.503,10.69,7.63,14.99,11.27,11.97,24.96,0
Mozambique,MOZ,2011,9.7067,1.1262,24.46,18.17,32.94,36.09,14.08,70.36,1
Myanmar,MMR,2011,-4.3799,-7.8538,37.16,22.92,60.26,55.52,65.03,60.6,4
Namibia,NAM,2011,-16.8546,11.942,6.11,1.32,28.26,33.13,12.14,56.12,1
Nauru,NRU,2011,-13.2007,10.0137,0.81,0.11,5.93,7.81,2.65,10.08,6
Nepal,NPL,2011,-8.0765,-3.6196,2.7,0.24,30.42,32.46,14.45,59.99,1
Netherlands,NLD,2011,-10.4648,-5.6669,3.6,2.21,5.87,4.07,1.73,28.75,0
New Zealand,NZL,2011,-1.5807,26.2111,14.27,18.04,11.29,6.76,6.34,33.56,0
Nicaragua,NIC,2011,-7.9222,11.1215,19.76,18.47,21.13,22.35,13.2,31.97,3
Niger,NER,2011,3.98,1.6471,1.86,0.07,49.61,26.67,65.05,70.37,2
Nigeria,NGA,2011,3.375,1.5466,8.7,1.31,57.83,42.57,61.75,73.59,2
North Macedonia,MKD,2011,0.0612,6.1654,1.32,0.1,17.53,11.58,11.47,40.57,0
Norway,NOR,2011,11.4698,-3.6397,2.73,1.05,7.12,2.84,4.72,26.92,0
Oman,OMN,2011,-9.6136,-9.2935,7.35,6.68,8.09,6.0,9.83,8.98,6
Pakistan,PAK,2011,10.1511,-6.7822,29.17,13.09,64.99,56.34,69.23,70.37,4
Palau,PLW,2011,4.8501,14.1404,1.74,0.36,8.38,7.74,2.55,29.77,0
Panama,PAN,2011,6.266,-11.9451,17.24,16.0,18.58,12.16,10.99,48.02,1
Papua New Guinea,PNG,2011,12.6829,18.7927,21.88,18.81,25.45,18.8,13.74,63.84,1
Paraguay,PRY,2011,5.4551,-3.6796,1.61,0.14,18.49,9.15,13.48,51.26,1
Peru,PER,2011,9.8289,-1.8714,25.85,16.64,40.17,25.88,51.72,48.44,5
Philippines,PHL,2011,20.4893,8.102,45.09,40.27,50.48,38.3,59.2,56.72,4
Plurinational State of Bolivia,BOL,2011,-9.1822,17.83,3.11,0.35,27.57,28.37,13.6,54.33,1
Poland,POL,2011,-0.4809,15.508,4.09,1.75,9.54,6.36,5.58,24.48,0
Portugal,PRT,2011,18.0771,0.6227,5.93,3.12,11.26,6.1,7.25,32.31,0
Qatar,QAT,2011,9.6043,12.2617,0.77,0.15,3.98,4.43,2.36,6.05,6
Republic of Congo,COG,2011,3.05,-0.9904,3.44,0.49,24.16,20.07,13.11,53.62,1
Republic of Korea,KOR,2011,-13.0875,18.9646,9.4,10.02,8.82,6.5,8.61,12.24,6
Republic of Moldova,MDA,2011,-1.5908,5.21,1.38,0.1,19.15,13.57,11.12,46.51,1
Romania,ROU,2011,2.7902,10.282,3.15,0.69,14.4,6.87,9.64,45.06,0
Russian Federation,RUS,2011,15.1573,-8.1791,27.96,28.83,27.12,13.26,40.97,36.7,5
Rwanda,RWA,2011,-3.9048,10.5018,2.13,0.16,28.34,33.69,11.82,57.14,1
Saint Kitts and Nevis,KNA,2011,-7.4952,-0.5806,1.74,0.53,5.69,5.25,2.45,14.33,6
Saint Lucia,LCA,2011,-6.2541,0.9724,2.42,0.46,12.68,10.4,11.35,17.26,6
Saint Vincent and the Grenadines,VCT,2011,-6.0506,1.2483,2.59,0.44,15.2,8.66,9.89,40.97,0
Samoa,WSM,2011,6.5567,17.5154,3.68,0.81,16.68,9.33,10.27,48.39,1
San Marino,SMR,2011,-7.3173,8.492,0.36,0.03,4.26,2.57,1.8,16.71,6
Sao Tome and Principe,STP,2011,9.8385,5.2558,0.49,0.02,11.98,10.14,3.14,53.94,1
Saudi Arabia,SAU,2011,-2.7438,6.8086,11.71,5.22,26.26,14.28,38.72,32.74,5
Senegal,SEN,2011,3.7724,-0.4421,6.98,1.05,46.44,31.81,54.86,57.4,2
Serbia,SRB,2011,1.8409,7.1783,1.71,0.17,17.15,10.79,10.11,46.23,0
Seychelles,SYC,2011,-4.4656,5.3193,2.39,1.03,5.53,6.55,2.56,10.08,6
Sierra Leone,SLE,2011,2.3104,0.702,5.31,1.1,25.64,19.83,13.16,64.62,1
Singapore,SGP,2011,-6.0743,17.2333,0.85,0.15,4.85,2.46,1.73,26.82,0
Slovakia,SVK,2011,2.9684,18.5799,0.9,0.1,8.16,6.85,7.6,10.45,6
Slovenia,SVN,2011,2.4226,18.0562,1.8,0.31,10.41,5.18,7.29,29.86,0
Solomon Islands,SLB,2011,-1.6485,19.342,13.48,9.63,18.87,10.38,11.97,54.05,1
Somalia,SOM,2011,7.0107,15.6464,23.26,8.49,63.72,37.22,85.04,81.73,2
South Africa,ZAF,2011,-16.009,4.8228,8.41,2.67,26.48,29.89,11.12,55.85,1
South Sudan,SSD,2011,4.0769,2.1554,3.75,0.25,56.22,38.33,62.86,73.75,2
Spain,ESP,2011,12.6753,3.3612,9.76,7.82,12.18,7.62,7.73,30.67,0
Sri Lanka,LKA,2011,-5.4785,18.6567,6.58,1.61,26.88,26.34,57.05,12.92,5
Sudan,SDN,2011,-1.7431,-2.8768,10.01,1.65,60.71,56.35,63.5,62.53,2
Suriname,SUR,2011,1.6184,-2.2147,5.62,1.81,17.48,9.32,10.85,52.84,1
Sweden,SWE,2011,10.4592,-4.0007,2.52,1.06,5.97,5.56,1.52,25.2,0
Switzerland,CHE,2011,11.2509,-11.8977,1.01,0.16,6.43,3.77,3.01,23.46,6
Syrian Arab Republic,SYR,2011,-3.0362,16.5897,10.21,2.53,41.22,21.63,55.96,57.85,5
Tajikistan,TJK,2011,0.3375,8.4157,2.88,0.23,36.01,15.98,55.61,52.53,5
Thailand,THA,2011,0.0483,19.7706,22.26,14.08,35.19,43.81,54.94,18.11,5
Timor-Leste,TLS,2011,-0.027,12.1856,8.09,2.86,22.91,17.79,11.42,59.18,1
Togo,TGO,2011,3.6296,3.5356,1.35,0.07,26.04,19.88,14.52,61.18,1
Tonga,TON,2011,3.9673,-3.028,3.67,1.33,10.14,8.88,9.99,11.77,6
Trinidad and Tobago,TTO,2011,-5.2655,3.0381,2.24,0.49,10.24,8.14,2.82,46.71,0
Tunisia,TUN,2011,-14.437,1.7789,7.66,3.47,16.93,12.24,10.24,38.73,0
Turkey,TUR,2011,-3.2214,16.0311,16.59,9.04,30.45,15.16,43.7,42.61,5
Turkmenistan,TKM,2011,14.6021,8.5527,1.35,0.17,10.74,13.99,3.14,28.17,0
Tuvalu,TUV,2011,-13.8455,8.9889,1.1,0.15,8.07,9.24,2.63,21.66,6
Uganda,UGA,2011,-4.9773,14.8869,3.46,0.23,52.05,36.25,57.53,67.61,2
Ukraine,UKR,2011,-1.0345,5.4948,2.78,0.48,16.15,8.0,10.51,50.12,1
United Arab Emirates,ARE,2011,9.3367,11.7805,5.05,3.7,6.9,4.37,2.5,30.09,0
United Kingdom of Great Britain and Northern Ireland,GBR,2011,-1.9084,10.5846,5.51,2.59,11.72,5.1,8.12,38.84,0
United Republic of Tanzania,TZA,2011,9.0354,1.1605,13.05,5.42,31.4,34.33,13.82,65.26,1
United States of America,USA,2011,14.0254,16.8801,23.94,39.8,14.4,10.56,8.33,33.97,3
Uruguay,URY,2011,10.8795,20.4087,4.81,1.55,14.93,8.23,9.52,42.46,0
Uzbekistan,UZB,2011,15.0216,8.4957,1.18,0.18,7.71,10.86,3.09,13.66,6
Vanuatu,VUT,2011,15.3559,11.2162,11.0,5.75,21.03,17.5,11.3,47.03,1
Viet Nam,VNM,2011,-9.652,8.6576,26.34,26.98,25.72,26.08,13.39,48.72,3
Yemen,YEM,2011,-3.0045,-4.754,19.67,7.48,51.74,34.24,57.14,70.78,2
Zambia,ZMB,2011,4.7162,21.829,2.71,0.28,26.23,20.27,13.4,66.46,1
Zimbabwe,ZWE,2011,-10.9155,4.9287,2.27,0.2,25.84,18.4,15.83,59.23,1
Afghanistan,AFG,2012,-12.9018,15.4005,4.11,0.25,67.69,59.27,74.33,70.4,1
Albania,ALB,2012,-14.8441,0.7987,4.85,2.32,10.14,8.34,11.67,10.71,4
Algeria,DZA,2012,-6.757,6.303,8.99,2.62,30.88,12.74,49.88,46.34,3
Andorra,AND,2012,5.798,-14.2725,0.25,0.02,3.03,2.59,2.04,5.27,4
Angola,AGO,2012,0.8073,-3.8777,10.86,2.32,50.82,32.6,58.68,68.63,3
Antigua and Barbuda,ATG,2012,-7.2453,-0.1007,3.82,1.2,12.13,5.14,9.82,35.33,0
Argentina,ARG,2012,-18.7568,9.3948,15.17,11.58,19.86,16.45,10.56,45.11,5
Armenia,ARM,2012,1.3232,7.1987,1.97,0.23,16.88,10.62,11.04,41.02,0
Australia,AUS,2012,-6.2305,24.1537,18.68,31.71,11.0,6.8,7.44,26.31,6
Austria,AUT,2012,-17.1658,0.7814,1.02,0.17,6.11,4.43,1.66,30.99,4
Azerbaijan,AZE,2012,0.7481,7.3827,2.66,0.23,30.84,15.36,45.4,42.08,3
Bahamas,BHS,2012,-5.781,11.3712,4.31,1.51,12.31,8.97,9.06,22.94,4
Bahrain,BHR,2012,11.8075,15.9399,0.87,0.14,5.42,6.62,2.66,9.02,4
Bangladesh,BGD,2012,11.5635,-6.9399,23.35,16.56,32.93,38.52,15.14,61.23,2
Barbados,BRB,2012,-7.3665,0.5031,2.36,0.48,11.58,4.41,8.03,43.89,0
Belarus,BLR,2012,0.6272,4.1186,0.71,0.05,9.98,9.87,2.78,36.23,0
Belgium,BEL,2012,5.5513,-9.0847,3.68,1.85,7.31,4.67,6.5,12.89,4
Belize,BLZ,2012,-2.3877,1.7363,6.9,2.51,18.95,15.2,11.71,38.25,0
Benin,BEN,2012,3.507,4.0996,1.67,0.09,31.03,31.86,14.32,65.51,2
Bhutan,BTN,2012,-9.0666,4.7829,1.4,0.1,19.65,15.11,10.71,46.87,0
Bolivarian Republic of Venezuela,VEN,2012,9.1786,-1.2528,20.8,19.31,22.4,15.7,12.8,55.93,5
Bosnia and Herzegovina,BIH,2012,-0.5873,6.0179,2.48,0.34,18.1,12.64,10.51,44.65,0
Botswana,BWA,2012,2.9744,12.8815,1.35,0.09,20.12,16.66,9.68,50.53,0
Brazil,BRA,2012,-18.8336,-4.2758,12.26,6.37,23.61,24.06,11.59,47.21,5
Brunei Darussalam,BRN,2012,-3.0912,13.1018,1.52,0.33,6.99,7.58,2.45,18.37,4
Bulgaria,BGR,2012,0.1282,5.1301,2.46,0.3,20.22,21.38,9.41,41.09,0
Burkina Faso,BFA,2012,3.6646,3.7812,1.37,0.07,26.94,19.96,14.94,65.6,2
Burundi,BDI,2012,-4.9881,14.9016,2.66,0.16,44.08,20.3,62.49,67.5,3
Cambodia,KHM,2012,3.8084,-0.404,9.24,2.48,34.4,12.26,56.57,58.68,3
Cameroon,CMR,2012,0.883,-5.0641,7.83,2.07,29.61,32.35,13.66,58.75,2
Canada,CAN,2012,9.1287,15.6568,16.9,26.08,10.95,5.56,6.97,33.88,5
Cape Verde,CPV,2012,6.3175,-1.534,1.1,0.07,17.26,12.0,9.39,45.62,0
Central African Republic,CAF,2012,7.41,6.7944,3.34,0.16,69.71,71.38,61.62,77.03,1
Chad,TCD,2012,7.3701,6.2879,2.71,0.12,61.05,39.73,74.07,77.32,1
Chile,CHL,2012,-1.8292,-14.7811,15.48,12.93,18.53,14.56,10.48,41.69,5
China,CHN,2012,20.0413,3.759,33.76,64.43,17.69,18.55,26.28,11.36,6
Colombia,COL,2012,-3.9575,-12.5417,37.26,31.18,44.53,35.44,54.94,45.35,3
Comoros,COM,2012,6.4453,-5.5476,2.81,0.32,24.69,18.31,13.89,59.21,2
Costa Rica,CRI,2012,-8.904,-12.4738,14.74,9.84,22.07,24.07,10.85,41.18,5
Cote d'Ivoire,CIV,2012,3.923,2.5054,2.49,0.13,47.85,35.23,53.0,58.67,3
Croatia,HRV,2012,-0.4323,15.0006,4.48,1.59,12.64,6.71,8.32,36.16,0
Cuba,CUB,2012,-12.3406,-0.7273,8.44,4.62,15.43,20.12,6.75,27.04,0
Cyprus,CYP,2012,-15.3544,-8.907,2.41,1.01,5.73,5.23,2.28,15.76,4
Czech Republic,CZE,2012,2.601,17.6468,0.87,0.1,7.59,5.95,7.46,9.86,4
Democratic People's Republic of Korea,PRK,2012,-12.8487,-11.2977,11.07,7.26,16.88,12.48,12.66,30.44,5
Democratic Republic of Congo,COD,2012,5.7341,4.978,9.35,1.37,63.86,66.49,64.6,60.64,1
Denmark,DNK,2012,-2.7704,-7.2497,0.96,0.18,5.07,4.29,0.93,32.61,0
Djibouti,DJI,2012,8.265,1.8164,12.89,4.2,39.56,18.84,57.96,56.7,3
Dominica,DMA,2012,-6.4748,1.2762,3.33,0.8,13.85,8.69,8.77,34.87,0
Dominican Republic,DOM,2012,-2.7659,2.1959,13.46,6.99,25.91,27.77,12.28,51.02,2
Ecuador,ECU,2012,9.5902,-1.6415,24.07,14.49,39.97,26.65,48.12,49.8,3
Egypt,EGY,2012,-19.8657,4.8016,13.39,10.7,16.75,14.28,6.07,54.26,5
El Salvador,SLV,2012,16.4375,4.4792,11.67,7.32,18.62,11.5,11.85,47.36,5
Equatorial Guinea,GNQ,2012,-10.2977,7.0586,3.17,0.84,11.98,10.37,3.46,47.97,0
Eritrea,ERI,2012,7.4891,2.5695,7.65,2.23,26.25,18.92,15.48,61.73,2
Estonia,EST,2012,6.8012,9.6514,1.87,0.44,7.92,6.63,2.19,34.24,0
Eswatini,SWZ,2012,-6.5165,-4.9513,1.78,0.14,22.73,18.34,11.28,56.8,2
Ethiopia,ETH,2012,2.2109,-4.6679,4.43,0.36,54.5,34.92,63.02,73.55,1
Federated States of Micronesia,FSM,2012,0.6748,-12.0814,3.58,1.13,11.37,9.84,2.9,51.52,0
Fiji,FJI,2012,3.4853,-2.9639,6.91,2.81,17.0,21.03,12.0,19.46,4
Finland,FIN,2012,-15.0936,-5.6529,1.28,0.5,3.26,4.33,0.7,11.38,4
France,FRA,2012,-2.6634,-9.6967,4.72,2.71,8.23,4.76,8.05,14.57,4
Gabon,GAB,2012,-4.8553,8.1786,6.22,1.49,25.96,28.78,12.38,49.1,2
Gambia,GMB,2012,0.6287,-6.7001,4.44,0.67,29.41,33.1,13.84,55.52,2
Georgia,GEO,2012,0.838,7.6697,4.48,0.74,27.18,11.42,42.33,41.53,3
Germany,DEU,2012,-16.4754,20.3988,3.53,2.0,6.23,3.93,1.85,33.33,0
Ghana,GHA,2012,0.4784,-6.9837,2.84,0.34,23.79,17.93,12.16,61.79,2
Greece,GRC,2012,12.6892,4.6479,7.96,8.34,7.6,6.09,7.89,9.13,4
Grenada,GRD,2012,-5.7719,1.3331,1.7,0.31,9.32,8.34,2.65,36.67,0
Guatemala,GTM,2012,16.5323,4.3975,10.55,4.3,25.88,22.48,14.37,53.63,2
Guinea,GIN,2012,-0.1936,13.5624,6.38,1.45,28.06,19.71,15.14,74.06,2
Guinea-Bissau,GNB,2012,1.7717,0.8184,4.18,0.66,26.52,20.74,14.78,60.84,2
Guyana,GUY,2012,15.3159,-0.4641,6.84,2.65,17.67,10.09,12.78,42.76,0
Haiti,HTI,2012,5.2213,10.0102,9.07,2.76,29.83,25.76,15.72,65.52,2
Honduras,HND,2012,-7.7904,10.7972,13.38,8.86,20.22,12.34,13.58,49.33,5
Hungary,HUN,2012,-0.8008,1.1055,0.97,0.11,8.56,7.21,8.21,10.58,4
Iceland,ISL,2012,9.6159,9.5885,1.57,0.67,3.7,2.26,1.15,19.56,4
India,IND,2012,8.0316,-8.143,45.3,35.85,57.23,54.22,55.73,62.03,1
Indonesia,IDN,2012,-9.4733,19.7595,32.13,39.38,26.22,26.95,13.47,49.64,6
Iran (Islamic Republic of),IRN,2012,-8.2407,-6.9144,18.35,12.29,27.41,24.04,49.02,17.48,3
Iraq,IRQ,2012,-2.6999,17.0778,7.88,1.7,36.48,15.64,53.85,57.62,3
Ireland,IRL,2012,7.8018,-3.6958,3.89,1.46,10.34,5.76,6.22,30.82,0
Israel,ISR,2012,6.8001,12.1929,3.93,0.88,17.56,4.25,36.18,35.24,0
Italy,ITA,2012,11.89,-9.3015,11.17,8.79,14.2,9.49,8.55,35.26,0
Jamaica,JAM,2012,5.8991,-0.4127,5.0,1.11,22.51,19.48,11.99,48.86,2
Japan,JPN,2012,17.9405,13.13,17.57,43.93,7.03,9.7,7.25,4.94,6
Jordan,JOR,2012,15.0458,14.8184,2.42,0.57,10.3,9.37,2.79,41.83,0
Kazakhstan,KAZ,2012,2.6744,9.5305,1.91,0.25,14.62,12.07,10.44,24.8,4
Kenya,KEN,2012,7.8439,0.929,14.06,3.26,60.67,61.14,59.04,61.88,1
Kiribati,KIR,2012,-13.9016,6.87,3.46,0.69,17.32,10.05,10.05,51.43,0
Kuwait,KWT,2012,-6.4666,20.952,2.36,1.04,5.36,3.66,2.42,17.37,4
Kyrgyzstan,KGZ,2012,1.1959,8.6542,2.12,0.22,20.51,14.74,13.18,44.41,0
Lao People's Democratic Republic,LAO,2012,-10.599,14.047,2.88,0.38,21.82,12.46,14.18,58.79,2
Latvia,LVA,2012,-6.1274,13.9096,2.59,0.78,8.62,7.19,2.4,37.06,0
Lebanon,LBN,2012,-5.0524,1.7295,2.2,0.37,13.04,14.48,3.07,49.83,0
Lesotho,LSO,2012,-10.2868,5.0335,1.24,0.07,22.07,13.7,13.2,59.46,2
Liberia,LBR,2012,10.1306,17.5752,3.75,0.54,25.98,20.79,12.95,65.16,2
Libyan Arab Jamahiriya,LBY,2012,-3.3603,7.1949,9.64,4.95,18.78,12.41,13.84,38.59,0
Liechtenstein,LIE,2012,14.1579,22.0276,0.76,0.09,6.4,6.17,1.8,23.6,4
Lithuania,LTU,2012,0.61,15.09,2.3,0.65,8.12,6.59,2.18,37.26,0
Luxembourg,LUX,2012,17.096,-4.9242,0.5,0.06,4.16,4.2,1.59,10.78,4
Madagascar,MDG,2012,-11.8662,-3.452,23.28,18.09,29.97,25.3,15.24,69.84,2
Malawi,MWI,2012,-4.3152,10.1327,3.27,0.34,31.38,33.35,13.98,66.26,2
Malaysia,MYS,2012,18.6641,9.7733,12.35,8.62,17.7,23.51,9.85,23.94,5
Maldives,MDV,2012,-5.7755,0.0494,0.83,0.11,6.28,7.24,2.93,11.66,4
Mali,MLI,2012,4.4115,1.9417,2.29,0.08,65.77,59.27,66.15,72.56,1
Malta,MLT,2012,-14.383,-9.1911,0.9,0.15,5.39,4.77,2.13,15.43,4
Marshall Islands,MHL,2012,-13.6644,7.1632,2.94,0.5,17.25,9.89,10.38,49.97,0
Mauritania,MRT,2012,1.4595,-4.355,10.73,2.93,39.32,17.2,57.91,61.04,3
Mauritius,MUS,2012,8.029,22.0351,2.59,0.72,9.29,7.82,2.54,40.37,0
Mexico,MEX,2012,18.8079,-1.5311,28.64,50.2,16.34,18.97,12.41,18.53,6
Monaco,MCO,2012,12.2212,13.3022,0.17,0.02,1.49,1.67,0.45,4.42,4
Mongolia,MNG,2012,-6.334,4.2634,1.74,0.21,14.38,14.05,11.74,18.02,4
Montenegro,MNE,2012,0.0223,21.9797,3.96,0.83,18.89,18.15,9.5,39.08,0
Morocco,MAR,2012,16.1505,5.5141,10.89,7.65,15.49,18.41,11.87,17.01,4
Mozambique,MOZ,2012,9.6326,1.1404,23.9,18.18,31.42,35.59,13.7,63.6,2
Myanmar,MMR,2012,-4.3841,-7.8579,35.61,22.9,55.38,56.44,62.81,47.91,1
Namibia,NAM,2012,-16.8318,11.9186,6.03,1.32,27.51,30.47,11.94,57.24,2
Nauru,NRU,2012,-13.1259,10.0744,1.09,0.11,10.79,13.8,2.63,34.6,0
Nepal,NPL,2012,-8.0819,-3.6213,2.53,0.24,26.71,22.66,14.06,59.84,2
Netherlands,NLD,2012,-10.4497,-5.6819,3.66,2.21,6.05,4.14,1.71,31.23,4
New Zealand,NZL,2012,-1.5436,26.1745,14.16,18.05,11.11,6.68,6.67,30.79,5
Nicaragua,NIC,2012,-7.8951,11.0988,18.11,18.59,17.65,13.09,12.94,32.45,5
Niger,NER,2012,3.9621,1.633,1.92,0.07,52.55,37.16,65.08,60.01,3
Nigeria,NGA,2012,3.3039,1.5393,8.92,1.31,60.76,45.81,64.62,75.79,1
North Macedonia,MKD,2012,0.0604,6.1413,1.3,0.1,16.8,11.56,9.64,42.57,0
Norway,NOR,2012,11.4953,-3.6666,2.45,1.05,5.72,2.86,2.54,25.82,4
Oman,OMN,2012,-9.6116,-9.2916,7.72,6.67,8.94,6.02,8.58,13.82,4
Pakistan,PAK,2012,10.1577,-6.7799,29.14,13.06,65.04,56.81,69.08,70.12,1
Palau,PLW,2012,4.8505,14.14,2.27,0.36,14.36,13.26,9.31,23.97,4
Panama,PAN,2012,6.2703,-11.948,18.91,15.92,22.46,21.12,10.99,48.84,5
Papua New Guinea,PNG,2012,12.683,18.7929,24.16,18.9,30.89,33.54,13.63,64.5,2
Paraguay,PRY,2012,5.472,-3.7189,1.61,0.14,18.53,9.16,14.17,49.01,0
Peru,PER,2012,9.8417,-1.8838,25.94,16.65,40.41,26.84,50.48,48.7,3
Philippines,PHL,2012,20.6022,7.7252,46.89,40.35,54.48,50.2,58.41,55.16,1
Plurinational State of Bolivia,BOL,2012,-9.17,17.8179,3.07,0.35,26.88,28.09,13.05,53.01,2
Poland,POL,2012,-0.4731,15.4986,4.32,1.74,10.74,6.38,7.85,24.74,4
Portugal,PRT,2012,18.0832,0.6165,5.91,3.12,11.19,6.13,7.19,31.82,0
Qatar,QAT,2012,9.5966,12.2537,0.77,0.15,3.95,4.42,2.31,6.05,4
Republic of Congo,COG,2012,3.0452,-0.9957,3.48,0.49,24.68,19.77,12.82,59.28,2
Republic of Korea,KOR,2012,-13.0885,18.9656,8.02,9.99,6.44,3.85,8.56,8.11,4
Republic of Moldova,MDA,2012,-1.4442,5.2635,1.33,0.1,17.67,11.21,10.39,47.34,0
Romania,ROU,2012,2.7977,10.2886,3.15,0.69,14.39,6.95,9.68,44.29,0
Russian Federation,RUS,2012,15.1986,-8.2207,28.21,28.75,27.68,14.48,40.32,36.33,5
Rwanda,RWA,2012,-3.7571,10.6814,2.65,0.16,43.81,33.51,46.25,54.24,3
Saint Kitts and Nevis,KNA,2012,-7.5146,-0.606,1.96,0.53,7.24,5.24,2.42,29.94,4
Saint Lucia,LCA,2012,-6.1707,1.143,2.69,0.46,15.75,8.32,11.35,41.37,0
Saint Vincent and the Grenadines,VCT,2012,-6.0815,1.2565,2.57,0.44,14.99,8.64,9.76,39.95,0
Samoa,WSM,2012,6.499,17.4575,4.13,0.81,21.09,16.74,10.62,52.73,2
San Marino,SMR,2012,-7.2404,8.4123,0.34,0.03,3.91,2.56,1.26,18.53,4
Sao Tome and Principe,STP,2012,9.8366,5.2544,0.49,0.02,11.87,10.05,3.14,52.99,0
Saudi Arabia,SAU,2012,-2.779,6.8413,8.44,5.21,13.68,8.21,9.68,32.24,0
Senegal,SEN,2012,3.7643,-0.4432,7.26,1.05,50.25,42.79,54.4,54.52,3
Serbia,SRB,2012,1.8626,7.1932,1.72,0.17,17.32,10.89,10.43,45.71,0
Seychelles,SYC,2012,-4.4559,5.316,2.78,1.03,7.5,6.5,2.57,25.24,4
Sierra Leone,SLE,2012,2.3005,0.7008,5.26,1.1,25.12,19.62,12.36,65.4,2
Singapore,SGP,2012,-6.0753,17.234,0.84,0.15,4.71,2.46,1.62,26.3,4
Slovakia,SVK,2012,2.984,18.5639,0.91,0.1,8.34,7.18,7.6,10.63,4
Slovenia,SVN,2012,2.3516,18.1066,1.85,0.31,11.02,5.36,7.77,32.1,0
Solomon Islands,SLB,2012,-1.6248,19.3678,15.48,9.62,24.9,22.71,12.01,56.59,2
Somalia,SOM,2012,7.0226,15.6588,24.09,8.55,67.89,65.5,85.23,56.04,1
South Africa,ZAF,2012,-16.0135,4.8175,8.06,2.67,24.31,22.29,11.37,56.68,2
South Sudan,SSD,2012,-10.0438,12.2978,4.2,0.25,70.66,69.76,63.89,79.17,1
Spain,ESP,2012,12.6563,3.3829,10.13,7.78,13.19,9.29,7.68,32.14,0
Sri Lanka,LKA,2012,-5.4779,18.6572,6.55,1.61,26.62,25.41,56.49,13.14,3
Sudan,SDN,2012,-1.7816,-2.8389,10.23,1.65,63.41,57.49,67.8,65.4,1
Suriname,SUR,2012,1.6078,-2.2273,5.53,1.79,17.11,9.23,10.73,50.62,0
Sweden,SWE,2012,10.4431,-4.014,2.51,1.06,5.93,5.34,1.51,25.82,4
Switzerland,CHE,2012,11.2489,-11.8956,0.92,0.16,5.25,3.71,1.53,25.43,4
Syrian Arab Republic,SYR,2012,-3.0715,16.8297,11.11,2.54,48.63,28.11,64.88,63.06,3
Tajikistan,TJK,2012,0.3426,8.3699,3.14,0.23,42.98,27.62,55.55,51.75,3
Thailand,THA,2012,0.0088,19.729,18.72,14.11,24.84,15.18,55.21,18.29,3
Timor-Leste,TLS,2012,0.0044,12.2178,5.94,2.87,12.3,10.06,3.26,56.71,0
Togo,TGO,2012,3.6246,3.5516,1.35,0.07,25.9,19.75,14.36,61.25,2
Tonga,TON,2012,3.879,-3.1259,4.99,1.33,18.71,15.26,10.06,42.66,0
Trinidad and Tobago,TTO,2012,-5.2653,3.0388,2.18,0.49,9.68,6.66,2.78,48.93,0
Tunisia,TUN,2012,-14.4671,1.7268,6.34,2.86,14.04,12.15,5.3,43.02,0
Turkey,TUR,2012,-3.2933,15.9195,15.91,9.0,28.11,11.63,43.38,44.03,3
Turkmenistan,TKM,2012,14.5993,8.5631,1.34,0.17,10.64,13.99,3.06,28.17,4
Tuvalu,TUV,2012,-13.8532,9.0029,1.19,0.15,9.43,9.32,2.69,33.5,0
Uganda,UGA,2012,-4.0148,10.1599,2.63,0.23,30.01,27.65,14.33,68.23,2
Ukraine,UKR,2012,-0.9493,5.5464,2.75,0.48,15.79,9.64,10.54,38.73,0
United Arab Emirates,ARE,2012,9.2839,11.7221,5.01,3.7,6.78,4.33,2.48,29.04,4
United Kingdom of Great Britain and Northern Ireland,GBR,2012,-1.9049,10.5722,5.61,2.59,12.14,6.63,7.23,37.33,0
United Republic of Tanzania,TZA,2012,9.0597,1.1758,13.05,5.44,31.31,33.62,13.96,65.4,2
United States of America,USA,2012,14.0152,16.886,24.0,39.73,14.5,10.94,8.31,33.52,6
Uruguay,URY,2012,10.8648,20.423,4.73,1.55,14.46,8.15,8.66,42.82,0
Uzbekistan,UZB,2012,15.08,8.4674,1.14,0.18,7.24,9.04,3.06,13.73,4
Vanuatu,VUT,2012,15.3424,11.23,11.08,5.75,21.34,17.65,11.1,49.62,5
Viet Nam,VNM,2012,-9.6384,8.6706,25.94,26.99,24.94,25.04,13.15,47.12,5
Yemen,YEM,2012,-2.9957,-4.7455,21.49,9.02,51.19,34.25,57.8,67.76,3
Zambia,ZMB,2012,4.7009,21.8113,2.68,0.28,25.73,20.15,12.62,66.97,2
Zimbabwe,ZWE,2012,-10.9214,4.9218,2.36,0.2,27.9,24.32,15.15,58.96,2
Afghanistan,AFG,2013,-12.8939,15.3909,4.1,0.25,67.34,57.8,74.45,70.97,1
Albania,ALB,2013,-14.8233,0.82,5.31,2.32,12.16,14.07,11.69,10.94,4
Algeria,DZA,2013,-6.7724,6.2879,9.19,2.64,31.99,16.41,45.28,44.04,6
Andorra,AND,2013,5.8385,-14.3134,0.28,0.02,4.02,2.59,2.05,12.2,4
Angola,AGO,2013,0.8203,-3.8829,10.8,2.31,50.51,32.05,59.17,67.97,1
Antigua and Barbuda,ATG,2013,-7.1653,-0.1958,3.51,1.2,10.25,5.18,9.28,22.38,4
Argentina,ARG,2013,-18.7333,9.4183,16.01,11.6,22.1,21.47,10.9,46.1,2
Armenia,ARM,2013,0.7772,7.0575,2.51,0.23,27.29,10.64,43.14,44.27,6
Australia,AUS,2013,-6.2293,24.1525,18.76,31.66,11.12,6.76,7.44,27.34,3
Austria,AUT,2013,-17.1622,0.7782,1.22,0.17,8.77,7.52,3.0,29.88,4
Azerbaijan,AZE,2013,0.7566,7.3613,2.32,0.23,23.34,6.98,43.81,41.56,6
Bahamas,BHS,2013,-5.808,11.4174,4.56,1.51,13.79,8.78,9.04,33.02,0
Bahrain,BHR,2013,11.7923,15.9494,0.85,0.14,5.19,5.7,2.66,9.22,4
Bangladesh,BGD,2013,11.5659,-6.9416,22.09,16.56,29.47,29.02,15.25,57.82,2
Barbados,BRB,2013,-7.388,0.5221,2.33,0.48,11.34,4.43,7.99,41.25,0
Belarus,BLR,2013,0.6291,4.1062,0.74,0.05,10.83,9.59,5.57,23.78,4
Belgium,BEL,2013,5.567,-9.0691,3.65,1.85,7.2,4.65,6.55,12.23,4
Belize,BLZ,2013,-2.4074,1.7638,6.04,2.52,14.47,25.87,2.9,40.38,0
Benin,BEN,2013,3.5223,4.0902,1.56,0.09,27.17,24.69,14.29,56.86,2
Bhutan,BTN,2013,-9.0589,4.7762,1.41,0.1,19.79,15.03,10.8,47.74,0
Bolivarian Republic of Venezuela,VEN,2013,9.1577,-1.2326,20.06,19.32,20.82,12.63,12.8,55.8,2
Bosnia and Herzegovina,BIH,2013,-0.5952,6.0055,2.3,0.34,15.54,10.63,10.51,33.61,0
Botswana,BWA,2013,3.0401,12.9368,1.47,0.09,24.05,28.39,9.81,49.94,2
Brazil,BRA,2013,-18.8219,-4.2903,12.24,6.37,23.53,24.24,11.64,46.2,2
Brunei Darussalam,BRN,2013,-3.0751,13.1154,1.35,0.33,5.56,7.49,2.44,9.38,4
Bulgaria,BGR,2013,0.0742,5.0984,2.2,0.3,16.16,12.58,9.44,35.53,0
Burkina Faso,BFA,2013,3.6626,3.8125,1.47,0.07,30.71,33.38,15.08,57.52,2
Burundi,BDI,2013,-4.0969,10.1826,2.08,0.16,27.17,20.28,15.05,65.72,2
Cambodia,KHM,2013,3.8052,-0.4055,10.32,2.48,42.92,22.65,57.79,60.39,6
Cameroon,CMR,2013,0.8649,-5.0776,7.79,2.07,29.33,32.1,13.4,58.63,2
Canada,CAN,2013,9.1418,15.6705,18.74,26.1,13.46,9.88,7.5,32.91,3
Cape Verde,CPV,2013,6.3197,-1.5401,1.06,0.07,16.06,9.55,9.44,45.97,0
Central African Republic,CAF,2013,7.4196,6.8051,3.4,0.16,72.26,72.86,65.31,79.28,1
Chad,TCD,2013,7.3661,6.2806,2.55,0.12,54.31,39.41,71.46,56.88,1
Chile,CHL,2013,-1.8793,-14.7305,15.84,12.93,19.4,17.4,10.52,39.88,0
China,CHN,2013,20.0115,3.7282,33.79,64.38,17.73,18.64,25.83,11.57,3
Colombia,COL,2013,-3.9281,-12.5728,36.98,31.27,43.73,34.16,54.64,44.79,5
Comoros,COM,2013,6.3989,-5.5832,2.46,0.32,18.86,10.24,13.73,47.69,0
Costa Rica,CRI,2013,-8.9065,-12.4762,13.94,9.82,19.8,17.85,10.64,40.88,0
Cote d'Ivoire,CIV,2013,3.9401,2.5059,2.63,0.13,53.35,45.13,52.5,64.09,1
Croatia,HRV,2013,-0.4312,15.0234,4.45,1.58,12.55,6.62,8.32,35.85,0
Cuba,CUB,2013,-12.2597,-0.6468,7.55,4.56,12.51,11.27,9.53,18.25,4
Cyprus,CYP,2013,-15.3766,-8.8784,2.35,1.01,5.45,5.24,2.31,13.35,4
Czech Republic,CZE,2013,2.5865,17.8504,0.99,0.1,9.88,8.13,8.53,13.9,4
Democratic People's Republic of Korea,PRK,2013,-12.8393,-11.2885,11.19,7.25,17.28,12.24,13.22,31.87,0
Democratic Republic of Congo,COD,2013,5.7291,4.9709,9.33,1.37,63.57,65.59,63.56,61.61,1
Denmark,DNK,2013,-2.7714,-7.2509,0.94,0.18,4.93,4.39,0.92,29.64,4
Djibouti,DJI,2013,8.7175,2.1675,10.0,4.19,23.86,18.77,13.85,52.27,2
Dominica,DMA,2013,-6.5166,1.2425,2.94,0.8,10.77,14.58,8.63,9.93,4
Dominican Republic,DOM,2013,-2.7315,2.1544,13.65,6.99,26.65,29.4,12.29,52.37,2
Ecuador,ECU,2013,-12.854,13.2567,18.95,14.45,24.86,26.74,11.91,48.24,2
Egypt,EGY,2013,-19.8879,4.78,13.26,10.73,16.39,14.51,6.16,49.23,0
El Salvador,SLV,2013,16.4584,4.4285,12.91,7.36,22.66,20.49,11.94,47.59,2
Equatorial Guinea,GNQ,2013,-10.2948,7.063,3.36,0.85,13.32,12.94,3.51,52.01,0
Eritrea,ERI,2013,7.5051,2.5526,6.28,2.24,17.63,24.25,3.61,62.61,2
Estonia,EST,2013,6.7826,9.6693,1.87,0.44,7.91,6.68,2.19,33.85,0
Eswatini,SWZ,2013,-6.45,-5.0157,1.4,0.14,14.1,18.16,3.15,49.03,0
Ethiopia,ETH,2013,2.5223,-4.9015,4.86,0.36,65.48,62.72,62.74,71.36,1
Federated States of Micronesia,FSM,2013,0.6599,-12.0664,3.53,1.12,11.11,9.85,2.91,47.85,0
Fiji,FJI,2013,3.5131,-2.9351,6.24,2.8,13.89,11.65,12.04,19.11,4
Finland,FIN,2013,-15.0489,-5.6,1.52,0.5,4.65,5.62,0.75,23.79,4
France,FRA,2013,-2.6574,-9.7035,5.14,2.7,9.78,8.13,8.21,14.0,4
Gabon,GAB,2013,-4.8638,8.1714,6.11,1.48,25.2,28.91,12.45,44.48,2
Gambia,GMB,2013,0.6675,-6.6519,4.52,0.68,30.06,31.91,14.11,60.32,2
Georgia,GEO,2013,1.9486,8.4067,3.82,0.74,19.71,19.53,10.12,38.77,0
Germany,DEU,2013,-16.4271,20.35,4.77,2.0,11.4,6.8,6.27,34.72,0
Ghana,GHA,2013,0.424,-7.0459,3.13,0.34,28.73,31.07,12.23,62.44,2
Greece,GRC,2013,12.6877,4.6462,8.32,8.33,8.31,7.85,7.74,9.43,4
Grenada,GRD,2013,-5.8548,1.329,1.36,0.31,5.94,8.34,2.67,9.43,4
Guatemala,GTM,2013,16.513,4.38,10.02,4.3,23.33,16.17,14.41,54.52,2
Guinea,GIN,2013,-0.1935,13.5583,6.68,1.46,30.6,25.15,15.11,75.42,2
Guinea-Bissau,GNB,2013,1.7767,0.8165,4.14,0.66,26.02,20.65,14.92,57.17,2
Guyana,GUY,2013,15.317,-0.4672,5.38,2.65,10.92,9.99,3.18,40.96,0
Haiti,HTI,2013,5.2493,10.0394,9.02,2.76,29.48,24.52,15.82,66.02,2
Honduras,HND,2013,-7.9156,11.1198,11.66,8.85,15.36,12.33,13.42,21.9,4
Hungary,HUN,2013,-0.8096,1.0968,1.07,0.11,10.34,12.44,9.09,9.77,4
Iceland,ISL,2013,9.5919,9.5632,1.82,0.67,4.94,3.61,1.67,20.05,4
India,IND,2013,7.7827,-8.408,43.05,35.94,51.57,39.68,56.13,61.56,5
Indonesia,IDN,2013,-9.4737,19.753,32.29,39.67,26.29,27.23,13.29,50.22,3
Iran (Islamic Republic of),IRN,2013,-8.2582,-6.8974,20.95,12.33,35.6,23.29,49.16,39.42,6
Iraq,IRQ,2013,-2.7177,17.1014,9.37,1.71,51.3,47.19,54.18,52.8,1
Ireland,IRL,2013,7.7945,-3.7016,3.86,1.46,10.2,5.74,6.45,28.66,4
Israel,ISR,2013,6.7988,12.1913,4.14,0.88,19.48,5.46,40.36,33.56,6
Italy,ITA,2013,11.8685,-9.28,11.13,8.77,14.12,9.38,8.72,34.39,0
Jamaica,JAM,2013,5.8609,-0.3677,4.62,1.11,19.2,11.09,12.04,53.01,0
Japan,JPN,2013,17.9385,13.1281,21.48,43.92,10.51,9.89,7.18,16.33,3
Jordan,JOR,2013,15.0604,14.8326,2.63,0.57,12.16,15.62,2.8,41.15,0
Kazakhstan,KAZ,2013,2.6786,9.5339,1.88,0.25,14.14,10.73,10.45,25.19,4
Kenya,KEN,2013,7.85,0.9338,14.06,3.27,60.42,61.46,58.89,60.95,1
Kiribati,KIR,2013,-13.8815,6.894,2.77,0.69,11.13,10.04,2.95,46.51,0
Kuwait,KWT,2013,-6.463,20.9555,2.05,1.04,4.05,3.52,2.49,7.58,4
Kyrgyzstan,KGZ,2013,1.1686,8.6681,2.15,0.22,20.95,14.77,13.22,47.11,0
Lao People's Democratic Republic,LAO,2013,-10.6117,14.0341,3.05,0.38,24.47,17.37,14.23,59.27,2
Latvia,LVA,2013,-6.1308,13.9017,2.06,0.78,5.43,7.26,2.39,9.22,4
Lebanon,LBN,2013,-5.0011,1.7707,2.76,0.37,20.6,14.91,12.1,48.49,0
Lesotho,LSO,2013,-10.3002,5.0434,1.24,0.07,22.09,13.77,13.12,59.7,2
Liberia,LBR,2013,10.1255,17.5687,4.12,0.54,31.44,36.32,13.0,65.81,2
Libyan Arab Jamahiriya,LBY,2013,-3.4998,7.1948,13.16,4.93,35.14,21.8,48.25,41.27,6
Liechtenstein,LIE,2013,14.1675,22.0372,0.78,0.09,6.73,6.17,1.81,27.24,4
Lithuania,LTU,2013,0.6022,15.1096,2.26,0.64,8.0,6.7,2.16,35.32,0
Luxembourg,LUX,2013,17.0932,-4.9271,0.5,0.06,4.14,4.09,1.62,10.68,4
Madagascar,MDG,2013,-11.8688,-3.4608,23.22,18.17,29.67,24.95,14.83,70.62,2
Malawi,MWI,2013,-4.3521,10.1049,3.33,0.34,32.56,34.29,14.42,69.78,2
Malaysia,MYS,2013,18.541,9.8903,15.72,8.63,28.62,22.97,40.42,25.26,6
Maldives,MDV,2013,-5.7775,0.0401,0.82,0.11,6.04,7.03,2.93,10.7,4
Mali,MLI,2013,4.4431,1.9324,2.25,0.08,63.45,60.77,67.48,62.3,1
Malta,MLT,2013,-14.3844,-9.1875,0.89,0.15,5.25,4.73,2.12,14.4,4
Marshall Islands,MHL,2013,-13.6825,7.1437,2.94,0.5,17.29,9.88,11.08,47.18,0
Mauritania,MRT,2013,1.4604,-4.3282,11.74,2.92,47.2,29.85,58.43,60.28,6
Mauritius,MUS,2013,8.0231,22.0296,3.18,0.73,13.84,7.81,8.5,39.92,0
Mexico,MEX,2013,18.7927,-1.5164,37.42,50.16,27.91,34.92,12.52,49.75,3
Monaco,MCO,2013,12.2153,13.2965,0.16,0.02,1.31,1.66,0.32,4.28,4
Mongolia,MNG,2013,-6.3351,4.2704,1.91,0.21,17.38,10.72,11.78,41.58,0
Montenegro,MNE,2013,0.0098,22.0001,3.61,0.83,15.71,10.48,9.51,38.87,0
Morocco,MAR,2013,16.1406,5.527,10.62,7.65,14.75,13.99,11.82,19.42,4
Mozambique,MOZ,2013,9.8065,1.2572,30.56,18.18,51.37,37.3,55.77,65.17,5
Myanmar,MMR,2013,-4.3963,-7.8709,36.91,22.86,59.59,57.24,60.25,61.36,5
Namibia,NAM,2013,-16.836,11.923,6.06,1.32,27.79,31.91,12.31,54.65,2
Nauru,NRU,2013,-13.1125,10.0995,1.12,0.11,11.33,13.62,2.72,39.28,0
Nepal,NPL,2013,-8.0795,-3.6201,2.65,0.24,29.19,29.92,13.82,60.16,2
Netherlands,NLD,2013,-10.5042,-5.6274,3.65,2.2,6.04,4.12,1.7,31.53,4
New Zealand,NZL,2013,-1.5968,26.2267,12.29,18.02,8.38,5.08,3.7,31.35,4
Nicaragua,NIC,2013,-7.9133,11.1117,18.77,18.56,18.99,16.46,12.91,32.23,3
Niger,NER,2013,4.0007,1.6621,1.98,0.07,56.16,37.34,66.31,71.55,1
Nigeria,NGA,2013,3.3403,1.5234,8.92,1.31,60.74,45.25,66.45,74.53,1
North Macedonia,MKD,2013,0.096,6.117,1.41,0.1,19.81,20.09,9.73,39.77,0
Norway,NOR,2013,11.4893,-3.6599,2.5,1.06,5.9,2.86,2.46,29.12,4
Oman,OMN,2013,-9.6076,-9.2876,8.63,6.65,11.2,12.72,8.69,12.72,4
Pakistan,PAK,2013,10.1669,-6.7713,28.92,13.06,64.02,55.63,68.49,68.88,1
Palau,PLW,2013,4.8891,14.1023,1.93,0.36,10.3,13.79,9.43,8.4,4
Panama,PAN,2013,6.2919,-11.9687,18.79,15.89,22.22,20.98,10.87,48.09,2
Papua New Guinea,PNG,2013,12.6832,18.7923,22.9,18.88,27.78,24.1,13.75,64.73,2
Paraguay,PRY,2013,5.4703,-3.6943,1.78,0.14,22.61,16.57,14.38,48.48,0
Peru,PER,2013,9.8337,-1.8762,26.11,16.7,40.83,26.23,50.61,51.29,5
Philippines,PHL,2013,20.61,7.7173,47.18,40.34,55.19,52.21,58.59,54.95,5
Plurinational State of Bolivia,BOL,2013,-9.173,17.8214,3.1,0.35,27.48,27.85,13.39,55.65,2
Poland,POL,2013,-0.4968,15.4975,4.29,1.74,10.56,6.36,8.01,23.13,4
Portugal,PRT,2013,18.0699,0.6305,5.83,3.11,10.94,6.21,7.6,27.75,4
Qatar,QAT,2013,9.6382,12.299,0.71,0.15,3.39,4.23,2.3,3.99,4
Republic of Congo,COG,2013,3.0469,-0.9975,3.41,0.48,24.27,19.48,12.77,57.49,2
Republic of Korea,KOR,2013,-13.0825,18.9593,9.14,9.99,8.37,8.59,8.41,8.13,4
Republic of Moldova,MDA,2013,-1.4117,5.285,1.33,0.1,17.59,11.09,10.42,47.12,0
Romania,ROU,2013,2.7919,10.2791,3.16,0.69,14.51,7.08,9.42,45.77,0
Russian Federation,RUS,2013,15.2101,-8.2321,28.32,28.7,27.95,14.51,40.6,37.06,3
Rwanda,RWA,2013,-3.7455,10.6927,2.62,0.16,43.0,33.12,45.68,52.54,6
Saint Kitts and Nevis,KNA,2013,-7.5243,-0.6181,1.98,0.53,7.42,5.21,2.49,31.5,4
Saint Lucia,LCA,2013,-6.2292,0.9188,2.66,0.46,15.35,18.28,11.32,17.48,4
Saint Vincent and the Grenadines,VCT,2013,-6.1615,1.1229,2.79,0.44,17.66,15.24,10.08,35.86,0
Samoa,WSM,2013,6.5614,17.5189,3.56,0.81,15.65,9.38,10.6,38.54,0
San Marino,SMR,2013,-7.2488,8.4212,0.35,0.03,4.01,2.66,1.29,18.78,4
Sao Tome and Principe,STP,2013,9.8525,5.2701,0.49,0.02,11.77,10.03,3.13,51.88,0
Saudi Arabia,SAU,2013,-2.8228,6.8951,8.62,5.21,14.27,13.94,9.75,21.38,4
Senegal,SEN,2013,3.7496,-0.4618,6.89,1.05,45.2,32.2,54.15,52.97,6
Serbia,SRB,2013,1.8582,7.1816,1.78,0.17,18.73,13.94,10.45,45.13,0
Seychelles,SYC,2013,-4.4729,5.3316,4.05,1.03,15.92,11.54,9.52,36.7,0
Sierra Leone,SLE,2013,2.3221,0.6907,5.75,1.1,30.05,33.88,12.38,64.71,2
Singapore,SGP,2013,-6.0527,17.2117,0.85,0.15,4.77,2.42,1.67,26.9,4
Slovakia,SVK,2013,2.9134,18.6108,1.04,0.1,10.74,7.1,7.7,22.67,4
Slovenia,SVN,2013,2.3691,18.1144,1.85,0.31,11.08,5.35,7.82,32.55,0
Solomon Islands,SLB,2013,-1.635,19.3547,15.6,9.64,25.23,23.17,12.06,57.48,2
Somalia,SOM,2013,7.0419,15.6783,25.08,8.54,73.67,65.85,83.99,72.28,1
South Africa,ZAF,2013,-16.0085,4.8234,9.1,3.12,26.57,29.57,11.33,56.0,2
South Sudan,SSD,2013,-10.0399,12.2943,4.14,0.25,68.44,69.67,66.4,69.3,1
Spain,ESP,2013,12.674,3.3631,10.1,7.78,13.12,8.97,7.8,32.29,0
Sri Lanka,LKA,2013,-5.4783,18.6569,6.56,1.61,26.71,25.91,55.91,13.15,6
Sudan,SDN,2013,-1.7938,-2.8282,10.22,1.65,63.28,58.53,68.03,63.63,1
Suriname,SUR,2013,1.585,-2.2528,4.8,1.79,12.87,15.32,2.89,48.16,0
Sweden,SWE,2013,10.4857,-3.9733,2.49,1.06,5.84,5.37,1.6,23.16,4
Switzerland,CHE,2013,11.2619,-11.9088,1.02,0.16,6.54,4.72,2.6,22.78,4
Syrian Arab Republic,SYR,2013,-3.0652,16.8815,8.94,2.53,31.62,29.12,16.32,66.54,2
Tajikistan,TJK,2013,0.358,8.4254,3.07,0.23,40.94,26.7,49.57,51.86,6
Thailand,THA,2013,0.0004,19.7209,21.12,14.14,31.55,32.31,54.86,17.72,6
Timor-Leste,TLS,2013,-0.0052,12.2094,6.54,2.88,14.87,17.3,3.25,58.48,2
Togo,TGO,2013,3.6296,3.5346,1.4,0.07,27.87,25.36,14.21,60.08,2
Tonga,TON,2013,3.9852,-3.0325,3.93,1.33,11.61,14.88,10.09,10.41,4
Trinidad and Tobago,TTO,2013,-5.2796,3.0241,2.26,0.49,10.42,8.77,2.8,46.01,0
Tunisia,TUN,2013,-14.503,1.6381,8.23,2.86,23.67,15.48,21.08,40.65,0
Turkey,TUR,2013,-3.3529,15.8442,14.77,9.0,24.25,8.74,43.63,37.42,6
Turkmenistan,TKM,2013,14.594,8.5628,1.35,0.17,10.72,13.92,3.05,29.04,4
Tuvalu,TUV,2013,-13.8351,8.9716,1.22,0.15,9.98,9.31,2.69,39.73,0
Uganda,UGA,2013,-3.9317,10.1501,2.72,0.23,32.28,37.55,13.94,64.24,2
Ukraine,UKR,2013,-0.9269,5.6004,2.67,0.48,14.87,8.35,10.49,37.56,0
United Arab Emirates,ARE,2013,9.2401,11.6601,4.84,3.7,6.34,3.53,2.46,29.31,4
United Kingdom of Great Britain and Northern Ireland,GBR,2013,-1.8708,10.532,5.88,2.59,13.33,8.82,7.48,35.91,0
United Republic of Tanzania,TZA,2013,9.0561,1.1763,11.96,5.51,25.95,19.72,13.91,63.74,2
United States of America,USA,2013,14.0092,16.8874,23.55,39.7,13.97,10.78,7.64,33.1,3
Uruguay,URY,2013,10.8784,20.409,5.14,1.54,17.13,13.54,8.59,43.23,0
Uzbekistan,UZB,2013,15.0808,8.4705,1.14,0.18,7.26,9.01,3.06,13.87,4
Vanuatu,VUT,2013,15.3469,11.2258,11.09,5.76,21.36,17.34,11.04,50.9,2
Viet Nam,VNM,2013,-9.6547,8.6548,26.46,26.8,26.13,26.53,13.33,50.43,3
Yemen,YEM,2013,-3.075,-4.8169,23.6,9.04,61.6,58.01,58.81,68.53,1
Zambia,ZMB,2013,4.7123,21.8258,2.95,0.28,30.98,34.84,12.74,67.02,2
Zimbabwe,ZWE,2013,-10.9165,4.9331,2.48,0.2,30.8,32.46,15.81,56.95,2
Afghanistan,AFG,2014,-12.8791,15.3755,4.06,0.25,66.04,56.98,73.21,69.05,6
Albania,ALB,2014,-14.8666,0.7686,6.16,2.31,16.43,10.81,11.25,36.48,3
Algeria,DZA,2014,-6.7343,6.3197,8.1,2.64,24.88,21.67,24.75,28.72,5
Andorra,AND,2014,5.8287,-14.3035,0.27,0.02,3.76,2.63,1.95,10.34,1
Angola,AGO,2014,0.9287,-4.9571,7.85,2.33,26.45,19.0,14.85,65.61,0
Antigua and Barbuda,ATG,2014,-7.1496,-0.1803,3.32,1.2,9.16,5.21,9.73,15.16,1
Argentina,ARG,2014,-18.7478,9.4035,15.58,11.62,20.89,18.29,11.01,45.25,3
Armenia,ARM,2014,0.7296,6.9993,2.52,0.23,27.51,10.62,44.12,44.41,5
Australia,AUS,2014,-6.0256,23.9486,16.94,31.65,9.07,5.11,7.35,19.85,1
Austria,AUT,2014,-17.1402,0.7564,1.12,0.17,7.34,4.51,3.14,27.9,1
Azerbaijan,AZE,2014,0.7548,7.3655,2.4,0.23,25.03,8.63,44.65,40.7,5
Bahamas,BHS,2014,-5.7928,11.4341,4.71,1.51,14.67,8.89,9.28,38.27,3
Bahrain,BHR,2014,11.7927,15.9497,0.85,0.14,5.22,5.67,2.67,9.38,1
Bangladesh,BGD,2014,11.551,-6.9312,21.81,16.57,28.71,28.41,14.95,55.74,0
Barbados,BRB,2014,-7.3857,0.5172,2.34,0.48,11.43,4.44,8.14,41.3,3
Belarus,BLR,2014,0.655,4.1018,0.79,0.05,12.57,9.68,5.58,36.74,3
Belgium,BEL,2014,5.5705,-9.0644,3.64,1.85,7.17,4.54,6.71,12.1,1
Belize,BLZ,2014,-2.405,1.7559,5.65,2.51,12.73,15.27,3.02,44.71,3
Benin,BEN,2014,3.5339,4.0536,1.44,0.09,23.11,14.41,14.33,59.74,0
Bhutan,BTN,2014,-9.0334,4.7514,1.28,0.1,16.5,14.55,10.3,29.98,3
Bolivarian Republic of Venezuela,VEN,2014,9.1564,-1.2311,19.99,19.32,20.68,12.04,12.93,56.83,0
Bosnia and Herzegovina,BIH,2014,-0.6554,6.0017,2.71,0.34,21.67,19.21,11.63,45.53,3
Botswana,BWA,2014,3.0979,12.9947,1.46,0.09,23.68,28.25,9.56,49.16,0
Brazil,BRA,2014,-18.8346,-4.2745,12.38,6.36,24.09,24.59,12.03,47.25,0
Brunei Darussalam,BRN,2014,-3.088,13.1022,1.49,0.33,6.73,12.66,2.38,10.11,1
Bulgaria,BGR,2014,0.1036,5.0984,2.51,0.3,21.04,22.09,9.52,44.32,3
Burkina Faso,BFA,2014,3.6758,3.7521,1.36,0.07,26.5,19.85,15.63,59.97,0
Burundi,BDI,2014,-4.9906,14.9037,2.83,0.16,49.96,35.39,54.11,65.11,2
Cambodia,KHM,2014,3.8141,-0.3974,10.27,2.48,42.55,22.64,57.55,59.11,2
Cameroon,CMR,2014,0.4385,-2.4014,11.04,2.07,58.83,56.88,59.4,60.27,6
Canada,CAN,2014,9.1271,15.6556,18.92,26.07,13.73,9.66,7.41,36.13,3
Cape Verde,CPV,2014,6.3396,-1.5648,1.26,0.07,22.62,27.31,10.12,41.87,3
Central African Republic,CAF,2014,7.4278,6.7734,3.39,0.16,72.01,69.49,65.94,81.5,6
Chad,TCD,2014,7.3679,6.2914,2.61,0.12,56.71,38.36,65.84,72.2,2
Chile,CHL,2014,-1.8337,-14.7761,15.46,12.85,18.61,15.39,10.22,40.95,3
China,CHN,2014,20.0349,3.7519,29.2,64.37,13.25,15.6,12.82,11.64,1
Colombia,COL,2014,-3.9292,-12.5717,37.14,31.37,43.96,33.8,54.52,46.1,4
Comoros,COM,2014,6.4004,-5.5338,2.2,0.32,15.15,18.32,13.74,13.81,1
Costa Rica,CRI,2014,-8.9047,-12.4743,13.38,9.82,18.23,13.85,10.2,42.87,3
Cote d'Ivoire,CIV,2014,3.8988,2.5375,2.69,0.13,55.73,58.35,49.55,59.88,6
Croatia,HRV,2014,-0.4711,15.0442,4.84,1.58,14.83,11.75,8.57,32.41,3
Cuba,CUB,2014,-12.3092,-0.6966,7.54,4.57,12.43,11.31,9.41,18.03,1
Cyprus,CYP,2014,-15.368,-8.8937,2.38,1.01,5.63,5.23,2.33,14.66,1
Czech Republic,CZE,2014,2.5414,17.8696,0.92,0.1,8.43,3.46,8.44,20.51,1
Democratic People's Republic of Korea,PRK,2014,-12.8508,-11.2999,10.06,7.24,13.98,6.78,13.27,30.35,3
Democratic Republic of Congo,COD,2014,5.7226,4.9604,9.42,1.38,64.26,66.64,61.58,64.65,6
Denmark,DNK,2014,-2.7665,-7.2456,0.95,0.18,5.02,4.37,0.93,31.08,1
Djibouti,DJI,2014,8.7145,2.1657,10.21,4.25,24.51,18.66,14.2,55.54,0
Dominica,DMA,2014,-6.4268,1.3205,3.38,0.8,14.28,8.74,8.81,37.82,3
Dominican Republic,DOM,2014,-2.7264,2.1476,13.55,7.0,26.24,29.21,12.29,50.35,0
Ecuador,ECU,2014,-12.8641,13.2456,18.08,14.45,22.63,19.89,11.68,49.86,0
Egypt,EGY,2014,-20.0037,4.6665,18.55,10.72,32.11,24.85,24.17,55.1,0
El Salvador,SLV,2014,15.7982,3.7671,13.58,7.29,25.3,27.29,11.8,50.31,0
Equatorial Guinea,GNQ,2014,-10.2758,7.0792,3.31,0.86,12.71,10.47,3.6,54.48,3
Eritrea,ERI,2014,7.5118,2.5464,6.1,2.26,16.46,18.9,3.64,64.86,0
Estonia,EST,2014,6.7802,9.6721,1.84,0.44,7.7,6.75,2.15,31.45,1
Eswatini,SWZ,2014,-6.4943,-4.9731,1.72,0.14,21.04,17.77,10.74,48.81,3
Ethiopia,ETH,2014,2.5413,-4.9195,4.8,0.36,63.98,62.02,59.56,70.89,6
Federated States of Micronesia,FSM,2014,0.6528,-12.0592,3.52,1.12,11.07,9.87,2.94,46.71,3
Fiji,FJI,2014,3.5012,-2.9482,6.72,2.8,16.14,20.39,11.43,18.03,1
Finland,FIN,2014,-15.0609,-5.6122,1.47,0.5,4.32,4.43,0.78,23.39,1
France,FRA,2014,-2.6852,-9.698,5.9,2.7,12.9,8.14,8.3,31.78,3
Gabon,GAB,2014,-4.894,8.1369,5.74,1.49,22.1,16.46,12.5,52.49,0
Gambia,GMB,2014,0.6453,-6.6765,4.12,0.67,25.34,18.83,14.19,60.89,0
Georgia,GEO,2014,1.931,8.4087,3.68,0.73,18.53,14.55,9.88,44.25,3
Germany,DEU,2014,-16.4463,20.3694,4.33,2.0,9.37,3.95,6.08,34.29,3
Ghana,GHA,2014,0.4397,-7.0262,2.81,0.34,23.15,17.78,12.05,57.89,0
Greece,GRC,2014,12.6371,4.5714,9.4,8.32,10.62,9.04,8.94,14.81,1
Grenada,GRD,2014,-5.8077,1.2856,1.73,0.31,9.6,8.41,2.7,38.91,3
Guatemala,GTM,2014,16.4884,4.3237,11.76,4.29,32.21,38.65,14.38,60.15,0
Guinea,GIN,2014,-0.1766,13.5736,6.38,1.46,27.92,19.48,14.78,75.61,0
Guinea-Bissau,GNB,2014,1.7434,0.8383,4.22,0.67,26.52,20.65,14.87,60.77,0
Guyana,GUY,2014,15.3453,-0.4938,5.37,2.64,10.94,9.9,3.2,41.3,3
Haiti,HTI,2014,5.2505,10.0404,9.92,3.33,29.53,24.77,15.95,65.2,0
Honduras,HND,2014,-7.9151,11.1117,13.02,8.85,19.15,21.63,14.28,22.72,1
Hungary,HUN,2014,-0.8219,1.0846,0.98,0.11,8.7,8.13,9.22,8.78,1
Iceland,ISL,2014,9.581,9.5534,1.84,0.67,5.06,3.68,1.74,20.24,1
India,IND,2014,8.0249,-8.1505,44.8,36.05,55.67,53.08,55.04,59.04,4
Indonesia,IDN,2014,-9.4797,19.7476,32.06,39.59,25.97,25.87,12.8,52.88,0
Iran (Islamic Republic of),IRN,2014,-8.2483,-6.9077,18.02,12.44,26.1,19.9,51.14,17.48,5
Iraq,IRQ,2014,-2.7447,17.0507,8.65,1.71,43.79,28.49,54.1,54.47,2
Ireland,IRL,2014,7.8006,-3.6969,3.86,1.46,10.2,5.63,6.5,28.97,1
Israel,ISR,2014,6.7795,12.1722,4.77,0.88,25.88,12.51,41.34,33.51,5
Italy,ITA,2014,11.8755,-9.2855,10.5,8.76,12.58,7.34,8.45,32.1,3
Jamaica,JAM,2014,5.8605,-0.3689,4.62,1.11,19.21,11.03,12.19,52.76,3
Japan,JPN,2014,17.9369,13.1266,22.24,43.88,11.27,9.95,6.99,20.57,1
Jordan,JOR,2014,15.0545,14.8266,2.42,0.57,10.25,9.37,2.79,41.17,3
Kazakhstan,KAZ,2014,2.6938,9.5492,1.82,0.25,13.32,8.39,10.15,27.74,1
Kenya,KEN,2014,7.9254,0.9855,13.36,3.27,54.61,45.1,59.34,60.87,2
Kiribati,KIR,2014,-13.8987,6.8736,3.48,0.69,17.55,10.0,10.31,52.41,3
Kuwait,KWT,2014,-6.5279,20.8882,2.54,1.04,6.21,3.02,2.51,31.63,1
Kyrgyzstan,KGZ,2014,1.1421,8.6855,2.11,0.22,20.15,14.45,11.46,49.43,3
Lao People's Democratic Republic,LAO,2014,-10.606,14.0322,3.0,0.38,23.69,16.8,13.73,57.67,0
Latvia,LVA,2014,-6.1055,13.9303,2.6,0.79,8.56,7.17,2.39,36.63,3
Lebanon,LBN,2014,-5.0003,1.7688,3.03,0.37,24.75,25.64,12.85,46.04,0
Lesotho,LSO,2014,-10.2745,4.993,1.39,0.07,27.5,24.39,13.58,62.82,0
Liberia,LBR,2014,10.1164,17.5578,4.12,0.54,31.51,34.69,12.99,69.45,0
Libyan Arab Jamahiriya,LBY,2014,-3.4901,7.2023,13.55,4.95,37.07,24.01,48.51,43.73,5
Liechtenstein,LIE,2014,14.165,22.0345,0.79,0.09,6.92,6.39,1.7,30.51,1
Lithuania,LTU,2014,0.5985,15.1157,2.24,0.64,7.84,6.79,2.18,32.6,1
Luxembourg,LUX,2014,17.1017,-4.9186,0.5,0.06,4.09,4.07,1.6,10.52,1
Madagascar,MDG,2014,-11.8512,-3.4376,23.22,18.16,29.68,24.34,14.74,72.89,0
Malawi,MWI,2014,-4.2668,10.1261,3.17,0.34,29.5,25.14,14.29,71.45,0
Malaysia,MYS,2014,18.4649,9.9642,16.12,8.66,29.99,24.33,43.03,25.76,5
Maldives,MDV,2014,-5.7974,0.0316,0.84,0.11,6.34,5.66,2.8,16.05,1
Mali,MLI,2014,4.0962,1.7571,2.07,0.08,53.31,33.7,67.74,66.36,2
Malta,MLT,2014,-14.3768,-9.1939,0.88,0.15,5.19,4.64,2.1,14.36,1
Marshall Islands,MHL,2014,-13.6785,7.1428,3.24,0.5,21.0,17.44,11.16,47.55,3
Mauritania,MRT,2014,1.4516,-4.3545,10.72,2.92,39.36,17.27,58.35,60.5,2
Mauritius,MUS,2014,8.0217,22.0281,3.18,0.73,13.82,7.64,8.43,40.97,3
Mexico,MEX,2014,18.7938,-1.5169,37.04,50.15,27.36,33.85,12.67,47.76,4
Monaco,MCO,2014,12.2024,13.2833,0.16,0.02,1.35,1.67,0.31,4.71,1
Mongolia,MNG,2014,-6.3292,4.2619,1.31,0.21,8.21,10.73,2.75,18.78,1
Montenegro,MNE,2014,0.0082,22.002,3.6,0.83,15.61,10.52,9.44,38.31,3
Morocco,MAR,2014,16.1535,5.5084,11.08,7.62,16.11,18.23,11.97,19.15,1
Mozambique,MOZ,2014,9.788,1.235,30.45,18.16,51.07,36.62,56.41,64.48,4
Myanmar,MMR,2014,-4.3867,-7.8643,36.34,22.8,57.91,54.75,59.65,59.48,4
Namibia,NAM,2014,-16.8442,11.9311,6.01,1.32,27.33,29.79,12.46,55.02,0
Nauru,NRU,2014,-13.1345,10.0794,1.11,0.11,11.15,13.6,2.89,35.31,3
Nepal,NPL,2014,-8.0804,-3.6189,2.64,0.24,29.07,30.44,13.43,60.11,0
Netherlands,NLD,2014,-10.4723,-5.6593,3.63,2.2,5.99,4.21,1.75,29.16,1
New Zealand,NZL,2014,-1.5829,26.213,11.83,18.05,7.75,3.93,3.49,33.98,3
Nicaragua,NIC,2014,-7.9296,11.1194,20.8,18.64,23.2,28.85,13.33,32.46,3
Niger,NER,2014,3.9028,1.5647,1.94,0.07,53.82,36.72,63.03,67.34,2
Nigeria,NGA,2014,3.3616,1.544,8.52,1.31,55.41,33.62,68.17,74.21,2
North Macedonia,MKD,2014,0.047,6.1473,1.28,0.1,16.37,11.74,9.69,38.54,3
Norway,NOR,2014,11.5147,-3.6787,3.0,1.05,8.58,4.82,4.53,28.89,1
Oman,OMN,2014,-9.606,-9.2861,7.51,6.69,8.42,7.52,8.46,9.38,1
Pakistan,PAK,2014,10.1774,-6.76,28.96,13.08,64.11,56.31,67.33,69.49,6
Palau,PLW,2014,4.8324,14.1569,1.94,0.36,10.42,7.76,9.47,15.39,1
Panama,PAN,2014,6.2501,-11.9288,17.86,15.88,20.09,16.57,10.67,45.88,3
Papua New Guinea,PNG,2014,-5.2106,6.8484,26.68,19.02,37.42,57.58,13.61,66.88,0
Paraguay,PRY,2014,5.4408,-3.665,1.78,0.14,22.69,16.71,14.15,49.41,3
Peru,PER,2014,9.783,-1.8268,24.77,16.65,36.84,19.42,49.23,52.29,5
Philippines,PHL,2014,20.6108,7.7162,47.17,40.2,55.35,51.32,58.11,56.87,4
Plurinational State of Bolivia,BOL,2014,-9.1884,17.8334,3.14,0.35,28.23,29.18,13.63,56.59,0
Poland,POL,2014,-0.5932,15.4061,4.43,1.74,11.3,6.4,7.97,28.29,1
Portugal,PRT,2014,18.0857,0.6142,5.81,3.08,10.96,6.09,7.55,28.64,1
Qatar,QAT,2014,9.5977,12.2556,0.78,0.15,4.08,4.3,2.41,6.57,1
Republic of Congo,COG,2014,3.0475,-0.9945,3.7,0.58,23.54,19.36,12.83,52.53,0
Republic of Korea,KOR,2014,-13.0799,18.9582,8.4,10.0,7.05,4.99,8.33,8.43,1
Republic of Moldova,MDA,2014,-1.4034,5.2884,1.33,0.1,17.6,11.04,10.51,46.97,3
Romania,ROU,2014,2.7754,10.2492,3.42,0.69,16.91,11.88,9.33,43.59,3
Russian Federation,RUS,2014,15.1953,-8.2174,28.44,28.68,28.2,14.73,39.72,38.33,5
Rwanda,RWA,2014,-3.7464,10.6949,2.38,0.16,35.55,19.49,44.96,51.29,5
Saint Kitts and Nevis,KNA,2014,-7.5568,-0.6552,1.96,0.53,7.22,5.14,2.6,28.14,1
Saint Lucia,LCA,2014,-6.26,0.9536,2.36,0.46,12.13,8.29,11.44,18.83,1
Saint Vincent and the Grenadines,VCT,2014,-6.093,1.1299,2.46,0.43,14.11,8.62,10.15,32.09,3
Samoa,WSM,2014,6.5161,17.4767,4.01,0.81,19.9,15.95,10.07,49.06,3
San Marino,SMR,2014,-7.2786,8.4526,0.37,0.03,4.57,2.63,1.28,28.38,1
Sao Tome and Principe,STP,2014,9.8385,5.2562,0.49,0.02,11.85,10.05,3.12,53.1,3
Saudi Arabia,SAU,2014,-2.7947,6.8634,7.47,5.21,10.72,8.14,4.9,30.89,1
Senegal,SEN,2014,3.737,-0.4649,6.37,1.05,38.62,18.38,53.84,58.19,2
Serbia,SRB,2014,1.8975,7.2223,1.87,0.17,20.53,19.27,10.3,43.58,3
Seychelles,SYC,2014,-4.4987,5.3521,3.34,1.03,10.84,8.75,9.79,14.88,1
Sierra Leone,SLE,2014,2.2703,0.7185,5.27,1.1,25.24,19.24,12.39,67.47,0
Singapore,SGP,2014,-6.0534,17.2121,0.79,0.15,4.18,2.96,1.01,24.48,1
Slovakia,SVK,2014,2.8065,18.6095,1.06,0.1,11.22,6.71,7.67,27.47,1
Slovenia,SVN,2014,2.3235,18.1602,1.84,0.31,10.94,5.49,8.11,29.4,1
Solomon Islands,SLB,2014,-1.6264,19.3654,15.82,9.64,25.95,23.5,12.38,60.09,0
Somalia,SOM,2014,7.0609,15.6968,24.96,8.53,73.01,65.04,84.87,70.49,6
South Africa,ZAF,2014,-16.0057,4.826,9.08,3.12,26.44,29.54,11.31,55.33,0
South Sudan,SSD,2014,-10.0709,12.3249,4.18,0.25,69.93,71.6,64.34,74.23,6
Spain,ESP,2014,12.6989,3.3331,9.9,7.77,12.62,9.13,7.76,28.37,1
Sri Lanka,LKA,2014,-5.1442,0.3393,5.06,1.6,15.98,25.43,12.67,12.67,1
Sudan,SDN,2014,-1.7829,-2.8385,10.19,1.66,62.54,57.96,66.91,63.08,6
Suriname,SUR,2014,1.5949,-2.2207,4.48,1.82,11.02,8.91,2.92,51.42,3
Sweden,SWE,2014,10.4587,-3.9838,2.8,1.06,7.37,9.4,1.74,24.47,1
Switzerland,CHE,2014,11.2664,-11.9133,0.79,0.16,3.93,3.61,2.38,7.05,1
Syrian Arab Republic,SYR,2014,-3.067,16.8957,9.8,2.53,37.99,49.47,16.58,66.86,0
Tajikistan,TJK,2014,0.3401,8.4188,3.04,0.23,40.13,26.46,47.63,51.26,2
Thailand,THA,2014,-0.0053,19.7153,20.01,14.19,28.21,24.29,54.7,16.89,5
Timor-Leste,TLS,2014,-0.0394,12.1756,7.32,2.88,18.63,38.08,3.24,52.38,0
Togo,TGO,2014,3.6243,3.5166,1.31,0.07,24.63,19.59,14.15,53.89,0
Tonga,TON,2014,3.8747,-3.1421,5.04,1.33,19.07,16.0,10.69,40.57,3
Trinidad and Tobago,TTO,2014,-5.2544,3.0472,2.26,0.49,10.43,8.76,2.79,46.43,3
Tunisia,TUN,2014,-14.5189,1.6167,7.22,2.87,18.15,12.0,11.8,42.23,3
Turkey,TUR,2014,-3.3503,15.8473,15.68,8.99,27.35,11.38,42.65,42.15,5
Turkmenistan,TKM,2014,14.6065,8.554,1.34,0.17,10.62,13.82,3.01,28.77,1
Tuvalu,TUV,2014,-13.8362,8.9791,1.22,0.15,9.94,9.37,2.7,38.82,3
Uganda,UGA,2014,-3.9054,10.137,2.74,0.23,32.62,38.11,14.06,64.79,0
Ukraine,UKR,2014,0.9023,6.9025,4.0,0.48,33.28,14.95,46.35,53.2,5
United Arab Emirates,ARE,2014,9.2415,11.6636,4.12,3.74,4.54,4.13,2.43,9.31,1
United Kingdom of Great Britain and Northern Ireland,GBR,2014,-1.9043,10.5714,5.58,2.59,12.04,6.57,7.5,35.45,3
United Republic of Tanzania,TZA,2014,9.0288,1.1629,12.98,5.5,30.65,33.91,14.24,59.65,0
United States of America,USA,2014,14.0084,16.8886,23.7,39.68,14.16,10.73,7.77,34.05,3
Uruguay,URY,2014,10.8813,20.4063,4.15,1.54,11.18,13.95,2.35,42.67,3
Uzbekistan,UZB,2014,15.08,8.4813,1.2,0.18,7.94,12.02,3.01,13.81,1
Vanuatu,VUT,2014,15.3411,11.2329,11.27,5.77,22.01,17.74,11.74,51.23,0
Viet Nam,VNM,2014,-9.674,8.6358,25.7,26.76,24.69,25.41,13.12,45.14,0
Yemen,YEM,2014,-2.9994,-4.7485,21.57,9.02,51.56,34.0,60.82,66.3,2
Zambia,ZMB,2014,4.7012,21.8149,2.91,0.28,30.18,35.58,11.6,66.61,0
Zimbabwe,ZWE,2014,-10.9261,4.9633,2.44,0.2,29.88,32.62,15.52,52.71,0
Afghanistan,AFG,2015,-12.8905,15.3869,4.03,0.25,64.83,59.16,73.64,62.53,0
Albania,ALB,2015,-14.8606,0.782,5.68,2.31,13.97,14.66,11.22,16.56,2
Algeria,DZA,2015,-6.7382,6.3183,9.11,2.63,31.54,22.22,48.39,29.19,3
Andorra,AND,2015,5.8244,-14.2993,0.28,0.02,4.03,2.61,1.9,13.22,2
Angola,AGO,2015,0.8769,-4.9784,8.64,2.34,31.89,32.82,14.63,67.52,4
Antigua and Barbuda,ATG,2015,-7.1996,-0.2197,3.1,1.2,8.02,8.27,2.48,25.14,2
Argentina,ARG,2015,-18.7651,9.3863,15.49,11.59,20.69,18.04,10.79,45.48,6
Armenia,ARM,2015,0.7627,7.0259,2.43,0.23,25.69,8.81,44.09,43.64,3
Australia,AUS,2015,-5.9944,23.9172,17.58,31.63,9.77,6.68,7.22,19.36,5
Austria,AUT,2015,-17.1286,0.7446,1.14,0.17,7.64,4.58,3.21,30.31,2
Azerbaijan,AZE,2015,0.7619,7.3504,2.37,0.23,24.35,8.67,42.4,39.27,3
Bahamas,BHS,2015,-5.8042,11.4227,5.26,1.51,18.29,15.75,9.46,41.04,1
Bahrain,BHR,2015,11.805,15.9369,0.98,0.14,6.87,5.72,2.64,21.47,2
Bangladesh,BGD,2015,11.5526,-6.9326,21.46,16.52,27.89,28.33,14.77,51.87,6
Barbados,BRB,2015,-7.3523,0.4927,1.87,0.48,7.3,4.44,2.27,38.61,1
Belarus,BLR,2015,0.6253,4.0935,0.65,0.05,8.37,9.69,5.62,10.77,2
Belgium,BEL,2015,5.5624,-9.0769,3.29,1.85,5.86,4.6,3.62,12.08,2
Belize,BLZ,2015,-2.4281,1.787,8.47,3.01,23.85,26.84,11.55,43.74,4
Benin,BEN,2015,3.5209,4.0603,1.46,0.09,23.6,18.06,13.45,54.14,4
Bhutan,BTN,2015,-9.0512,4.7687,1.4,0.1,19.57,25.24,10.3,28.82,1
Bolivarian Republic of Venezuela,VEN,2015,9.1226,-1.1991,22.16,19.32,25.42,22.82,12.71,56.65,6
Bosnia and Herzegovina,BIH,2015,-0.6551,5.9944,2.71,0.34,21.58,17.94,11.69,47.94,1
Botswana,BWA,2015,3.0234,12.9205,1.44,0.09,23.13,27.42,9.36,48.24,4
Brazil,BRA,2015,-18.8268,-4.2846,12.01,6.37,22.65,20.43,12.22,46.56,4
Brunei Darussalam,BRN,2015,-3.0642,13.0754,1.38,0.33,5.78,7.77,2.38,10.46,2
Bulgaria,BGR,2015,0.0532,5.0695,2.49,0.3,20.71,21.96,9.5,42.59,1
Burkina Faso,BFA,2015,3.664,3.8319,1.5,0.07,32.23,34.05,15.21,64.65,4
Burundi,BDI,2015,-13.2003,-1.7185,3.13,0.16,61.14,61.03,57.23,65.43,0
Cambodia,KHM,2015,3.808,-0.4036,10.1,2.48,41.16,21.83,57.19,55.84,3
Cameroon,CMR,2015,0.4218,-2.3869,11.17,2.08,60.03,58.25,59.54,62.36,0
Canada,CAN,2015,9.1258,15.6547,18.9,26.03,13.72,9.88,7.34,35.58,6
Cape Verde,CPV,2015,6.3347,-1.5329,1.23,0.07,21.75,26.69,9.9,38.92,1
Central African Republic,CAF,2015,7.4401,6.7655,3.35,0.16,69.96,71.94,64.82,73.44,0
Chad,TCD,2015,7.371,6.3187,2.65,0.12,58.5,39.23,67.79,75.3,0
Chile,CHL,2015,-1.8435,-14.7664,15.82,12.96,19.31,18.46,9.86,39.57,6
China,CHN,2015,20.0319,3.7484,32.43,64.38,16.34,15.44,24.4,11.59,5
Colombia,COL,2015,-3.9742,-12.5239,38.18,31.16,46.79,42.45,51.49,46.88,3
Comoros,COM,2015,6.3949,-5.5603,2.5,0.32,19.54,10.27,13.63,53.33,1
Costa Rica,CRI,2015,-8.8975,-12.4673,14.38,9.87,20.95,22.91,10.29,39.01,6
Cote d'Ivoire,CIV,2015,3.7639,3.0038,2.0,0.13,30.9,33.83,14.07,61.98,4
Croatia,HRV,2015,-0.4677,15.0426,4.83,1.58,14.79,11.34,8.62,33.12,1
Cuba,CUB,2015,-12.3201,-0.7079,7.26,4.58,11.5,18.9,6.55,12.27,2
Cyprus,CYP,2015,-15.3918,-8.8787,2.79,1.01,7.7,5.31,2.35,36.55,1
Czech Republic,CZE,2015,2.5045,17.889,0.92,0.1,8.47,3.52,8.47,20.35,2
Democratic People's Republic of Korea,PRK,2015,-12.8526,-11.3024,11.29,7.25,17.57,11.83,14.24,32.2,1
Democratic Republic of Congo,COD,2015,5.7349,4.9775,9.42,1.38,64.37,68.22,62.96,62.1,0
Denmark,DNK,2015,-2.7732,-7.2531,1.04,0.18,6.03,4.42,1.68,29.52,2
Djibouti,DJI,2015,8.717,2.1707,7.98,4.25,14.98,18.44,3.44,52.98,4
Dominica,DMA,2015,-6.4922,1.2781,3.77,0.8,17.75,15.21,10.12,36.32,1
Dominican Republic,DOM,2015,-2.6823,2.1195,13.39,7.0,25.63,29.35,12.19,47.04,4
Ecuador,ECU,2015,-12.8526,13.2578,19.18,14.49,25.38,25.98,12.3,51.13,6
Egypt,EGY,2015,-20.0278,4.6433,19.41,10.74,35.07,33.19,23.71,54.79,4
El Salvador,SLV,2015,15.7121,3.6758,14.95,7.29,30.67,48.6,12.3,48.28,4
Equatorial Guinea,GNQ,2015,-10.2432,7.1087,3.32,0.85,12.93,10.6,3.6,56.59,1
Eritrea,ERI,2015,7.5057,2.5526,6.15,2.27,16.65,18.97,3.7,65.71,4
Estonia,EST,2015,6.7628,9.6886,1.8,0.44,7.34,6.7,2.14,27.55,2
Eswatini,SWZ,2015,-6.5183,-4.9496,1.76,0.14,22.07,18.1,10.58,56.16,4
Ethiopia,ETH,2015,2.5367,-4.9162,4.8,0.36,64.11,62.06,60.16,70.56,0
Federated States of Micronesia,FSM,2015,0.5583,-11.9649,4.24,1.12,16.04,28.56,11.77,12.27,2
Fiji,FJI,2015,3.5072,-2.952,6.16,2.79,13.59,11.68,11.41,18.83,2
Finland,FIN,2015,-15.0507,-5.5994,1.46,0.5,4.24,4.52,0.77,21.85,2
France,FRA,2015,-2.6925,-9.6803,6.09,2.7,13.75,6.2,14.29,29.31,1
Gabon,GAB,2015,-4.9009,8.1336,5.55,1.49,20.64,16.72,12.64,41.61,1
Gambia,GMB,2015,0.6538,-6.648,4.12,0.68,24.92,18.44,14.09,59.54,4
Georgia,GEO,2015,1.9347,8.4145,3.81,0.73,19.9,19.34,9.85,41.39,1
Germany,DEU,2015,-16.4848,20.4077,4.35,2.0,9.48,4.04,6.16,34.27,1
Ghana,GHA,2015,0.4091,-7.0564,3.12,0.34,28.56,30.98,11.96,62.9,4
Greece,GRC,2015,12.6332,4.549,8.97,8.31,9.69,6.81,9.01,14.82,2
Grenada,GRD,2015,-5.8658,1.2847,1.58,0.31,8.08,8.37,2.68,23.56,2
Guatemala,GTM,2015,16.4689,4.2983,11.16,4.3,28.97,28.69,14.28,59.34,4
Guinea,GIN,2015,-0.169,13.5583,6.97,1.46,33.25,34.36,14.4,74.32,4
Guinea-Bissau,GNB,2015,1.8116,0.7906,3.37,0.67,16.97,20.51,3.78,63.08,4
Guyana,GUY,2015,15.3156,-0.4639,6.87,2.64,17.86,9.75,13.15,44.47,1
Haiti,HTI,2015,5.2191,10.0085,9.42,2.77,32.01,31.77,15.25,67.67,4
Honduras,HND,2015,-7.7741,10.768,15.45,8.82,27.05,28.75,14.04,49.03,4
Hungary,HUN,2015,-0.8323,1.0679,0.93,0.11,7.9,6.4,9.27,8.32,2
Iceland,ISL,2015,9.5847,9.556,1.79,0.66,4.88,3.51,1.73,19.13,2
India,IND,2015,7.7797,-8.4112,42.68,36.02,50.58,39.53,56.27,58.16,3
Indonesia,IDN,2015,-9.4876,19.7385,33.43,39.54,28.27,32.75,13.05,52.84,6
Iran (Islamic Republic of),IRN,2015,-8.2435,-6.9126,21.08,12.46,35.68,23.82,49.78,38.31,3
Iraq,IRQ,2015,-2.71,17.1157,9.64,1.71,54.3,49.39,59.79,54.21,0
Ireland,IRL,2015,7.596,-3.8817,3.35,1.46,7.68,9.48,6.53,7.33,2
Israel,ISR,2015,6.7937,12.1862,3.97,0.88,17.91,4.25,41.07,32.92,1
Italy,ITA,2015,11.8813,-9.294,10.55,8.73,12.74,7.62,8.55,31.73,1
Jamaica,JAM,2015,5.8443,-0.3515,4.57,1.11,18.82,11.07,11.96,50.37,1
Japan,JPN,2015,17.9359,13.1255,22.01,43.97,11.02,9.94,6.92,19.45,5
Jordan,JOR,2015,15.019,14.7932,2.64,0.57,12.21,9.33,10.73,18.2,2
Kazakhstan,KAZ,2015,2.6755,9.5288,2.11,0.25,17.8,15.0,10.09,37.28,1
Kenya,KEN,2015,8.4879,1.347,12.84,3.28,50.27,34.35,58.69,63.02,3
Kiribati,KIR,2015,-13.8461,6.9283,3.8,0.69,20.88,17.57,10.77,48.12,1
Kuwait,KWT,2015,-6.4965,20.9222,2.28,1.04,5.01,3.63,2.51,13.81,2
Kyrgyzstan,KGZ,2015,1.1145,8.6949,2.31,0.22,24.29,25.87,11.73,47.2,4
Lao People's Democratic Republic,LAO,2015,-10.6222,14.0241,3.0,0.38,23.64,17.45,13.76,54.99,4
Latvia,LVA,2015,-6.1254,13.9105,2.54,0.78,8.25,7.23,2.37,32.78,1
Lebanon,LBN,2015,-4.8738,1.8835,4.06,0.37,44.52,33.8,52.79,49.45,3
Lesotho,LSO,2015,-10.3305,5.0611,1.26,0.07,22.61,13.78,13.54,61.96,4
Liberia,LBR,2015,10.1285,17.5738,3.04,0.54,17.17,20.68,3.58,68.37,4
Libyan Arab Jamahiriya,LBY,2015,-3.4866,7.2046,13.54,4.96,36.98,23.91,49.25,42.94,3
Liechtenstein,LIE,2015,14.1498,22.0193,0.78,0.09,6.77,6.27,1.74,28.47,2
Lithuania,LTU,2015,0.5854,15.1124,2.26,0.64,7.98,6.74,2.16,34.96,1
Luxembourg,LUX,2015,17.0881,-4.9319,0.49,0.06,3.94,4.14,1.58,9.38,2
Madagascar,MDG,2015,-11.8785,-3.4648,23.42,18.21,30.12,25.75,14.5,73.18,4
Malawi,MWI,2015,-4.3426,10.1009,3.39,0.34,33.78,35.16,15.01,73.02,4
Malaysia,MYS,2015,18.5342,9.8963,13.85,8.65,22.17,22.98,43.13,10.99,3
Maldives,MDV,2015,-5.7893,0.0279,0.8,0.11,5.78,6.72,2.78,10.36,2
Mali,MLI,2015,3.9197,1.5898,1.96,0.08,48.25,24.81,66.19,68.42,3
Malta,MLT,2015,-14.3943,-9.1701,1.02,0.15,6.98,4.68,2.13,34.07,1
Marshall Islands,MHL,2015,-13.6445,7.1856,2.98,0.5,17.73,9.99,11.67,47.81,1
Mauritania,MRT,2015,1.106,-4.7832,8.36,2.91,24.0,17.38,14.46,54.98,4
Mauritius,MUS,2015,8.0275,22.034,3.42,0.73,16.02,13.11,8.25,38.04,1
Mexico,MEX,2015,18.8248,-1.5481,35.16,50.16,24.64,25.97,12.47,46.21,6
Monaco,MCO,2015,12.181,13.2616,0.18,0.02,1.58,1.68,0.44,5.37,2
Mongolia,MNG,2015,-6.3385,4.2589,1.83,0.21,15.87,18.86,11.54,18.37,2
Montenegro,MNE,2015,0.0046,22.0063,3.62,0.83,15.76,10.47,9.12,41.01,1
Morocco,MAR,2015,16.1478,5.5132,10.61,7.64,14.73,14.12,11.66,19.42,2
Mozambique,MOZ,2015,9.7628,1.2565,30.5,18.16,51.24,37.38,55.11,65.3,3
Myanmar,MMR,2015,-4.4008,-7.8757,36.57,22.76,58.77,56.06,60.66,59.69,0
Namibia,NAM,2015,-16.8249,11.9118,5.69,1.32,24.54,22.88,12.29,52.56,4
Nauru,NRU,2015,-13.1259,10.095,1.14,0.11,11.87,13.7,2.85,42.85,1
Nepal,NPL,2015,-8.0912,-3.6076,2.69,0.24,30.23,31.21,14.69,60.23,4
Netherlands,NLD,2015,-10.47,-5.6614,3.64,2.2,6.01,4.2,1.82,28.45,2
New Zealand,NZL,2015,-1.5872,26.2165,11.55,18.04,7.39,6.65,1.97,30.81,1
Nicaragua,NIC,2015,-7.9217,11.1182,20.47,18.61,22.52,27.65,13.16,31.37,6
Niger,NER,2015,4.912,1.6963,2.16,0.07,66.36,65.36,66.15,67.59,0
Nigeria,NGA,2015,3.3258,1.541,8.95,1.32,60.62,45.13,66.3,74.46,0
North Macedonia,MKD,2015,0.0166,6.1382,1.3,0.1,17.03,11.5,10.63,40.37,1
Norway,NOR,2015,11.492,-3.6593,2.87,1.06,7.77,3.59,4.52,28.93,2
Oman,OMN,2015,-9.6027,-9.2825,7.9,6.71,9.3,7.57,9.12,11.66,2
Pakistan,PAK,2015,10.5132,-6.571,25.99,13.07,51.69,31.69,65.44,66.59,3
Palau,PLW,2015,4.8282,14.1615,1.96,0.36,10.67,7.71,10.08,15.62,2
Panama,PAN,2015,6.2583,-11.9377,16.98,15.86,18.18,15.86,10.15,37.31,6
Papua New Guinea,PNG,2015,12.6836,18.7917,22.39,18.91,26.51,18.93,14.64,67.25,6
Paraguay,PRY,2015,5.4334,-3.6579,1.83,0.14,23.87,20.1,14.15,47.79,4
Peru,PER,2015,-12.8009,13.3093,20.58,16.69,25.38,25.81,12.4,51.09,6
Philippines,PHL,2015,20.6099,7.721,46.33,40.12,53.51,50.88,57.5,52.37,0
Plurinational State of Bolivia,BOL,2015,-9.1994,17.8458,3.11,0.35,27.65,28.43,13.48,55.15,4
Poland,POL,2015,-0.6072,15.3971,4.09,1.73,9.65,6.49,3.87,35.81,1
Portugal,PRT,2015,18.0839,0.6164,6.08,3.08,12.02,7.85,7.37,30.02,1
Qatar,QAT,2015,9.615,12.2709,0.67,0.15,2.98,2.8,2.4,3.95,2
Republic of Congo,COG,2015,3.0484,-0.9921,3.71,0.57,24.15,19.36,12.75,57.08,4
Republic of Korea,KOR,2015,-13.0545,18.93,9.49,9.99,9.02,5.04,8.14,17.91,2
Republic of Moldova,MDA,2015,-1.3911,5.2963,1.34,0.1,18.0,11.24,10.4,49.88,1
Romania,ROU,2015,2.8242,10.3237,3.24,0.69,15.22,9.08,9.04,42.95,1
Russian Federation,RUS,2015,15.1632,-8.1851,28.43,28.61,28.25,13.82,41.27,39.53,6
Rwanda,RWA,2015,-3.7479,10.692,2.44,0.16,37.18,33.33,43.92,35.11,3
Saint Kitts and Nevis,KNA,2015,-7.5502,-0.6471,2.02,0.53,7.71,5.09,2.52,35.71,1
Saint Lucia,LCA,2015,-6.2852,0.9847,2.28,0.46,11.31,8.2,10.37,17.03,2
Saint Vincent and the Grenadines,VCT,2015,-6.2656,0.902,2.03,0.43,9.6,8.53,9.46,10.96,2
Samoa,WSM,2015,6.463,17.423,4.2,0.81,21.74,20.73,9.75,50.84,4
San Marino,SMR,2015,-7.2837,8.4572,0.36,0.03,4.41,2.64,1.29,25.1,2
Sao Tome and Principe,STP,2015,9.8642,5.282,0.48,0.02,11.67,10.01,3.11,51.04,1
Saudi Arabia,SAU,2015,-2.7668,6.8166,9.47,5.21,17.21,8.12,19.79,31.73,1
Senegal,SEN,2015,3.6963,-0.5076,6.31,1.05,37.96,18.4,53.16,55.91,3
Serbia,SRB,2015,1.9113,7.2071,1.68,0.17,16.69,10.93,10.21,41.66,1
Seychelles,SYC,2015,-4.479,5.3372,3.52,1.04,11.93,5.22,9.34,34.84,1
Sierra Leone,SLE,2015,2.2957,0.7019,5.31,1.1,25.64,18.98,13.11,67.78,4
Singapore,SGP,2015,-6.0581,17.2158,0.75,0.15,3.73,2.32,0.98,22.81,2
Slovakia,SVK,2015,2.7631,18.6119,0.9,0.1,8.08,7.03,2.28,32.96,1
Slovenia,SVN,2015,2.3488,18.1391,1.86,0.31,11.12,5.53,8.0,31.11,1
Solomon Islands,SLB,2015,-1.6228,19.3712,15.37,9.62,24.55,22.92,12.32,52.39,4
Somalia,SOM,2015,7.0466,15.6832,24.82,8.58,71.78,66.43,81.51,68.31,0
South Africa,ZAF,2015,-15.9893,4.8417,8.73,3.13,24.37,22.38,12.02,53.81,4
South Sudan,SSD,2015,-10.0549,12.3015,4.22,0.25,71.32,69.36,63.3,82.62,0
Spain,ESP,2015,12.686,3.3503,10.04,7.79,12.94,9.24,7.74,30.31,1
Sri Lanka,LKA,2015,-5.1382,0.35,5.02,1.61,15.68,25.18,12.28,12.47,2
Sudan,SDN,2015,-1.7763,-2.8454,10.09,1.66,61.37,55.35,67.24,62.1,0
Suriname,SUR,2015,1.5903,-2.2345,4.48,1.79,11.22,9.12,2.92,53.01,1
Sweden,SWE,2015,10.4817,-3.9734,2.68,1.06,6.76,7.22,1.69,25.27,2
Switzerland,CHE,2015,11.2793,-11.9266,1.05,0.16,6.85,4.69,2.48,27.69,2
Syrian Arab Republic,SYR,2015,-3.062,16.8826,11.04,2.53,48.14,29.48,56.88,66.54,3
Tajikistan,TJK,2015,0.3984,8.433,3.08,0.23,41.21,28.33,47.1,52.44,3
Thailand,THA,2015,-0.0271,19.693,18.77,14.19,24.84,17.65,53.5,16.24,3
Timor-Leste,TLS,2015,-0.0053,12.2087,8.15,2.89,23.0,21.03,11.2,51.69,4
Togo,TGO,2015,3.6007,3.5794,1.18,0.07,19.77,33.79,3.6,63.57,4
Tonga,TON,2015,3.9693,-3.0111,4.0,1.33,12.02,7.42,10.44,22.4,2
Trinidad and Tobago,TTO,2015,-5.2433,3.0604,2.26,0.49,10.44,8.78,2.78,46.57,1
Tunisia,TUN,2015,-14.5169,1.6205,7.43,2.84,19.46,15.46,11.8,40.38,1
Turkey,TUR,2015,-3.3819,15.8081,15.54,8.95,26.99,11.51,43.38,39.36,3
Turkmenistan,TKM,2015,14.5791,8.5443,1.13,0.17,7.54,11.46,2.99,12.52,2
Tuvalu,TUV,2015,-13.8357,8.9917,1.67,0.15,18.6,16.55,10.49,37.09,1
Uganda,UGA,2015,-4.0167,10.2152,2.58,0.23,29.05,28.19,13.86,62.74,4
Ukraine,UKR,2015,0.8927,6.9118,4.06,0.48,34.34,15.76,45.75,56.15,3
United Arab Emirates,ARE,2015,9.234,11.6562,4.33,3.75,4.99,5.36,2.41,9.63,2
United Kingdom of Great Britain and Northern Ireland,GBR,2015,-1.8705,10.5331,4.64,2.58,8.35,8.67,7.54,8.89,2
United Republic of Tanzania,TZA,2015,9.0317,1.1689,12.94,5.49,30.51,33.63,13.85,60.97,4
United States of America,USA,2015,14.0115,16.8891,22.94,39.7,13.25,10.81,7.7,27.92,5
Uruguay,URY,2015,10.9018,20.3863,5.2,1.54,17.56,14.46,8.8,42.56,1
Uzbekistan,UZB,2015,15.0881,8.4784,1.19,0.18,7.93,11.88,3.07,13.67,2
Vanuatu,VUT,2015,15.3437,11.2275,11.68,5.77,23.65,18.72,12.88,54.84,4
Viet Nam,VNM,2015,-9.6998,8.6103,24.96,26.73,23.3,24.91,12.94,39.25,6
Yemen,YEM,2015,-3.0835,-4.8261,24.42,9.05,65.91,63.85,64.93,69.07,0
Zambia,ZMB,2015,4.7257,21.8389,2.74,0.28,26.82,25.96,11.51,64.56,4
Zimbabwe,ZWE,2015,-10.9124,4.9445,2.51,0.2,31.51,32.99,15.07,62.9,4
Afghanistan,AFG,2016,-12.8839,15.373,4.02,0.25,64.67,57.04,69.89,67.83,1
Albania,ALB,2016,-14.8586,0.7813,6.49,2.31,18.23,14.74,11.34,36.23,0
Algeria,DZA,2016,-6.7591,6.3039,10.7,2.63,43.57,37.8,47.46,46.1,6
Andorra,AND,2016,5.7743,-14.2494,0.28,0.02,3.87,2.64,1.92,11.44,0
Angola,AGO,2016,0.7922,-3.8777,10.94,2.34,51.13,33.48,56.55,70.62,4
Antigua and Barbuda,ATG,2016,-7.3175,-0.1164,3.31,1.2,9.13,8.08,2.53,37.27,0
Argentina,ARG,2016,-18.7474,9.4042,15.98,11.59,22.03,22.09,10.57,45.8,2
Armenia,ARM,2016,0.7561,7.0534,2.49,0.23,27.02,10.73,44.07,41.73,6
Australia,AUS,2016,-6.228,24.1512,18.51,31.41,10.91,6.69,7.09,27.38,5
Austria,AUT,2016,-17.0978,0.7134,1.2,0.17,8.5,6.01,3.27,31.2,0
Azerbaijan,AZE,2016,0.7596,7.3598,2.4,0.23,24.97,8.65,42.81,42.03,6
Bahamas,BHS,2016,-5.8091,11.4179,5.1,1.51,17.21,15.29,9.33,35.73,0
Bahrain,BHR,2016,11.7548,15.9745,0.86,0.14,5.26,5.65,2.68,9.61,0
Bangladesh,BGD,2016,11.1293,-6.611,26.87,16.56,43.6,28.24,57.67,50.9,4
Barbados,BRB,2016,-7.3602,0.471,2.12,0.48,9.34,8.86,2.35,39.18,0
Belarus,BLR,2016,0.633,4.087,0.76,0.05,11.69,7.84,5.68,35.9,0
Belgium,BEL,2016,5.628,-9.0293,4.31,1.85,10.03,4.6,7.67,28.59,0
Belize,BLZ,2016,-2.4665,1.8316,7.76,2.51,23.98,28.39,11.82,41.11,2
Benin,BEN,2016,3.5305,4.096,1.61,0.09,28.93,30.58,13.56,58.39,2
Bhutan,BTN,2016,-9.0501,4.7659,1.18,0.1,13.97,24.33,2.64,42.47,2
Bolivarian Republic of Venezuela,VEN,2016,9.1095,-1.1928,21.84,19.32,24.69,20.62,12.71,57.45,2
Bosnia and Herzegovina,BIH,2016,-0.6754,5.9678,2.42,0.34,17.25,8.93,11.71,49.11,2
Botswana,BWA,2016,2.953,12.8501,1.33,0.09,19.53,16.42,9.37,48.45,2
Brazil,BRA,2016,-18.8257,-4.2871,12.24,6.38,23.48,20.24,12.23,52.27,2
Brunei Darussalam,BRN,2016,-3.0718,13.0936,1.38,0.33,5.81,7.8,2.39,10.5,0
Bulgaria,BGR,2016,0.0521,5.0627,2.39,0.3,19.02,17.05,9.47,42.61,2
Burkina Faso,BFA,2016,3.6449,3.8095,1.53,0.07,33.66,45.79,14.74,56.52,2
Burundi,BDI,2016,-13.201,-1.7183,3.13,0.16,61.17,61.78,56.19,65.93,1
Cambodia,KHM,2016,10.1637,7.5087,8.09,2.47,26.47,21.66,14.74,58.12,2
Cameroon,CMR,2016,0.5291,-2.5303,10.08,2.08,48.83,33.49,59.29,58.65,4
Canada,CAN,2016,9.1111,15.64,18.95,26.0,13.81,10.0,7.3,36.1,5
Cape Verde,CPV,2016,6.314,-1.5375,1.26,0.07,22.83,26.52,9.82,45.7,2
Central African Republic,CAF,2016,7.4503,6.7618,3.37,0.16,70.88,73.24,63.79,76.22,1
Chad,TCD,2016,7.1056,6.0744,2.89,0.12,69.63,67.39,68.23,73.41,1
Chile,CHL,2016,-1.868,-14.7419,15.21,12.87,17.97,14.65,9.93,39.88,2
China,CHN,2016,20.0296,3.7461,32.51,64.4,16.41,15.8,24.11,11.59,5
Colombia,COL,2016,-3.8916,-12.6093,36.6,31.34,42.75,33.81,49.15,47.03,4
Comoros,COM,2016,6.4178,-5.5566,2.49,0.32,19.4,10.25,13.54,52.62,2
Costa Rica,CRI,2016,-8.894,-12.4636,11.31,9.83,13.01,23.07,10.3,9.27,0
Cote d'Ivoire,CIV,2016,3.738,3.1437,1.43,0.13,15.78,19.13,3.55,57.83,2
Croatia,HRV,2016,-0.4321,14.9886,4.42,1.58,12.35,6.67,8.43,33.51,0
Cuba,CUB,2016,-12.3489,-0.7361,7.82,4.57,13.37,20.24,6.55,18.01,0
Cyprus,CYP,2016,-15.3811,-8.8901,2.88,1.01,8.21,6.85,2.37,34.12,0
Czech Republic,CZE,2016,2.5101,17.977,1.01,0.1,10.11,3.54,8.52,34.3,0
Democratic People's Republic of Korea,PRK,2016,-12.8805,-11.3304,10.93,7.23,16.51,12.22,13.92,26.48,0
Democratic Republic of Congo,COD,2016,5.7501,4.9936,9.59,1.38,66.6,68.81,63.12,68.02,1
Denmark,DNK,2016,-2.7709,-7.2504,0.84,0.18,3.91,4.35,1.69,8.15,0
Djibouti,DJI,2016,8.7208,2.1717,8.11,4.25,15.48,18.57,3.45,57.95,2
Dominica,DMA,2016,-6.4981,1.1538,2.91,0.8,10.59,8.68,10.24,13.35,0
Dominican Republic,DOM,2016,-2.7788,2.2053,13.51,7.02,26.0,27.29,13.15,48.96,2
Ecuador,ECU,2016,-12.8453,13.2654,19.27,14.47,25.66,27.68,12.21,49.97,2
Egypt,EGY,2016,-20.0669,4.6059,18.96,10.74,33.48,15.77,45.94,51.79,6
El Salvador,SLV,2016,15.688,3.6539,14.7,7.38,29.27,47.46,12.29,42.99,2
Equatorial Guinea,GNQ,2016,-10.2393,7.1135,3.31,0.85,12.87,10.69,3.6,55.33,2
Eritrea,ERI,2016,7.5129,2.5447,7.67,2.28,25.81,19.21,14.46,61.9,2
Estonia,EST,2016,6.7852,9.6679,1.84,0.44,7.73,6.66,2.13,32.55,0
Eswatini,SWZ,2016,-6.5182,-4.9499,1.83,0.14,23.94,18.2,13.39,56.29,2
Ethiopia,ETH,2016,2.5403,-4.9101,4.78,0.36,63.57,63.05,59.46,68.53,1
Federated States of Micronesia,FSM,2016,0.5991,-12.0051,4.68,1.12,19.58,12.3,12.39,49.29,2
Fiji,FJI,2016,3.4242,-3.3197,8.07,2.8,23.28,21.34,11.91,49.66,2
Finland,FIN,2016,-15.0187,-5.5647,1.48,0.5,4.39,4.43,0.8,23.92,0
France,FRA,2016,-2.6848,-9.6891,6.15,2.7,13.99,6.15,14.15,31.44,0
Gabon,GAB,2016,-4.8825,8.1493,5.76,1.5,22.12,16.66,12.7,51.14,2
Gambia,GMB,2016,0.6652,-6.6447,4.54,0.68,30.33,32.19,14.25,60.84,2
Georgia,GEO,2016,1.9494,8.4004,3.49,0.73,16.69,11.39,9.59,42.53,2
Germany,DEU,2016,-16.4761,20.3991,4.5,1.99,10.17,5.3,6.1,32.54,0
Ghana,GHA,2016,0.401,-7.0707,3.05,0.34,27.3,30.09,11.24,60.13,2
Greece,GRC,2016,12.7124,4.6926,7.05,8.31,5.98,9.07,9.17,2.57,0
Grenada,GRD,2016,-5.7818,1.3471,1.7,0.31,9.34,8.38,2.59,37.57,0
Guatemala,GTM,2016,16.3882,4.2135,12.25,4.3,34.88,50.68,14.01,59.77,2
Guinea,GIN,2016,-0.1858,13.5741,6.57,1.47,29.34,24.74,14.37,71.06,2
Guinea-Bissau,GNB,2016,1.7857,0.7984,3.36,0.66,17.11,20.4,3.82,64.24,2
Guyana,GUY,2016,15.3185,-0.4662,6.78,2.63,17.48,9.72,12.75,43.11,2
Haiti,HTI,2016,5.2229,10.0123,9.66,2.77,33.7,34.55,15.87,69.8,2
Honduras,HND,2016,-7.6867,10.6405,17.12,8.84,33.15,49.54,14.03,52.41,2
Hungary,HUN,2016,-0.8241,1.0819,0.94,0.11,8.07,6.26,9.35,8.99,0
Iceland,ISL,2016,9.5654,9.5346,1.82,0.67,4.92,3.62,1.75,18.78,0
India,IND,2016,8.0355,-8.1391,44.45,35.99,54.91,51.86,56.47,56.54,4
Indonesia,IDN,2016,-9.4896,19.7367,31.63,39.79,25.14,24.82,12.89,49.66,5
Iran (Islamic Republic of),IRN,2016,-8.2539,-6.9024,17.5,12.46,24.58,18.15,48.16,16.99,3
Iraq,IRQ,2016,-2.7428,17.034,8.66,1.71,43.89,28.24,59.56,50.27,6
Ireland,IRL,2016,7.6203,-3.8616,2.51,1.46,4.31,5.4,2.01,7.36,0
Israel,ISR,2016,6.7961,12.1895,4.76,0.88,25.8,13.11,40.06,32.71,6
Italy,ITA,2016,11.8882,-9.3005,10.94,8.72,13.73,10.05,8.6,29.93,0
Jamaica,JAM,2016,5.9268,-0.455,4.29,1.11,16.55,19.61,11.86,19.5,0
Japan,JPN,2016,17.9353,13.125,19.97,43.88,9.09,10.13,7.04,10.53,5
Jordan,JOR,2016,15.0253,14.8001,2.78,0.56,13.79,9.38,11.01,25.4,0
Kazakhstan,KAZ,2016,2.6793,9.5337,2.02,0.25,16.39,14.76,9.87,30.23,0
Kenya,KEN,2016,8.4877,1.3602,12.67,3.27,49.13,33.66,56.9,61.92,4
Kiribati,KIR,2016,-13.8856,6.8903,3.49,0.69,17.61,9.99,10.56,51.73,2
Kuwait,KWT,2016,-6.4771,20.941,2.15,1.04,4.44,3.71,2.53,9.3,0
Kyrgyzstan,KGZ,2016,1.1376,8.692,2.11,0.22,20.27,18.48,11.58,38.93,2
Lao People's Democratic Republic,LAO,2016,-10.6141,14.0319,3.09,0.38,25.12,20.92,13.49,56.14,2
Latvia,LVA,2016,-6.1215,13.9147,2.46,0.78,7.73,7.18,2.38,27.0,0
Lebanon,LBN,2016,-4.8812,1.8771,3.66,0.37,36.12,19.8,53.3,44.66,6
Lesotho,LSO,2016,-10.3291,5.0598,1.26,0.07,22.77,13.81,13.56,63.06,2
Liberia,LBR,2016,10.1204,17.5629,4.11,0.54,31.21,35.74,12.89,65.96,2
Libyan Arab Jamahiriya,LBY,2016,-3.4878,7.2052,13.64,4.95,37.58,24.67,47.74,45.08,6
Liechtenstein,LIE,2016,14.1644,22.034,0.79,0.09,6.98,6.55,1.77,29.39,0
Lithuania,LTU,2016,0.6284,15.1389,2.25,0.64,7.89,6.7,2.15,34.15,0
Luxembourg,LUX,2016,17.0793,-4.9411,0.4,0.06,2.68,4.2,1.63,2.81,0
Madagascar,MDG,2016,-11.8646,-3.4511,23.46,18.23,30.2,25.68,14.9,72.01,2
Malawi,MWI,2016,-4.3439,10.0946,3.37,0.34,33.44,34.08,15.38,71.31,2
Malaysia,MYS,2016,18.5391,9.8919,15.78,8.64,28.82,22.52,43.4,24.49,3
Maldives,MDV,2016,-5.7988,0.0282,0.77,0.11,5.36,5.54,2.84,9.8,0
Mali,MLI,2016,4.4233,1.9036,2.22,0.08,61.42,58.45,58.33,67.95,1
Malta,MLT,2016,-14.3751,-9.184,1.02,0.15,6.88,4.65,2.07,33.79,0
Marshall Islands,MHL,2016,-13.6505,7.1755,2.97,0.5,17.59,9.92,11.42,48.07,2
Mauritania,MRT,2016,1.1389,-4.7479,8.22,2.9,23.32,17.32,12.21,59.99,2
Mauritius,MUS,2016,8.0289,22.0352,3.57,0.73,17.49,16.13,8.28,40.03,2
Mexico,MEX,2016,18.7633,-1.4863,37.39,50.14,27.88,42.56,11.83,43.04,5
Monaco,MCO,2016,12.1518,13.2325,0.18,0.02,1.57,1.72,0.44,5.08,0
Mongolia,MNG,2016,-6.3452,4.2737,1.65,0.21,12.92,10.85,11.39,17.44,0
Montenegro,MNE,2016,0.012,21.9974,3.84,0.83,17.81,17.64,8.98,35.69,0
Morocco,MAR,2016,16.1406,5.5283,9.94,7.64,12.94,14.18,12.26,12.45,0
Mozambique,MOZ,2016,9.9643,1.3445,34.14,18.13,64.3,63.99,59.59,69.72,4
Myanmar,MMR,2016,-4.412,-7.8871,36.07,22.75,57.18,54.75,58.46,58.4,4
Namibia,NAM,2016,-16.8112,11.898,5.54,1.32,23.23,18.03,12.12,57.39,2
Nauru,NRU,2016,-13.1529,10.0944,1.13,0.11,11.52,13.61,2.86,39.23,0
Nepal,NPL,2016,-8.0806,-3.6195,2.69,0.24,30.11,29.54,14.7,62.85,2
Netherlands,NLD,2016,-10.4678,-5.6634,3.58,2.2,5.82,4.13,1.82,26.25,0
New Zealand,NZL,2016,-1.5936,26.2223,11.49,18.0,7.34,6.73,1.83,32.06,0
Nicaragua,NIC,2016,-7.9391,11.1328,20.5,18.59,22.61,28.47,13.0,31.24,5
Niger,NER,2016,4.8854,1.7045,2.1,0.07,63.01,66.79,64.56,58.02,1
Nigeria,NGA,2016,3.342,1.5211,8.92,1.32,60.3,44.65,66.28,74.09,1
North Macedonia,MKD,2016,0.0096,6.1308,1.28,0.1,16.4,11.51,10.56,36.28,0
Norway,NOR,2016,11.5417,-3.7073,2.32,1.06,5.08,3.67,1.27,28.17,0
Oman,OMN,2016,-9.6054,-9.2855,7.56,6.67,8.58,7.73,8.97,9.12,0
Pakistan,PAK,2016,10.4954,-6.5641,26.7,13.08,54.49,39.62,64.1,63.7,4
Palau,PLW,2016,4.8,14.1896,1.84,0.36,9.36,6.47,9.97,12.71,0
Panama,PAN,2016,6.2586,-11.9375,18.18,15.94,20.74,21.07,10.37,40.83,2
Papua New Guinea,PNG,2016,12.6825,18.7926,25.85,18.94,35.29,42.52,14.67,70.44,2
Paraguay,PRY,2016,5.4463,-3.6814,1.81,0.14,23.43,19.41,13.8,48.0,2
Peru,PER,2016,-12.8223,13.2885,20.49,16.66,25.19,26.42,12.06,50.15,2
Philippines,PHL,2016,20.6093,7.7286,46.5,40.1,53.91,50.75,58.18,53.05,4
Plurinational State of Bolivia,BOL,2016,-9.1726,17.821,3.1,0.35,27.41,27.9,13.48,54.73,2
Poland,POL,2016,-0.6102,15.3904,4.09,1.73,9.69,6.51,3.94,35.42,0
Portugal,PRT,2016,18.1093,0.5906,6.39,3.08,13.27,10.48,7.27,30.66,0
Qatar,QAT,2016,9.5484,12.1277,0.96,0.15,6.17,3.31,2.43,29.15,0
Republic of Congo,COG,2016,3.3683,-0.6516,5.17,0.57,46.97,34.33,51.53,58.59,6
Republic of Korea,KOR,2016,-13.0829,18.9539,10.42,10.01,10.85,8.85,7.94,18.2,0
Republic of Moldova,MDA,2016,-1.3865,5.2989,1.32,0.1,17.42,10.98,10.37,46.45,2
Romania,ROU,2016,2.8149,10.3097,3.43,0.7,16.83,11.57,8.99,45.86,2
Russian Federation,RUS,2016,15.16,-8.1822,28.16,28.62,27.71,13.69,40.87,38.02,3
Rwanda,RWA,2016,-3.7481,10.6881,2.46,0.16,37.79,33.78,45.35,35.22,6
Saint Kitts and Nevis,KNA,2016,-7.5286,-0.6206,1.82,0.53,6.23,5.03,2.43,19.81,0
Saint Lucia,LCA,2016,-6.2054,1.3598,2.92,0.46,18.57,13.88,10.41,44.34,2
Saint Vincent and the Grenadines,VCT,2016,-6.275,0.8581,2.17,0.43,11.0,14.64,9.93,9.16,0
Samoa,WSM,2016,6.5517,17.5078,4.0,0.81,19.78,19.99,9.75,39.7,2
San Marino,SMR,2016,-7.2805,8.4549,0.37,0.03,4.49,2.66,1.27,26.76,0
Sao Tome and Principe,STP,2016,9.8488,5.2639,0.48,0.02,11.56,9.96,3.1,50.06,2
Saudi Arabia,SAU,2016,-2.7612,6.8131,10.37,5.22,20.62,12.84,19.69,34.69,0
Senegal,SEN,2016,0.7207,-5.7776,5.5,1.05,28.78,32.23,13.3,55.63,2
Serbia,SRB,2016,1.9001,7.2067,1.75,0.17,18.03,14.01,10.25,40.8,2
Seychelles,SYC,2016,-4.4673,5.3236,3.56,1.04,12.17,8.67,9.23,22.5,0
Sierra Leone,SLE,2016,2.2771,0.7088,5.3,1.09,25.75,18.96,12.95,69.5,2
Singapore,SGP,2016,-6.0462,17.2051,0.71,0.15,3.38,1.88,0.9,22.9,0
Slovakia,SVK,2016,2.7558,18.6071,0.9,0.1,8.11,6.77,2.29,34.47,0
Slovenia,SVN,2016,2.3449,18.1225,1.81,0.31,10.53,5.52,7.69,27.51,0
Solomon Islands,SLB,2016,-1.5835,19.4116,14.72,9.64,22.48,18.45,12.38,49.76,2
Somalia,SOM,2016,7.0405,15.6754,19.74,8.53,45.68,66.88,81.35,17.52,4
South Africa,ZAF,2016,-16.0017,4.8307,9.12,3.12,26.67,29.56,11.91,53.86,2
South Sudan,SSD,2016,4.0311,2.2212,3.91,0.25,61.08,40.22,68.09,83.2,1
Spain,ESP,2016,12.6784,3.3506,8.86,7.78,10.08,9.21,3.97,27.99,0
Sri Lanka,LKA,2016,-5.1469,0.3384,5.01,1.6,15.7,25.29,12.27,12.48,0
Sudan,SDN,2016,-1.7825,-2.838,10.14,1.66,62.0,57.21,66.92,62.26,1
Suriname,SUR,2016,1.5684,-2.2458,4.9,1.79,13.42,14.69,2.96,55.61,2
Sweden,SWE,2016,10.49,-3.9728,2.55,1.06,6.13,5.48,1.66,25.35,0
Switzerland,CHE,2016,11.2625,-11.9094,1.0,0.16,6.26,3.7,2.57,25.76,0
Syrian Arab Republic,SYR,2016,-3.0517,16.8553,11.05,2.53,48.28,30.11,57.56,64.94,4
Tajikistan,TJK,2016,1.0679,8.6733,2.42,0.23,25.48,27.48,12.0,50.14,2
Thailand,THA,2016,-0.0133,19.7062,19.19,14.23,25.88,23.87,51.66,14.05,3
Timor-Leste,TLS,2016,0.0131,12.2286,8.08,2.89,22.61,16.52,12.83,54.55,2
Togo,TGO,2016,3.6393,3.5179,1.06,0.07,16.05,19.25,3.56,60.38,2
Tonga,TON,2016,3.9301,-3.0828,4.6,1.33,15.88,15.83,10.17,24.86,0
Trinidad and Tobago,TTO,2016,-5.2358,3.0719,2.26,0.49,10.4,8.8,2.79,45.88,0
Tunisia,TUN,2016,-14.5054,1.632,6.95,2.84,17.01,10.0,11.99,41.03,2
Turkey,TUR,2016,-3.384,15.8099,16.89,8.96,31.82,20.34,42.34,37.41,6
Turkmenistan,TKM,2016,14.557,8.5269,1.29,0.17,9.77,11.39,3.04,26.97,0
Tuvalu,TUV,2016,-13.8152,8.9681,1.53,0.15,15.62,9.43,10.27,39.35,0
Uganda,UGA,2016,-3.8453,10.099,2.92,0.23,37.12,64.85,12.67,62.25,2
Ukraine,UKR,2016,0.9255,6.8731,4.22,0.48,37.08,20.39,46.2,54.13,6
United Arab Emirates,ARE,2016,9.2358,11.6596,4.57,3.73,5.59,5.44,2.39,13.44,0
United Kingdom of Great Britain and Northern Ireland,GBR,2016,-1.9037,10.5709,5.6,2.58,12.17,6.64,7.82,34.69,0
United Republic of Tanzania,TZA,2016,9.0149,1.1847,12.98,5.49,30.68,34.61,13.41,62.21,2
United States of America,USA,2016,14.0214,16.8786,24.12,39.6,14.69,11.24,8.67,32.55,5
Uruguay,URY,2016,10.8858,20.4031,5.21,1.54,17.62,14.52,8.87,42.5,2
Uzbekistan,UZB,2016,15.0737,8.4828,1.19,0.18,7.89,11.97,3.04,13.5,0
Vanuatu,VUT,2016,15.3421,11.2298,10.47,5.79,18.92,10.4,12.55,51.86,2
Viet Nam,VNM,2016,-9.6586,8.6496,25.5,26.76,24.29,25.44,12.76,44.17,5
Yemen,YEM,2016,-3.0833,-4.826,24.53,9.12,65.98,62.33,67.26,68.53,1
Zambia,ZMB,2016,4.7307,21.8438,2.62,0.28,24.53,20.09,11.56,63.57,2
Zimbabwe,ZWE,2016,-10.9242,4.9289,2.37,0.2,28.08,24.2,14.92,61.34,2
Afghanistan,AFG,2017,-12.895,15.39,4.04,0.25,65.2,56.88,70.15,69.47,1
Albania,ALB,2017,-14.8509,0.7903,5.59,2.29,13.66,14.56,10.78,16.23,3
Algeria,DZA,2017,-6.7858,6.276,9.04,2.63,31.09,12.73,50.39,46.84,6
Andorra,AND,2017,5.8258,-14.3011,0.25,0.02,3.05,2.64,1.88,5.7,3
Angola,AGO,2017,0.7999,-3.8804,10.95,2.36,50.85,33.36,56.48,69.79,6
Antigua and Barbuda,ATG,2017,-7.2928,-0.1262,4.17,1.2,14.52,8.82,9.4,36.96,5
Argentina,ARG,2017,-18.7667,9.3848,15.59,11.59,20.97,18.44,10.64,46.97,2
Armenia,ARM,2017,0.7242,7.0057,2.46,0.23,26.26,10.85,42.58,39.19,2
Australia,AUS,2017,-6.2473,24.1704,18.78,31.39,11.23,6.94,7.22,28.26,0
Austria,AUT,2017,-17.1187,0.7345,1.15,0.17,7.82,4.63,3.18,32.46,5
Azerbaijan,AZE,2017,0.7946,7.2898,1.96,0.23,16.63,8.76,11.8,44.47,5
Bahamas,BHS,2017,-5.8152,11.4073,5.17,1.51,17.7,15.07,9.35,39.37,5
Bahrain,BHR,2017,11.8243,15.9311,0.97,0.14,6.73,5.72,2.72,19.62,3
Bangladesh,BGD,2017,11.102,-6.5888,28.21,16.59,47.97,37.89,58.69,49.65,6
Barbados,BRB,2017,-7.3268,0.4604,1.99,0.48,8.26,5.31,2.37,44.77,5
Belarus,BLR,2017,0.6303,4.085,0.77,0.05,11.79,7.74,5.92,35.81,5
Belgium,BEL,2017,5.6214,-9.0356,4.32,1.85,10.1,4.58,7.89,28.52,5
Belize,BLZ,2017,-2.4401,1.79,7.18,2.51,20.54,16.08,11.91,45.28,2
Benin,BEN,2017,3.5272,4.0977,1.62,0.09,29.02,30.99,12.98,60.73,4
Bhutan,BTN,2017,-8.9789,4.7017,0.99,0.1,9.86,13.8,2.59,26.79,5
Bolivarian Republic of Venezuela,VEN,2017,9.0771,-1.1665,23.1,19.33,27.61,27.55,12.94,59.05,4
Bosnia and Herzegovina,BIH,2017,-0.6843,5.9535,2.38,0.34,16.68,8.84,11.64,45.07,5
Botswana,BWA,2017,3.036,12.9335,1.46,0.09,23.54,28.24,9.62,48.0,2
Brazil,BRA,2017,-18.8266,-4.2856,12.18,6.37,23.3,20.59,12.31,49.93,2
Brunei Darussalam,BRN,2017,-3.0872,13.101,1.51,0.33,6.93,13.03,2.36,10.84,3
Bulgaria,BGR,2017,0.0438,5.047,2.33,0.3,18.13,16.97,8.74,40.2,5
Burkina Faso,BFA,2017,3.3102,2.4252,1.61,0.07,37.17,59.46,14.69,58.8,4
Burundi,BDI,2017,-13.2016,-1.7204,3.17,0.16,62.62,62.65,56.45,69.44,1
Cambodia,KHM,2017,10.1612,7.5103,8.06,2.47,26.33,21.62,14.78,57.15,2
Cameroon,CMR,2017,0.5422,-2.523,10.0,2.08,48.04,33.6,60.03,54.98,6
Canada,CAN,2017,9.1251,15.6539,18.91,25.98,13.76,10.11,7.43,34.72,0
Cape Verde,CPV,2017,6.3021,-1.5337,1.16,0.07,19.32,15.44,11.03,42.37,2
Central African Republic,CAF,2017,7.432,6.7891,3.37,0.16,71.09,74.47,63.62,75.83,1
Chad,TCD,2017,7.3642,6.3136,2.61,0.12,56.69,38.81,68.04,68.99,1
Chile,CHL,2017,-1.9673,-14.643,15.13,12.84,17.82,14.86,9.8,38.89,2
China,CHN,2017,20.0399,3.7565,32.07,64.4,15.97,15.55,23.69,11.05,0
Colombia,COL,2017,-4.0334,-12.463,38.18,31.43,46.37,44.72,49.21,45.3,6
Comoros,COM,2017,6.3956,-5.5371,2.13,0.32,14.2,17.06,12.9,13.02,3
Costa Rica,CRI,2017,-8.8825,-12.4523,14.23,9.85,20.57,23.04,10.5,35.96,2
Cote d'Ivoire,CIV,2017,3.7329,3.0756,1.72,0.13,22.8,33.1,6.48,55.25,4
Croatia,HRV,2017,-0.4444,15.002,4.83,1.57,14.88,11.12,8.59,34.47,5
Cuba,CUB,2017,-12.3495,-0.736,7.54,4.58,12.41,15.72,7.29,16.66,3
Cyprus,CYP,2017,-15.3827,-8.8895,2.71,1.01,7.27,5.33,2.37,30.47,5
Czech Republic,CZE,2017,2.494,18.0005,1.05,0.1,11.11,4.41,8.37,37.13,5
Democratic People's Republic of Korea,PRK,2017,-12.855,-11.3041,9.37,7.22,12.16,5.34,13.6,24.74,3
Democratic Republic of Congo,COD,2017,5.7223,4.9635,9.7,1.38,68.14,67.49,64.04,73.2,1
Denmark,DNK,2017,-2.7826,-7.2614,1.04,0.18,5.98,4.39,1.78,27.35,5
Djibouti,DJI,2017,8.716,2.1703,7.91,4.27,14.64,18.25,3.46,49.7,2
Dominica,DMA,2017,-6.4569,1.3409,3.83,0.8,18.31,15.69,10.84,36.1,5
Dominican Republic,DOM,2017,-2.7779,2.2042,13.11,7.01,24.51,22.04,13.24,50.43,2
Ecuador,ECU,2017,-12.8569,13.2539,18.51,14.5,23.64,26.14,12.21,41.38,2
Egypt,EGY,2017,-20.085,4.5879,19.12,10.73,34.08,15.89,46.58,53.48,6
El Salvador,SLV,2017,15.6908,3.6525,14.89,7.32,30.3,45.93,12.38,48.9,4
Equatorial Guinea,GNQ,2017,-10.2515,7.1017,3.27,0.85,12.58,10.72,3.62,51.28,5
Eritrea,ERI,2017,7.5208,2.5365,7.68,2.28,25.86,18.92,14.5,63.01,2
Estonia,EST,2017,6.79,9.6632,1.85,0.44,7.79,6.55,2.12,34.1,5
Eswatini,SWZ,2017,-6.5206,-4.9477,1.82,0.14,23.66,18.04,12.98,56.54,2
Ethiopia,ETH,2017,2.5683,-4.9394,4.8,0.36,63.89,63.97,58.91,69.2,1
Federated States of Micronesia,FSM,2017,0.5988,-12.0048,3.59,1.12,11.53,9.95,12.29,12.53,3
Fiji,FJI,2017,3.436,-3.3047,7.93,2.8,22.45,20.03,11.66,48.46,2
Finland,FIN,2017,-15.0166,-5.563,1.49,0.5,4.47,4.39,0.83,24.52,3
France,FRA,2017,-2.6857,-9.6924,6.55,2.69,15.95,8.26,14.57,33.69,5
Gabon,GAB,2017,-4.9471,8.0789,4.78,1.49,15.36,21.14,3.3,51.93,2
Gambia,GMB,2017,2.3629,2.1834,4.93,0.67,36.3,56.84,13.36,63.0,4
Georgia,GEO,2017,1.956,8.4116,3.48,0.73,16.57,11.38,9.25,43.22,5
Germany,DEU,2017,-16.4874,20.4102,4.55,1.99,10.41,5.23,6.11,35.28,5
Ghana,GHA,2017,0.3734,-7.101,2.88,0.34,24.43,30.76,12.63,37.55,2
Greece,GRC,2017,12.7029,4.6728,8.74,8.3,9.2,8.78,9.16,9.67,3
Grenada,GRD,2017,-5.7714,1.3521,1.85,0.31,11.01,14.22,2.64,35.54,5
Guatemala,GTM,2017,16.3873,4.2167,12.2,4.3,34.59,52.99,13.85,56.37,4
Guinea,GIN,2017,-0.1577,13.545,6.86,1.47,32.01,31.55,14.26,72.89,4
Guinea-Bissau,GNB,2017,1.8132,0.8084,3.21,0.66,15.6,20.19,3.8,49.47,2
Guyana,GUY,2017,15.316,-0.4639,7.42,2.63,20.93,16.55,12.81,43.27,2
Haiti,HTI,2017,5.2225,10.0117,9.55,2.78,32.82,32.89,15.64,68.71,4
Honduras,HND,2017,-7.8009,10.7107,14.4,8.86,23.41,16.51,14.01,55.5,2
Hungary,HUN,2017,-0.8231,1.0828,1.0,0.11,9.03,8.02,9.19,9.99,3
Iceland,ISL,2017,9.5511,9.5165,1.98,0.67,5.86,6.02,1.77,18.84,3
India,IND,2017,8.0351,-8.1405,43.98,35.95,53.8,50.42,56.12,55.02,6
Indonesia,IDN,2017,-9.4885,19.739,33.08,39.74,27.54,32.64,12.88,49.66,0
Iran (Islamic Republic of),IRN,2017,-8.1861,-6.9709,17.48,12.49,24.46,25.4,48.88,11.79,6
Iraq,IRQ,2017,-2.7073,17.1124,9.16,1.71,49.11,47.45,60.03,41.58,6
Ireland,IRL,2017,7.6212,-3.8607,3.06,1.45,6.46,5.88,6.52,7.02,3
Israel,ISR,2017,6.7921,12.1849,4.15,0.88,19.57,7.43,40.3,25.02,3
Italy,ITA,2017,11.8841,-9.2965,10.72,8.7,13.21,7.65,8.59,35.07,5
Jamaica,JAM,2017,5.8551,-0.3623,4.69,1.11,19.79,14.23,11.59,46.97,2
Japan,JPN,2017,17.9388,13.1285,21.55,43.82,10.6,9.74,7.07,17.31,0
Jordan,JOR,2017,15.028,14.8037,2.52,0.57,11.16,10.12,11.03,12.45,3
Kazakhstan,KAZ,2017,2.6825,9.5364,1.72,0.25,11.9,14.94,9.9,11.39,3
Kenya,KEN,2017,7.8467,0.9276,13.96,3.26,59.74,58.42,57.38,63.59,1
Kiribati,KIR,2017,-13.8742,6.9021,3.36,0.69,16.36,10.04,10.42,41.88,5
Kuwait,KWT,2017,-6.4624,20.956,2.14,1.05,4.37,3.73,2.54,8.82,3
Kyrgyzstan,KGZ,2017,1.1311,8.7098,2.2,0.22,22.1,20.07,11.34,47.41,2
Lao People's Democratic Republic,LAO,2017,-10.5939,14.0514,2.81,0.38,20.78,12.91,13.42,51.78,2
Latvia,LVA,2017,-6.0977,13.9384,2.57,0.79,8.35,7.25,2.38,33.68,5
Lebanon,LBN,2017,-4.8773,1.8788,3.71,0.37,37.23,19.71,53.79,48.66,6
Lesotho,LSO,2017,-10.35,5.0782,1.26,0.07,22.63,13.83,13.47,62.18,2
Liberia,LBR,2017,10.1231,17.566,4.06,0.54,30.53,33.94,12.72,65.89,4
Libyan Arab Jamahiriya,LBY,2017,-3.4924,7.2062,13.67,4.94,37.84,24.15,48.24,46.49,6
Liechtenstein,LIE,2017,14.1651,22.0346,0.79,0.09,6.87,6.35,1.75,29.19,5
Lithuania,LTU,2017,0.5888,15.119,2.28,0.64,8.09,6.7,2.18,36.3,5
Luxembourg,LUX,2017,17.0794,-4.9409,0.51,0.06,4.33,4.19,1.72,11.27,3
Madagascar,MDG,2017,-11.8908,-3.4765,23.73,18.24,30.86,26.11,15.34,73.38,4
Malawi,MWI,2017,-4.3356,10.1048,3.33,0.34,32.7,34.64,14.89,67.8,4
Malaysia,MYS,2017,18.536,9.895,13.88,8.64,22.29,22.73,43.45,11.22,3
Maldives,MDV,2017,-5.7932,0.0279,0.87,0.11,6.92,11.07,2.89,10.38,3
Mali,MLI,2017,4.3877,1.9229,2.22,0.08,61.48,58.84,58.53,67.49,1
Malta,MLT,2017,-14.3754,-9.1899,1.0,0.15,6.64,4.61,2.03,31.33,5
Marshall Islands,MHL,2017,-13.6775,7.1408,2.34,0.5,10.97,9.94,11.38,11.68,3
Mauritania,MRT,2017,1.0823,-4.8063,9.3,2.89,29.95,29.73,15.03,60.11,4
Mauritius,MUS,2017,8.0153,22.0217,3.6,0.73,17.74,15.92,8.36,41.92,5
Mexico,MEX,2017,18.7184,-1.4411,37.81,50.17,28.5,36.75,12.47,50.49,0
Monaco,MCO,2017,12.1662,13.2471,0.18,0.02,1.65,1.98,0.44,5.15,3
Mongolia,MNG,2017,-6.3408,4.2898,1.65,0.21,13.0,10.77,11.43,17.84,3
Montenegro,MNE,2017,-0.0123,22.0238,3.56,0.83,15.24,10.64,8.23,40.45,5
Morocco,MAR,2017,16.1458,5.5272,9.47,7.64,11.75,11.37,12.64,11.29,3
Mozambique,MOZ,2017,9.8262,1.2616,32.7,18.12,59.0,49.85,60.04,68.63,1
Myanmar,MMR,2017,-4.4005,-7.8755,35.76,22.62,56.54,53.47,58.56,57.73,6
Namibia,NAM,2017,-16.8461,11.9333,6.07,1.32,27.89,30.91,12.15,57.78,4
Nauru,NRU,2017,-13.1314,10.0861,1.14,0.11,11.83,13.67,2.82,42.98,5
Nepal,NPL,2017,-8.081,-3.6185,2.77,0.24,32.04,39.16,14.56,57.71,4
Netherlands,NLD,2017,-10.4829,-5.6488,3.73,2.2,6.31,4.22,1.87,31.84,5
New Zealand,NZL,2017,-1.6172,26.2466,12.76,18.02,9.04,6.86,3.22,33.39,5
Nicaragua,NIC,2017,-7.929,11.1303,20.51,18.63,22.59,28.35,12.94,31.41,0
Niger,NER,2017,4.8886,1.708,2.08,0.07,61.66,66.95,66.89,52.34,1
Nigeria,NGA,2017,3.2886,1.5525,9.16,1.32,63.5,57.16,60.53,73.99,1
North Macedonia,MKD,2017,0.0212,6.1368,1.3,0.1,16.98,11.31,10.5,41.25,5
Norway,NOR,2017,11.5276,-3.6911,2.27,1.06,4.84,3.64,1.22,25.59,3
Oman,OMN,2017,-9.6142,-9.294,8.34,6.7,10.38,12.8,9.18,9.52,3
Pakistan,PAK,2017,10.459,-6.5935,26.7,13.08,54.51,40.17,62.3,64.73,6
Palau,PLW,2017,4.8152,14.1747,1.94,0.36,10.45,6.49,9.71,18.09,3
Panama,PAN,2017,6.2466,-11.9258,18.05,15.87,20.54,20.78,10.5,39.7,2
Papua New Guinea,PNG,2017,12.6829,18.7928,24.6,18.98,31.89,31.95,14.67,69.19,4
Paraguay,PRY,2017,5.4417,-3.6656,1.79,0.14,22.96,19.58,13.17,46.93,2
Peru,PER,2017,-12.8231,13.2888,20.67,16.68,25.61,27.19,12.54,49.29,2
Philippines,PHL,2017,20.4758,8.1232,45.02,40.12,50.51,39.6,58.71,55.44,6
Plurinational State of Bolivia,BOL,2017,-9.1702,17.8188,3.08,0.35,27.17,27.36,13.51,54.25,4
Poland,POL,2017,-0.6374,15.3907,4.62,1.73,12.36,6.45,7.56,38.68,5
Portugal,PRT,2017,18.0738,0.6259,6.41,3.08,13.36,10.58,7.29,30.91,5
Qatar,QAT,2017,9.5156,12.1314,0.95,0.15,6.01,3.23,2.46,27.31,5
Republic of Congo,COG,2017,3.1124,-0.903,4.08,0.57,29.14,34.67,14.35,49.74,4
Republic of Korea,KOR,2017,-13.0664,18.9632,11.07,10.0,12.25,8.64,8.0,26.61,5
Republic of Moldova,MDA,2017,-1.3899,5.2958,1.07,0.1,11.39,10.94,2.79,48.36,5
Romania,ROU,2017,2.8235,10.3282,3.03,0.7,13.11,5.69,8.86,44.68,5
Russian Federation,RUS,2017,15.1553,-8.1774,26.97,28.61,25.42,11.2,40.29,36.4,0
Rwanda,RWA,2017,-3.7437,10.6955,2.6,0.16,42.28,33.4,44.16,51.25,6
Saint Kitts and Nevis,KNA,2017,-7.5224,-0.6141,2.73,0.53,14.02,11.08,8.78,28.33,5
Saint Lucia,LCA,2017,-6.1269,1.3827,2.15,0.46,10.03,8.06,10.66,11.73,3
Saint Vincent and the Grenadines,VCT,2017,-6.3022,0.8647,2.24,0.43,11.62,13.96,10.32,10.88,3
Samoa,WSM,2017,6.5473,17.5061,3.04,0.81,11.39,11.87,2.54,48.98,5
San Marino,SMR,2017,-7.2667,8.4385,0.35,0.03,3.98,2.65,1.28,18.6,3
Sao Tome and Principe,STP,2017,9.8397,5.2573,0.48,0.02,11.6,9.92,3.1,50.78,5
Saudi Arabia,SAU,2017,-2.756,6.8107,10.28,5.22,20.23,12.92,20.36,31.48,2
Senegal,SEN,2017,0.7176,-5.8084,5.18,1.05,25.58,23.73,13.32,52.96,2
Serbia,SRB,2017,1.9124,7.2349,1.69,0.17,16.77,11.52,10.07,40.63,5
Seychelles,SYC,2017,-4.4811,5.3373,3.26,1.04,10.19,5.14,9.29,22.18,3
Sierra Leone,SLE,2017,2.3085,0.6809,5.81,1.09,30.98,32.9,13.12,68.91,4
Singapore,SGP,2017,-6.052,17.2107,0.64,0.15,2.76,1.88,0.51,21.97,3
Slovakia,SVK,2017,2.7524,18.604,0.87,0.1,7.63,5.4,2.29,35.9,5
Slovenia,SVN,2017,2.3467,18.1432,1.86,0.31,11.2,5.51,7.69,33.18,5
Solomon Islands,SLB,2017,-1.6058,19.3882,14.61,9.62,22.18,18.22,12.26,48.85,2
Somalia,SOM,2017,7.0714,15.7081,25.08,8.57,73.38,68.43,79.39,72.72,1
South Africa,ZAF,2017,-15.9711,4.8611,9.11,3.12,26.61,29.16,12.05,53.6,4
South Sudan,SSD,2017,-10.053,12.3067,4.34,0.25,75.18,73.13,69.13,84.06,1
Spain,ESP,2017,12.73,3.3103,8.73,7.77,9.8,7.09,4.02,33.06,5
Sri Lanka,LKA,2017,-5.1483,0.3423,5.01,1.6,15.7,24.66,12.29,12.77,3
Sudan,SDN,2017,-1.7798,-2.8406,10.02,1.66,60.45,56.74,63.68,61.13,1
Suriname,SUR,2017,1.5983,-2.2524,5.39,1.78,16.34,26.45,2.97,55.56,2
Sweden,SWE,2017,10.4741,-3.9851,2.56,1.05,6.26,5.48,1.76,25.46,3
Switzerland,CHE,2017,11.2589,-11.906,1.03,0.16,6.66,4.93,2.48,24.14,3
Syrian Arab Republic,SYR,2017,-3.0862,16.8917,11.99,2.53,56.82,50.84,57.18,63.12,1
Tajikistan,TJK,2017,1.0862,8.6979,2.41,0.23,25.3,27.33,12.03,49.24,2
Thailand,THA,2017,-0.028,19.6912,19.41,14.25,26.44,23.78,50.14,15.51,6
Timor-Leste,TLS,2017,0.0182,12.2342,7.25,2.9,18.14,9.81,12.89,47.18,2
Togo,TGO,2017,3.6524,3.3824,1.46,0.07,30.27,43.18,13.14,48.89,4
Tonga,TON,2017,3.9751,-3.0302,3.69,1.33,10.26,8.94,10.18,11.87,3
Trinidad and Tobago,TTO,2017,-5.2531,3.0472,2.45,0.49,12.24,15.36,2.74,43.52,5
Tunisia,TUN,2017,-14.611,1.3481,9.27,2.84,30.23,16.72,40.31,40.97,2
Turkey,TUR,2017,-3.3826,15.8047,14.73,8.95,24.24,8.74,42.01,38.79,2
Turkmenistan,TKM,2017,14.5595,8.5365,1.13,0.17,7.5,11.14,3.02,12.52,3
Tuvalu,TUV,2017,-13.8108,8.9645,1.52,0.15,15.41,9.41,10.3,37.72,5
Uganda,UGA,2017,-3.8711,10.1255,2.8,0.23,34.03,50.81,12.63,61.39,4
Ukraine,UKR,2017,0.9016,6.92,3.57,0.48,26.5,15.57,22.95,52.07,2
United Arab Emirates,ARE,2017,9.2028,11.6136,6.34,3.75,10.72,8.89,4.35,31.87,5
United Kingdom of Great Britain and Northern Ireland,GBR,2017,-1.8703,10.5274,5.91,2.58,13.53,8.66,7.87,36.37,5
United Republic of Tanzania,TZA,2017,9.0403,1.1646,12.39,5.5,27.89,25.78,13.46,62.55,4
United States of America,USA,2017,14.0198,16.8835,24.19,39.63,14.76,11.27,8.65,32.98,0
Uruguay,URY,2017,10.8855,20.4041,5.24,1.54,17.83,15.15,8.87,42.2,2
Uzbekistan,UZB,2017,15.0972,8.4825,1.19,0.18,7.88,11.88,3.03,13.58,3
Vanuatu,VUT,2017,15.3636,11.2081,11.59,5.8,23.16,18.61,12.35,54.04,2
Viet Nam,VNM,2017,-9.6846,8.6258,24.92,26.72,23.25,21.64,13.1,44.31,0
Yemen,YEM,2017,-3.0254,-4.7728,23.32,9.13,59.57,44.72,67.45,70.07,1
Zambia,ZMB,2017,4.7087,21.8224,2.85,0.28,28.92,34.18,11.72,60.38,4
Zimbabwe,ZWE,2017,-10.9032,4.9393,2.47,0.2,30.52,32.51,15.39,56.83,4
Afghanistan,AFG,2018,-12.8814,15.3776,3.99,0.25,63.62,59.1,77.14,56.48,1
Albania,ALB,2018,-14.8532,0.7892,5.19,2.29,11.75,8.93,10.8,16.84,0
Algeria,DZA,2018,-6.7724,6.2894,9.21,2.63,32.24,13.89,50.27,47.99,4
Andorra,AND,2018,5.8251,-14.3001,0.24,0.02,2.95,2.64,1.86,5.24,0
Angola,AGO,2018,0.7997,-3.8828,10.96,2.36,50.93,33.38,56.7,69.79,1
Antigua and Barbuda,ATG,2018,-7.2901,-0.1423,3.78,1.2,11.9,5.06,9.52,34.94,5
Argentina,ARG,2018,-18.7477,9.4036,15.03,11.56,19.55,23.0,10.69,30.4,5
Armenia,ARM,2018,0.7464,7.0411,2.47,0.23,26.59,10.65,40.49,43.58,4
Australia,AUS,2018,-6.2609,24.1842,20.72,31.31,13.71,6.71,13.84,27.76,6
Austria,AUT,2018,-17.1154,0.7308,1.15,0.17,7.83,4.59,3.2,32.66,5
Azerbaijan,AZE,2018,0.7882,7.3144,2.03,0.23,17.98,11.33,11.81,43.46,5
Bahamas,BHS,2018,-5.8074,11.4237,5.23,1.51,18.1,14.79,9.39,42.67,5
Bahrain,BHR,2018,11.8143,15.9164,0.85,0.14,5.18,5.68,2.72,8.99,0
Bangladesh,BGD,2018,11.139,-6.6178,28.02,16.57,47.39,36.31,58.12,50.43,3
Barbados,BRB,2018,-7.38,0.5089,2.03,0.48,8.6,5.55,2.45,46.76,5
Belarus,BLR,2018,0.6323,4.0806,0.8,0.05,12.76,9.59,5.88,36.81,5
Belgium,BEL,2018,5.6082,-9.0466,4.52,1.84,11.12,5.99,7.98,28.74,0
Belize,BLZ,2018,-2.4155,1.7669,6.83,2.5,18.66,16.08,11.89,33.99,5
Benin,BEN,2018,3.2934,2.5351,1.41,0.09,22.14,55.38,3.53,55.52,2
Bhutan,BTN,2018,-8.9585,4.6844,1.07,0.1,11.41,13.23,2.6,43.24,5
Bolivarian Republic of Venezuela,VEN,2018,9.0843,-1.1749,23.55,19.42,28.57,28.63,13.15,61.91,2
Bosnia and Herzegovina,BIH,2018,-0.6925,5.942,2.41,0.34,17.04,8.87,11.77,47.37,5
Botswana,BWA,2018,3.0381,12.9358,1.46,0.09,23.71,28.12,9.71,48.81,2
Brazil,BRA,2018,-18.8266,-4.2848,12.24,6.38,23.49,20.86,12.35,50.29,2
Brunei Darussalam,BRN,2018,-3.0876,13.1013,1.14,0.33,3.93,7.82,2.33,3.32,0
Bulgaria,BGR,2018,0.058,5.0612,2.36,0.3,18.64,17.08,8.66,43.82,5
Burkina Faso,BFA,2018,4.2781,2.0762,2.05,0.07,59.85,60.29,58.11,61.19,1
Burundi,BDI,2018,-13.2006,-1.719,3.17,0.16,62.67,63.65,58.9,65.66,1
Cambodia,KHM,2018,10.1768,7.4984,8.49,2.47,29.21,29.8,14.4,58.1,2
Cameroon,CMR,2018,0.5053,-2.4921,10.18,2.08,49.86,34.18,61.56,58.91,1
Canada,CAN,2018,9.126,15.6548,19.14,25.95,14.12,9.98,7.83,35.99,6
Cape Verde,CPV,2018,6.3256,-1.5599,1.16,0.07,19.18,15.4,10.98,41.73,5
Central African Republic,CAF,2018,7.4273,6.7869,3.32,0.16,68.82,75.14,59.66,72.72,1
Chad,TCD,2018,7.3672,6.2771,2.65,0.12,58.36,37.37,68.04,78.17,1
Chile,CHL,2018,-2.003,-14.6074,14.14,12.89,15.51,10.05,9.76,38.01,5
China,CHN,2018,20.0309,3.7474,32.13,64.43,16.02,15.64,23.44,11.21,6
Colombia,COL,2018,-4.0596,-12.4356,38.41,31.45,46.91,47.39,47.85,45.51,3
Comoros,COM,2018,6.4238,-5.5812,2.48,0.32,19.15,10.22,13.15,52.25,5
Costa Rica,CRI,2018,-8.8947,-12.4643,14.4,9.84,21.06,23.04,10.67,37.99,5
Cote d'Ivoire,CIV,2018,3.7083,3.1648,2.0,0.13,30.65,42.06,12.78,53.55,2
Croatia,HRV,2018,-0.4202,14.9666,4.63,1.57,13.63,8.57,8.55,34.57,5
Cuba,CUB,2018,-12.3573,-0.7445,7.13,4.57,11.12,15.51,7.41,11.97,0
Cyprus,CYP,2018,-15.349,-8.9114,2.66,1.02,6.95,6.94,2.41,20.07,0
Czech Republic,CZE,2018,2.4867,18.3161,0.86,0.1,7.44,5.64,2.05,35.6,5
Democratic People's Republic of Korea,PRK,2018,-12.8411,-11.2922,10.32,7.22,14.76,11.97,13.7,19.61,0
Democratic Republic of Congo,COD,2018,5.7275,4.9702,9.7,1.38,68.22,68.22,64.14,72.57,1
Denmark,DNK,2018,-2.7472,-7.2279,1.03,0.18,5.84,4.38,1.7,26.75,0
Djibouti,DJI,2018,8.7013,2.1507,8.75,4.27,17.93,32.54,12.95,13.68,0
Dominica,DMA,2018,-6.4677,1.3171,3.87,0.79,18.95,15.21,11.03,40.54,5
Dominican Republic,DOM,2018,-2.7252,2.1472,13.7,7.04,26.65,27.99,13.25,51.06,2
Ecuador,ECU,2018,-12.8804,13.2277,18.96,14.52,24.77,34.85,12.2,35.75,2
Egypt,EGY,2018,-20.0774,4.5925,20.87,10.73,40.6,27.3,46.51,52.7,4
El Salvador,SLV,2018,15.7024,3.6648,15.04,7.35,30.78,46.98,12.52,49.6,2
Equatorial Guinea,GNQ,2018,-10.2431,7.11,3.43,0.85,13.87,13.4,3.63,54.9,5
Eritrea,ERI,2018,7.5481,2.5192,7.69,2.29,25.84,18.74,14.39,63.98,2
Estonia,EST,2018,6.7907,9.6621,1.85,0.44,7.82,6.53,2.09,35.04,5
Eswatini,SWZ,2018,-6.5209,-4.9474,1.98,0.14,28.06,29.87,13.2,56.05,2
Ethiopia,ETH,2018,2.6117,-4.9712,4.81,0.36,64.34,64.45,58.63,70.47,1
Federated States of Micronesia,FSM,2018,0.6032,-12.0092,4.48,1.12,17.9,9.98,12.36,46.52,5
Fiji,FJI,2018,3.4326,-3.3007,7.92,2.79,22.51,21.03,11.33,47.87,5
Finland,FIN,2018,-15.0335,-5.5797,1.41,0.5,4.0,5.66,0.44,25.63,0
France,FRA,2018,-1.8417,10.216,7.4,2.69,20.33,8.23,28.94,35.27,4
Gabon,GAB,2018,-4.9787,8.0452,4.65,1.49,14.52,16.49,3.3,56.27,5
Gambia,GMB,2018,0.6459,-6.6614,4.08,0.67,24.8,18.15,13.25,63.4,2
Georgia,GEO,2018,1.9556,8.4058,3.81,0.73,19.84,22.58,8.8,39.31,5
Germany,DEU,2018,-16.4747,20.3976,4.11,1.99,8.47,5.25,3.25,35.58,5
Ghana,GHA,2018,2.3568,2.1821,3.36,0.34,33.16,53.62,12.5,54.38,2
Greece,GRC,2018,12.7078,4.6846,8.69,8.28,9.13,9.01,9.14,9.23,0
Grenada,GRD,2018,-5.7767,1.3722,1.84,0.31,10.87,14.18,2.64,34.31,5
Guatemala,GTM,2018,16.4402,4.2637,11.27,4.3,29.52,30.47,14.31,58.97,2
Guinea,GIN,2018,-0.1343,13.5282,6.88,1.47,32.24,32.22,14.11,73.69,2
Guinea-Bissau,GNB,2018,1.828,0.8576,4.39,0.67,28.77,34.4,13.88,49.89,2
Guyana,GUY,2018,15.3521,-0.4947,7.87,2.63,23.54,23.28,12.68,44.18,5
Haiti,HTI,2018,5.2171,10.0068,9.5,2.78,32.44,32.81,15.31,67.96,2
Honduras,HND,2018,-7.6964,10.6551,17.27,8.85,33.69,50.89,13.93,53.96,2
Hungary,HUN,2018,-0.8213,1.0827,0.92,0.11,7.71,5.27,8.58,10.12,0
Iceland,ISL,2018,9.5792,9.5496,1.75,0.67,4.56,2.84,1.72,19.4,0
India,IND,2018,8.0482,-8.1265,44.11,35.98,54.08,50.62,56.1,55.69,3
Indonesia,IDN,2018,-9.363,19.8618,41.92,39.78,44.17,34.39,50.17,49.93,3
Iran (Islamic Republic of),IRN,2018,-8.2329,-6.9228,18.16,12.46,26.48,20.93,50.3,17.64,4
Iraq,IRQ,2018,-2.7145,17.1665,9.29,1.72,50.16,47.63,61.05,43.4,1
Ireland,IRL,2018,7.6432,-3.8403,3.51,1.45,8.52,4.41,6.51,21.52,0
Israel,ISR,2018,6.7901,12.1831,4.49,0.88,22.9,11.2,37.02,28.96,4
Italy,ITA,2018,11.8898,-9.3021,11.14,8.7,14.26,9.72,8.56,34.82,5
Jamaica,JAM,2018,5.8365,-0.3441,4.65,1.11,19.51,14.11,11.7,44.98,5
Japan,JPN,2018,17.9593,13.1491,23.45,43.8,12.55,9.81,7.25,27.78,6
Jordan,JOR,2018,14.8643,14.6425,3.75,0.57,24.72,16.15,19.97,46.86,5
Kazakhstan,KAZ,2018,2.6902,9.5475,2.0,0.25,16.02,11.32,9.75,37.22,5
Kenya,KEN,2018,7.8684,0.9484,13.91,3.27,59.13,59.77,57.71,59.93,1
Kiribati,KIR,2018,-13.8793,6.8995,3.35,0.69,16.27,10.03,10.45,41.12,5
Kuwait,KWT,2018,-6.5302,20.8864,2.67,1.04,6.83,4.5,2.5,28.3,0
Kyrgyzstan,KGZ,2018,1.1538,8.7446,2.19,0.22,21.77,20.1,11.33,45.32,5
Lao People's Democratic Republic,LAO,2018,-10.6144,14.0326,2.98,0.38,23.42,17.28,13.66,54.43,2
Latvia,LVA,2018,-6.102,13.9331,2.7,0.79,9.23,9.45,2.39,34.76,5
Lebanon,LBN,2018,-4.8697,1.8857,3.61,0.38,34.38,14.9,54.24,50.27,4
Lesotho,LSO,2018,-10.2943,5.0203,1.38,0.07,27.4,24.21,13.38,63.49,2
Liberia,LBR,2018,10.1212,17.5645,4.11,0.54,31.3,35.28,12.71,68.36,2
Libyan Arab Jamahiriya,LBY,2018,-3.4595,7.2226,11.39,4.95,26.19,23.73,14.3,52.93,2
Liechtenstein,LIE,2018,14.1646,22.0341,0.79,0.09,6.85,6.55,1.76,27.83,0
Lithuania,LTU,2018,0.597,15.1124,2.28,0.64,8.12,6.7,2.18,36.62,5
Luxembourg,LUX,2018,17.0861,-4.9343,0.51,0.06,4.3,4.2,1.66,11.43,0
Madagascar,MDG,2018,-11.903,-3.488,25.98,18.27,36.95,45.11,15.46,72.35,2
Malawi,MWI,2018,-4.304,10.1215,3.32,0.34,32.33,33.83,15.07,66.3,2
Malaysia,MYS,2018,18.635,9.8016,12.66,8.65,18.54,18.92,21.04,16.0,0
Maldives,MDV,2018,-5.7902,0.0303,0.8,0.11,5.79,6.89,2.88,9.79,0
Mali,MLI,2018,4.4023,1.9274,2.22,0.08,61.44,60.72,57.05,66.96,1
Malta,MLT,2018,-14.4033,-9.1612,1.01,0.15,6.82,4.68,2.06,32.93,5
Marshall Islands,MHL,2018,-13.6906,7.1308,2.9,0.5,16.79,9.95,11.29,42.16,5
Mauritania,MRT,2018,1.095,-4.7921,9.36,2.9,30.19,28.89,15.24,62.52,2
Mauritius,MUS,2018,8.0093,22.0156,3.44,0.73,16.23,16.68,9.91,25.84,0
Mexico,MEX,2018,18.7533,-1.4765,36.02,50.16,25.86,44.4,12.48,31.22,6
Monaco,MCO,2018,12.151,13.2316,0.18,0.02,1.59,1.69,0.46,5.18,0
Mongolia,MNG,2018,-6.3645,4.2545,1.82,0.21,15.79,19.04,11.27,18.36,0
Montenegro,MNE,2018,-0.0005,22.0115,3.55,0.83,15.22,10.61,8.17,40.71,5
Morocco,MAR,2018,16.1455,5.5263,9.91,7.63,12.86,13.88,12.66,12.09,0
Mozambique,MOZ,2018,9.9713,1.3504,33.78,18.12,62.97,64.46,59.3,65.31,1
Myanmar,MMR,2018,-4.4056,-7.8804,35.66,22.62,56.21,53.02,58.96,56.82,3
Namibia,NAM,2018,-16.7966,11.8833,5.75,1.32,25.04,22.69,12.12,57.09,2
Nauru,NRU,2018,-13.128,10.091,1.14,0.11,11.87,13.67,2.79,43.84,5
Nepal,NPL,2018,-8.0792,-3.6232,2.62,0.24,28.6,28.13,14.44,57.58,2
Netherlands,NLD,2018,-10.4756,-5.6558,3.73,2.2,6.34,4.25,1.83,32.81,5
New Zealand,NZL,2018,-1.5907,26.2176,12.73,18.02,9.0,6.72,3.24,33.49,5
Nicaragua,NIC,2018,-7.9353,11.1209,20.67,18.61,22.96,27.89,13.83,31.36,6
Niger,NER,2018,4.9127,1.7058,2.18,0.07,67.82,66.05,67.15,70.34,1
Nigeria,NGA,2018,3.2796,1.5637,9.32,1.32,65.85,60.06,65.2,72.93,1
North Macedonia,MKD,2018,-0.0358,6.084,1.37,0.1,18.72,14.68,10.51,42.52,5
Norway,NOR,2018,11.5238,-3.6884,2.21,1.06,4.61,2.81,1.31,26.57,0
Oman,OMN,2018,-9.6063,-9.2864,8.35,6.7,10.41,13.24,9.33,9.13,0
Pakistan,PAK,2018,10.5131,-6.5738,25.36,13.12,49.03,30.01,60.52,64.91,3
Palau,PLW,2018,4.8006,14.1899,1.97,0.36,10.76,6.57,9.65,19.67,0
Panama,PAN,2018,6.2102,-11.8892,15.45,15.91,15.01,12.43,10.69,25.47,0
Papua New Guinea,PNG,2018,12.6827,18.7929,24.86,18.93,32.64,33.99,14.8,69.11,2
Paraguay,PRY,2018,5.439,-3.6626,1.89,0.14,25.42,25.6,12.92,49.65,2
Peru,PER,2018,-12.8538,13.258,20.61,16.67,25.49,27.42,12.56,48.08,2
Philippines,PHL,2018,20.4752,8.1189,45.29,40.08,51.17,38.89,58.33,59.05,3
Plurinational State of Bolivia,BOL,2018,-9.1704,17.824,3.06,0.35,26.81,26.99,13.13,54.39,2
Poland,POL,2018,-0.6359,15.382,4.62,1.73,12.33,6.52,7.43,38.7,5
Portugal,PRT,2018,18.1054,0.5941,5.28,3.07,9.09,7.91,7.01,13.55,0
Qatar,QAT,2018,9.5488,12.1809,0.9,0.15,5.46,2.76,8.39,7.03,0
Republic of Congo,COG,2018,3.0507,-0.9894,3.78,0.57,25.09,19.5,14.35,56.42,2
Republic of Korea,KOR,2018,-13.0785,18.9568,9.87,9.99,9.75,6.7,7.92,17.49,0
Republic of Moldova,MDA,2018,-1.3886,5.2964,1.05,0.1,11.11,10.96,2.82,44.37,5
Romania,ROU,2018,2.8133,10.3026,3.46,0.7,17.09,11.66,8.79,48.74,5
Russian Federation,RUS,2018,15.1549,-8.1771,26.72,28.52,25.04,11.1,39.28,36.03,4
Rwanda,RWA,2018,-3.8481,10.5655,2.08,0.16,27.08,34.43,11.75,49.09,2
Saint Kitts and Nevis,KNA,2018,-7.5186,-0.6122,2.59,0.53,12.68,8.05,8.73,28.98,0
Saint Lucia,LCA,2018,-6.2297,1.3667,2.67,0.46,15.49,8.05,10.3,44.85,5
Saint Vincent and the Grenadines,VCT,2018,-6.3099,0.8328,2.13,0.43,10.53,6.93,10.2,16.5,0
Samoa,WSM,2018,6.5304,17.49,3.42,0.82,14.27,20.44,2.55,55.73,5
San Marino,SMR,2018,-7.2537,8.4247,0.35,0.03,4.0,2.66,1.28,18.85,0
Sao Tome and Principe,STP,2018,9.8356,5.2526,0.48,0.02,11.65,9.88,3.05,52.42,5
Saudi Arabia,SAU,2018,-2.7543,6.8106,10.97,5.23,23.0,16.8,20.07,36.09,5
Senegal,SEN,2018,0.7178,-5.8161,5.05,1.05,24.26,23.01,13.14,47.21,2
Serbia,SRB,2018,1.902,7.2113,1.73,0.17,17.51,13.77,10.09,38.65,5
Seychelles,SYC,2018,-4.4611,5.3192,3.01,1.04,8.73,5.04,8.87,14.86,0
Sierra Leone,SLE,2018,2.3136,0.7455,5.79,1.09,30.77,32.87,13.16,67.32,2
Singapore,SGP,2018,-6.0547,17.2131,0.78,0.15,4.04,3.63,0.86,21.1,0
Slovakia,SVK,2018,2.7609,18.6092,1.0,0.1,10.05,11.57,2.32,37.84,5
Slovenia,SVN,2018,2.3308,18.1902,2.04,0.31,13.48,9.3,7.77,33.88,5
Solomon Islands,SLB,2018,-1.6159,19.3762,15.62,9.63,25.34,23.03,12.19,57.93,2
Somalia,SOM,2018,7.0244,15.6616,25.25,8.57,74.41,69.23,79.88,74.49,1
South Africa,ZAF,2018,-16.002,4.8294,8.74,3.12,24.46,21.91,12.05,55.44,2
South Sudan,SSD,2018,-10.0474,12.3004,4.3,0.25,74.08,70.66,68.67,83.79,1
Spain,ESP,2018,12.7434,3.2952,8.71,7.78,9.74,7.1,4.02,32.34,5
Sri Lanka,LKA,2018,-5.1436,0.337,5.3,1.6,17.54,34.54,12.34,12.66,0
Sudan,SDN,2018,-1.7903,-2.8301,10.12,1.66,61.74,58.62,63.5,63.22,1
Suriname,SUR,2018,1.5515,-2.2565,4.88,1.79,13.33,15.04,2.98,52.89,5
Sweden,SWE,2018,10.4683,-3.9881,2.7,1.05,6.92,7.09,1.79,26.07,0
Switzerland,CHE,2018,11.263,-11.9102,1.04,0.16,6.82,4.77,2.59,25.66,0
Syrian Arab Republic,SYR,2018,-3.0976,16.8896,12.09,2.54,57.59,52.11,57.07,64.22,1
Tajikistan,TJK,2018,1.1039,8.7074,2.46,0.24,25.28,27.0,12.16,49.22,2
Thailand,THA,2018,0.0007,19.7207,22.22,14.29,34.56,21.79,49.06,38.61,4
Timor-Leste,TLS,2018,0.0135,12.2303,7.45,2.9,19.16,9.92,12.78,55.49,5
Togo,TGO,2018,3.629,3.5179,1.31,0.07,24.52,19.22,13.13,58.44,2
Tonga,TON,2018,3.9578,-3.0703,4.16,1.33,13.01,16.02,11.41,12.06,0
Trinidad and Tobago,TTO,2018,3.7985,-5.5497,2.66,0.49,14.42,16.48,10.98,16.56,0
Tunisia,TUN,2018,-14.6191,1.3276,8.98,2.87,28.1,17.12,43.86,29.55,4
Turkey,TUR,2018,-3.4013,15.8092,15.27,8.93,26.1,11.36,42.42,36.91,4
Turkmenistan,TKM,2018,14.5827,8.5454,1.14,0.17,7.68,11.4,3.03,13.13,0
Tuvalu,TUV,2018,-13.8161,8.969,1.53,0.15,15.64,9.38,10.13,40.25,5
Uganda,UGA,2018,-3.8424,10.0753,2.9,0.23,36.64,67.95,12.21,59.31,2
Ukraine,UKR,2018,0.902,6.9469,3.65,0.48,27.77,18.75,22.8,50.12,2
United Arab Emirates,ARE,2018,9.223,11.6396,4.94,3.74,6.52,4.44,4.3,14.54,0
United Kingdom of Great Britain and Northern Ireland,GBR,2018,-1.9054,10.573,5.7,2.58,12.59,6.64,8.01,37.52,5
United Republic of Tanzania,TZA,2018,9.0383,1.1671,13.03,5.5,30.87,33.83,13.81,62.98,2
United States of America,USA,2018,14.0262,16.8919,24.27,39.57,14.88,11.34,8.71,33.33,6
Uruguay,URY,2018,10.8819,20.4084,5.24,1.53,17.95,14.63,8.95,44.2,5
Uzbekistan,UZB,2018,15.0591,8.4997,1.36,0.18,10.29,12.0,3.01,30.14,5
Vanuatu,VUT,2018,15.361,11.2102,11.58,5.78,23.22,18.65,12.51,53.63,2
Viet Nam,VNM,2018,-9.697,8.6144,25.15,26.74,23.66,20.93,13.02,48.58,6
Yemen,YEM,2018,-3.0831,-4.826,24.67,9.12,66.76,61.27,68.02,71.38,1
Zambia,ZMB,2018,4.7166,21.8298,2.73,0.28,26.67,25.72,11.65,63.28,2
Zimbabwe,ZWE,2018,-10.9445,4.9109,2.52,0.2,31.71,31.5,15.24,66.42,2
Afghanistan,AFG,2019,-12.8746,15.3742,4.09,0.25,66.94,58.04,77.15,66.99,4
Albania,ALB,2019,-14.8487,0.7941,5.5,2.29,13.21,12.17,11.45,16.53,3
Algeria,DZA,2019,-6.7738,6.2906,9.63,2.62,35.38,18.4,51.25,46.96,5
Andorra,AND,2019,5.8235,-14.2985,0.24,0.02,2.91,2.63,1.83,5.1,3
Angola,AGO,2019,0.8099,-3.8956,10.98,2.37,50.83,33.22,56.9,69.47,1
Antigua and Barbuda,ATG,2019,-7.3245,-0.0748,3.82,1.2,12.15,5.12,9.22,38.03,3
Argentina,ARG,2019,-18.739,9.4127,15.82,11.56,21.65,19.45,10.89,47.9,0
Armenia,ARM,2019,0.755,7.0315,2.4,0.23,24.96,8.85,41.41,42.44,5
Australia,AUS,2019,-6.2478,24.1709,20.93,31.27,14.01,6.94,14.17,27.97,2
Austria,AUT,2019,-17.122,0.7375,1.19,0.17,8.4,5.94,3.15,31.65,3
Azerbaijan,AZE,2019,0.7925,7.3059,2.04,0.23,18.11,11.25,11.86,44.52,0
Bahamas,BHS,2019,-5.8037,11.4289,5.35,1.52,18.85,15.58,9.92,43.35,0
Bahrain,BHR,2019,11.813,15.9069,0.85,0.14,5.13,5.74,2.7,8.73,3
Bangladesh,BGD,2019,11.133,-6.6166,28.15,16.56,47.86,37.44,58.35,50.17,1
Barbados,BRB,2019,-7.3492,0.4742,2.19,0.48,9.95,9.39,2.4,43.74,3
Belarus,BLR,2019,0.619,4.0761,0.77,0.05,11.94,8.04,5.77,36.7,3
Belgium,BEL,2019,5.6234,-9.0365,4.47,1.84,10.86,6.02,7.7,27.61,3
Belize,BLZ,2019,-2.4347,1.7875,7.38,3.01,18.07,16.06,11.87,30.95,3
Benin,BEN,2019,3.5154,4.0726,1.3,0.09,18.7,31.0,3.58,58.94,0
Bhutan,BTN,2019,-8.9425,4.6734,1.03,0.1,10.7,10.73,2.6,43.93,3
Bolivarian Republic of Venezuela,VEN,2019,9.0834,-1.1751,22.62,19.46,26.3,22.07,13.13,62.75,0
Bosnia and Herzegovina,BIH,2019,-0.6774,5.9574,2.51,0.34,18.6,14.88,9.51,45.48,0
Botswana,BWA,2019,2.9899,12.8862,1.34,0.09,19.97,16.16,10.16,48.53,0
Brazil,BRA,2019,-18.8253,-4.2878,12.33,6.38,23.84,21.37,12.12,52.29,0
Brunei Darussalam,BRN,2019,-3.0865,13.1038,1.35,0.33,5.52,7.83,2.34,9.2,3
Bulgaria,BGR,2019,0.0714,5.079,2.22,0.3,16.47,13.28,7.94,42.39,0
Burkina Faso,BFA,2019,4.129,2.2181,1.88,0.07,50.29,36.21,54.72,64.19,1
Burundi,BDI,2019,-4.9883,14.9022,2.96,0.16,54.91,47.35,59.66,58.62,1
Cambodia,KHM,2019,10.1792,7.4962,8.45,2.47,28.92,29.74,14.45,56.29,0
Cameroon,CMR,2019,0.4312,-2.3953,11.18,2.08,60.14,58.81,57.87,63.92,4
Canada,CAN,2019,9.1255,15.6538,19.13,25.89,14.14,10.17,7.74,35.92,2
Cape Verde,CPV,2019,6.3171,-1.5512,1.17,0.07,19.5,15.21,10.94,44.56,0
Central African Republic,CAF,2019,7.4368,6.7813,3.39,0.16,71.87,75.93,63.22,77.33,4
Chad,TCD,2019,7.0716,6.0389,2.9,0.12,70.07,69.41,69.94,70.88,4
Chile,CHL,2019,-1.9934,-14.6171,14.35,12.89,15.98,10.23,10.47,38.08,2
China,CHN,2019,20.0076,3.7239,34.34,64.58,18.26,15.37,23.24,17.05,2
Colombia,COL,2019,-4.0671,-12.4278,38.66,31.5,47.45,47.57,49.33,45.54,6
Comoros,COM,2019,6.4483,-5.5447,2.86,0.33,24.76,18.25,14.53,57.24,0
Costa Rica,CRI,2019,-8.8988,-12.4683,14.33,9.84,20.88,22.87,10.69,37.22,2
Cote d'Ivoire,CIV,2019,3.737,3.1465,1.95,0.13,29.14,32.49,12.91,58.98,0
Croatia,HRV,2019,-0.4227,14.9642,4.37,1.57,12.19,6.68,8.33,32.57,3
Cuba,CUB,2019,-12.3352,-0.7226,7.61,4.57,12.66,15.08,10.79,12.47,3
Cyprus,CYP,2019,-15.3781,-8.8984,2.75,1.02,7.43,5.38,2.42,31.46,3
Czech Republic,CZE,2019,2.4831,18.3583,0.87,0.1,7.59,5.67,2.1,36.72,3
Democratic People's Republic of Korea,PRK,2019,-12.8659,-11.3148,12.14,7.23,20.39,14.57,14.05,41.39,0
Democratic Republic of Congo,COD,2019,5.7379,4.982,9.72,1.38,68.44,69.23,66.86,69.25,4
Denmark,DNK,2019,-2.6399,-7.1103,0.95,0.18,5.05,2.73,1.66,28.5,3
Djibouti,DJI,2019,8.7075,2.1662,11.29,4.28,29.76,32.42,14.16,57.4,0
Dominica,DMA,2019,-6.4576,1.1818,3.06,0.79,11.83,8.69,11.11,17.17,3
Dominican Republic,DOM,2019,-2.7133,2.1348,13.44,7.03,25.7,27.31,13.29,46.77,0
Ecuador,ECU,2019,9.5956,-1.6455,23.2,14.53,37.03,26.32,47.24,40.84,5
Egypt,EGY,2019,-20.0938,4.5793,19.17,10.74,34.2,16.14,46.99,52.74,5
El Salvador,SLV,2019,15.6987,3.6596,12.0,7.31,19.69,47.25,12.52,12.9,2
Equatorial Guinea,GNQ,2019,-10.2405,7.1127,3.32,0.85,12.99,10.87,3.59,56.11,0
Eritrea,ERI,2019,7.5382,2.5193,7.55,2.28,25.02,18.82,14.63,56.9,0
Estonia,EST,2019,6.7916,9.662,1.85,0.44,7.74,6.64,2.03,34.41,3
Eswatini,SWZ,2019,-6.5201,-4.9482,1.81,0.14,23.51,17.85,13.47,54.03,0
Ethiopia,ETH,2019,2.5845,-4.9334,4.82,0.36,64.43,64.09,58.83,70.94,4
Federated States of Micronesia,FSM,2019,0.6009,-12.0069,4.54,1.12,18.4,10.04,12.31,50.41,0
Fiji,FJI,2019,3.4393,-3.2672,7.79,2.79,21.76,20.61,11.28,44.32,0
Finland,FIN,2019,-15.04,-5.5845,1.39,0.49,3.95,4.45,0.54,25.64,3
France,FRA,2019,-1.8451,10.2224,7.37,2.7,20.12,8.32,28.47,34.37,5
Gabon,GAB,2019,-4.9602,8.0657,4.59,1.49,14.17,16.33,3.31,52.63,0
Gambia,GMB,2019,0.6572,-6.6553,4.5,0.67,30.2,31.98,13.09,65.78,0
Georgia,GEO,2019,1.9539,8.3763,3.2,0.73,14.06,11.41,5.97,40.79,3
Germany,DEU,2019,-16.4977,20.4207,4.1,1.99,8.44,5.29,3.25,34.93,3
Ghana,GHA,2019,2.3313,2.1562,3.36,0.34,33.13,52.11,12.53,55.68,0
Greece,GRC,2019,12.7058,4.6777,8.51,8.27,8.75,8.78,8.36,9.14,3
Grenada,GRD,2019,-5.8089,1.3162,1.86,0.31,11.22,14.3,2.67,36.97,3
Guatemala,GTM,2019,16.4364,4.2588,11.25,4.3,29.42,30.32,14.17,59.26,0
Guinea,GIN,2019,-0.1861,13.5717,6.57,1.47,29.35,24.08,14.02,74.86,0
Guinea-Bissau,GNB,2019,1.8039,0.8284,4.38,0.67,28.58,32.93,13.75,51.56,0
Guyana,GUY,2019,15.3498,-0.4924,6.72,2.63,17.15,13.81,12.68,28.8,3
Haiti,HTI,2019,5.1486,9.9406,9.95,2.78,35.59,42.0,15.26,70.31,0
Honduras,HND,2019,-7.7995,10.7196,15.04,8.84,25.58,21.7,13.51,57.11,0
Hungary,HUN,2019,-0.8238,1.0818,0.98,0.11,8.74,6.86,9.47,10.28,3
Iceland,ISL,2019,9.5763,9.5461,1.6,0.67,3.83,2.88,0.98,19.86,3
India,IND,2019,7.7535,-8.4374,42.37,35.99,49.88,38.48,56.79,56.8,6
Indonesia,IDN,2019,-9.3883,19.8313,43.62,39.88,47.72,42.99,50.34,50.22,6
Iran (Islamic Republic of),IRN,2019,-8.1616,-6.9947,17.49,12.48,24.51,21.33,55.88,12.35,5
Iraq,IRQ,2019,-2.7055,17.1217,9.14,1.72,48.57,46.94,60.95,40.05,1
Ireland,IRL,2019,7.6161,-3.8656,3.02,1.45,6.27,4.54,6.65,8.17,3
Israel,ISR,2019,6.7944,12.1886,4.69,0.88,25.04,14.79,34.56,30.73,5
Italy,ITA,2019,11.9002,-9.3152,11.01,8.7,13.94,9.63,8.45,33.26,3
Jamaica,JAM,2019,5.8553,-0.3606,4.68,1.11,19.77,14.23,11.54,47.08,0
Japan,JPN,2019,17.9545,13.1441,23.44,43.73,12.56,9.89,7.31,27.4,2
Jordan,JOR,2019,14.7976,14.5772,3.76,0.57,24.85,17.07,19.94,45.11,0
Kazakhstan,KAZ,2019,2.7138,9.5666,1.93,0.25,14.93,8.77,9.71,39.08,3
Kenya,KEN,2019,8.4323,1.2984,13.26,3.27,53.81,43.91,57.91,61.29,1
Kiribati,KIR,2019,-13.8555,6.9247,3.42,0.69,16.92,10.06,10.33,46.6,0
Kuwait,KWT,2019,-6.5341,20.8822,2.72,1.05,7.06,4.47,2.5,31.51,3
Kyrgyzstan,KGZ,2019,1.0486,8.6176,2.24,0.22,22.86,24.54,11.29,43.12,0
Lao People's Democratic Republic,LAO,2019,-10.5942,14.0536,3.04,0.38,24.26,17.47,13.99,58.43,0
Latvia,LVA,2019,-6.0892,13.9478,2.23,0.79,6.32,7.38,2.38,14.4,3
Lebanon,LBN,2019,-4.8677,1.886,3.95,0.38,41.04,25.81,53.87,49.73,1
Lesotho,LSO,2019,-10.3512,5.0806,1.33,0.07,25.43,18.1,13.98,65.01,0
Liberia,LBR,2019,10.123,17.5667,4.15,0.55,31.25,33.76,12.89,70.13,0
Libyan Arab Jamahiriya,LBY,2019,-3.489,7.2134,15.37,4.93,47.92,40.65,53.8,50.31,1
Liechtenstein,LIE,2019,14.1638,22.0333,0.79,0.09,6.86,6.28,1.71,30.03,3
Lithuania,LTU,2019,0.7274,15.1218,2.29,0.64,8.21,7.07,2.14,36.6,3
Luxembourg,LUX,2019,17.0505,-4.9713,0.68,0.06,7.63,7.04,5.88,10.74,3
Madagascar,MDG,2019,-11.839,-3.4252,23.67,18.34,30.54,25.47,15.45,72.35,0
Malawi,MWI,2019,-4.3203,10.1269,3.36,0.35,32.35,34.49,15.13,64.88,0
Malaysia,MYS,2019,18.6266,9.8112,14.33,8.62,23.81,19.11,19.61,36.02,2
Maldives,MDV,2019,-5.7594,0.0646,1.18,0.11,12.73,9.35,9.9,22.29,3
Mali,MLI,2019,4.4065,1.9299,2.25,0.08,63.55,61.36,58.62,71.37,4
Malta,MLT,2019,-14.3604,-9.2057,1.05,0.15,7.32,5.77,2.18,31.22,3
Marshall Islands,MHL,2019,-13.6813,7.1353,2.53,0.5,12.79,17.21,11.1,10.95,3
Mauritania,MRT,2019,1.0937,-4.7946,9.36,2.91,30.12,29.9,14.99,60.99,0
Mauritius,MUS,2019,8.026,22.0325,3.27,0.73,14.66,13.63,9.91,23.33,3
Mexico,MEX,2019,18.7011,-1.4233,39.05,50.12,30.43,44.01,12.6,50.82,6
Monaco,MCO,2019,12.1692,13.25,0.19,0.02,1.79,1.7,0.64,5.23,3
Mongolia,MNG,2019,-6.3215,4.2777,1.98,0.21,18.7,13.88,11.5,40.96,0
Montenegro,MNE,2019,-0.0013,22.0128,3.44,0.83,14.24,10.09,8.16,35.1,3
Morocco,MAR,2019,16.148,5.5217,9.97,7.64,13.0,18.21,12.82,9.41,3
Mozambique,MOZ,2019,9.9763,1.3539,34.19,18.09,64.63,66.71,61.92,65.36,4
Myanmar,MMR,2019,-4.4043,-7.879,35.8,22.49,56.99,51.76,60.12,59.47,6
Namibia,NAM,2019,-16.8235,11.9104,5.76,1.32,25.16,22.72,12.22,57.35,0
Nauru,NRU,2019,-13.1401,10.0807,1.09,0.11,10.85,11.36,2.82,39.91,3
Nepal,NPL,2019,-8.0806,-3.6198,2.68,0.25,28.72,29.1,14.4,56.54,0
Netherlands,NLD,2019,-10.4751,-5.6567,3.77,2.2,6.47,4.3,1.84,34.31,3
New Zealand,NZL,2019,-1.645,26.2744,12.86,18.02,9.18,6.73,3.36,34.25,2
Nicaragua,NIC,2019,-7.9261,11.1172,19.2,18.61,19.8,27.25,13.53,21.04,2
Niger,NER,2019,4.9208,1.6943,2.18,0.07,67.77,67.02,67.21,69.1,4
Nigeria,NGA,2019,3.2881,1.5569,9.29,1.32,65.36,58.74,65.27,72.82,4
North Macedonia,MKD,2019,-0.0503,6.1013,1.26,0.1,15.98,9.53,10.45,40.97,3
Norway,NOR,2019,11.5304,-3.6946,2.66,1.06,6.69,4.56,2.54,25.9,3
Oman,OMN,2019,-9.5922,-9.272,6.67,6.69,6.66,12.81,9.27,2.49,3
Pakistan,PAK,2019,10.2785,-6.6778,27.98,13.1,59.76,53.3,61.67,64.92,4
Palau,PLW,2019,4.8038,14.1863,1.93,0.36,10.32,6.6,9.7,17.18,3
Panama,PAN,2019,6.2437,-11.9229,17.96,15.88,20.31,20.85,10.7,37.58,2
Papua New Guinea,PNG,2019,-5.1892,6.8702,27.28,18.88,39.41,58.23,15.25,68.95,6
Paraguay,PRY,2019,5.4423,-3.6648,1.9,0.14,25.78,26.41,13.12,49.47,0
Peru,PER,2019,-12.8592,13.2517,21.73,16.65,28.36,36.44,12.46,50.24,0
Philippines,PHL,2019,20.6138,7.7094,47.13,40.08,55.41,51.52,58.42,56.51,6
Plurinational State of Bolivia,BOL,2019,-9.1581,17.8033,3.28,0.35,30.76,38.7,13.65,55.07,0
Poland,POL,2019,-0.6517,15.3507,4.85,1.73,13.57,8.21,7.55,40.3,3
Portugal,PRT,2019,18.1083,0.5912,5.4,3.07,9.51,10.32,7.15,11.65,3
Qatar,QAT,2019,9.5246,12.1658,1.06,0.15,7.51,2.77,8.36,18.26,3
Republic of Congo,COG,2019,3.5834,-0.5749,5.42,0.57,51.46,46.41,56.66,51.81,1
Republic of Korea,KOR,2019,-13.0522,18.9456,10.9,9.98,11.9,8.82,8.11,23.58,3
Republic of Moldova,MDA,2019,-1.3839,5.3019,1.27,0.1,16.16,9.07,10.06,46.24,0
Romania,ROU,2019,2.8215,10.3235,3.19,0.7,14.57,7.42,8.68,48.03,0
Russian Federation,RUS,2019,15.1711,-8.1932,28.99,28.46,29.53,17.46,39.03,37.78,5
Rwanda,RWA,2019,-3.7236,10.7237,2.62,0.16,43.02,33.5,46.46,51.17,1
Saint Kitts and Nevis,KNA,2019,-7.5578,-0.6553,2.57,0.53,12.42,8.17,8.9,26.33,3
Saint Lucia,LCA,2019,-6.2715,1.4273,2.79,0.46,16.94,11.27,10.47,41.18,3
Saint Vincent and the Grenadines,VCT,2019,-6.2848,0.8288,2.51,0.43,14.68,20.0,10.15,15.57,3
Samoa,WSM,2019,6.5553,17.5142,2.96,0.81,10.81,9.61,2.52,52.21,0
San Marino,SMR,2019,-7.255,8.426,0.34,0.03,3.9,2.7,1.28,17.11,3
Sao Tome and Principe,STP,2019,9.8322,5.2495,0.48,0.02,11.66,9.88,3.04,52.81,0
Saudi Arabia,SAU,2019,-2.779,6.8321,10.63,5.24,21.57,13.03,20.48,37.6,0
Senegal,SEN,2019,0.7131,-5.7883,5.37,1.05,27.46,30.95,12.82,52.2,0
Serbia,SRB,2019,1.8953,7.2035,1.71,0.17,17.22,13.86,9.69,38.02,3
Seychelles,SYC,2019,-4.4789,5.3342,2.17,1.03,4.57,4.19,2.39,9.53,3
Sierra Leone,SLE,2019,2.3758,2.118,6.36,1.1,36.78,57.25,13.31,65.27,0
Singapore,SGP,2019,-6.0583,17.2156,0.81,0.15,4.35,3.92,0.88,23.82,3
Slovakia,SVK,2019,2.7436,18.5948,0.88,0.1,7.78,5.36,2.35,37.38,3
Slovenia,SVN,2019,2.3527,18.2245,1.5,0.31,7.28,5.67,2.0,33.97,3
Solomon Islands,SLB,2019,-1.6145,19.378,13.96,9.62,20.27,13.32,11.9,52.57,0
Somalia,SOM,2019,7.0459,15.6826,25.23,8.58,74.21,68.0,80.59,74.58,4
South Africa,ZAF,2019,-15.9642,4.8683,9.58,3.13,29.34,37.86,12.16,54.87,0
South Sudan,SSD,2019,-10.048,12.3014,4.32,0.25,74.59,73.82,67.86,82.85,4
Spain,ESP,2019,12.5881,3.3891,9.58,7.78,11.8,6.88,7.45,32.04,3
Sri Lanka,LKA,2019,-5.1478,0.34,5.47,1.6,18.7,42.45,12.18,12.64,3
Sudan,SDN,2019,-1.7764,-2.8436,10.14,1.66,61.88,59.2,63.82,62.73,4
Suriname,SUR,2019,1.5767,-2.2354,4.89,1.78,13.45,15.56,2.97,52.7,0
Sweden,SWE,2019,10.4759,-3.9885,2.7,1.05,6.92,7.18,1.79,25.73,3
Switzerland,CHE,2019,11.2635,-11.9108,1.03,0.16,6.69,4.7,2.66,23.95,3
Syrian Arab Republic,SYR,2019,-3.1068,16.885,12.33,2.53,60.09,52.08,66.26,62.89,4
Tajikistan,TJK,2019,1.0919,8.7312,2.42,0.23,25.55,27.16,11.97,51.32,0
Thailand,THA,2019,0.0301,19.7508,21.64,14.29,32.78,18.78,48.58,38.6,5
Timor-Leste,TLS,2019,0.0113,12.2327,7.35,2.92,18.48,9.9,12.71,50.19,0
Togo,TGO,2019,3.6279,3.5181,1.31,0.07,24.43,19.29,13.06,57.9,0
Tonga,TON,2019,3.9963,-3.0212,3.76,1.33,10.64,9.09,11.22,11.8,3
Trinidad and Tobago,TTO,2019,3.8021,-5.5514,2.98,0.49,18.07,12.38,11.14,42.77,0
Tunisia,TUN,2019,-14.5982,1.382,8.85,2.87,27.3,10.9,43.75,42.65,5
Turkey,TUR,2019,-3.4187,15.7689,14.1,8.93,22.26,14.85,44.43,16.72,5
Turkmenistan,TKM,2019,14.5655,8.5267,1.18,0.17,8.17,13.76,3.05,13.0,3
Tuvalu,TUV,2019,-13.7997,8.9554,1.54,0.15,15.82,9.42,10.29,40.85,3
Uganda,UGA,2019,-3.8455,10.0872,2.94,0.23,37.55,66.54,13.59,58.54,0
Ukraine,UKR,2019,0.9218,6.9325,3.5,0.48,25.59,15.1,22.19,50.04,0
United Arab Emirates,ARE,2019,9.1774,11.5911,5.53,3.76,8.14,5.69,4.32,21.98,3
United Kingdom of Great Britain and Northern Ireland,GBR,2019,-1.8831,10.5375,6.67,2.58,17.22,8.88,15.36,37.43,3
United Republic of Tanzania,TZA,2019,9.0442,1.1653,13.04,5.5,30.94,33.44,14.24,62.2,0
United States of America,USA,2019,14.0219,16.8841,24.26,39.57,14.87,11.32,8.87,32.74,2
Uruguay,URY,2019,10.8998,20.3908,4.93,1.54,15.79,15.56,9.03,28.04,3
Uzbekistan,UZB,2019,15.0927,8.4788,1.33,0.18,9.78,10.02,3.01,31.05,3
Vanuatu,VUT,2019,15.3608,11.2111,11.57,5.8,23.08,18.32,12.37,54.26,0
Viet Nam,VNM,2019,-9.6656,8.6448,25.83,26.76,24.93,25.17,13.13,46.88,2
Yemen,YEM,2019,-3.0834,-4.8264,24.78,9.16,67.03,61.97,69.53,69.89,4
Zambia,ZMB,2019,4.7107,21.8245,2.93,0.28,30.76,33.9,13.38,64.18,0
Zimbabwe,ZWE,2019,-10.9631,4.8979,2.57,0.2,33.08,33.4,15.57,69.63,0
Afghanistan,AFG,2020,-12.8676,15.3645,4.1,0.25,67.2,55.88,79.12,68.65,1
Albania,ALB,2020,-14.8704,0.7678,5.71,2.29,14.25,6.8,11.46,37.15,0
Algeria,DZA,2020,-6.7761,6.2878,9.61,2.62,35.22,18.53,50.02,47.15,6
Andorra,AND,2020,5.8086,-14.2836,0.24,0.02,2.78,2.65,1.81,4.49,4
Angola,AGO,2020,0.7994,-3.8805,11.01,2.37,51.16,33.44,58.45,68.49,1
Antigua and Barbuda,ATG,2020,-7.3203,-0.0949,3.7,1.2,11.41,4.31,9.52,36.25,0
Argentina,ARG,2020,-18.7518,9.4,15.68,11.54,21.3,18.67,10.84,47.75,2
Armenia,ARM,2020,0.7782,6.9905,2.64,0.23,30.37,15.62,41.56,43.16,6
Australia,AUS,2020,-6.2559,24.1793,20.67,31.21,13.69,6.79,13.94,27.11,3
Austria,AUT,2020,-17.1171,0.7329,1.15,0.17,7.8,4.67,3.24,31.38,0
Azerbaijan,AZE,2020,0.8554,7.2386,2.23,0.23,21.55,15.64,12.84,49.87,0
Bahamas,BHS,2020,-5.8056,11.4249,3.83,1.51,9.71,8.73,9.76,10.75,4
Bahrain,BHR,2020,11.8123,15.9054,0.97,0.14,6.69,5.69,2.68,19.63,4
Bangladesh,BGD,2020,11.1327,-6.612,27.95,16.57,47.16,37.07,58.36,48.48,5
Barbados,BRB,2020,-7.3686,0.4942,1.95,0.48,7.9,5.35,2.36,39.11,0
Belarus,BLR,2020,0.631,4.0678,0.78,0.05,12.21,8.04,6.12,37.01,0
Belgium,BEL,2020,5.6099,-9.045,4.22,1.84,9.68,4.7,7.68,25.12,4
Belize,BLZ,2020,-2.5747,1.962,7.67,2.5,23.53,27.59,12.13,38.93,2
Benin,BEN,2020,3.5088,4.098,1.61,0.09,28.8,30.67,12.28,63.45,2
Bhutan,BTN,2020,-8.9489,4.6805,1.08,0.1,11.64,13.69,2.61,44.11,0
Bolivarian Republic of Venezuela,VEN,2020,9.0528,-1.1468,23.57,19.52,28.45,28.59,12.82,62.8,2
Bosnia and Herzegovina,BIH,2020,-0.701,5.9318,2.57,0.34,19.48,14.72,10.54,47.67,0
Botswana,BWA,2020,3.03,12.927,1.46,0.09,23.62,26.62,10.51,47.13,2
Brazil,BRA,2020,-18.8259,-4.2886,12.67,6.37,25.22,25.65,12.2,51.25,2
Brunei Darussalam,BRN,2020,-3.0873,13.1048,1.37,0.33,5.69,7.8,2.26,10.46,4
Bulgaria,BGR,2020,0.0769,5.0722,2.16,0.3,15.57,11.04,8.22,41.62,0
Burkina Faso,BFA,2020,4.3157,2.0697,2.08,0.07,61.55,61.98,61.73,60.95,1
Burundi,BDI,2020,-4.97,14.8834,3.04,0.16,57.62,47.54,59.84,67.26,1
Cambodia,KHM,2020,10.1768,7.4973,8.44,2.47,28.86,29.43,14.44,56.57,2
Cameroon,CMR,2020,0.4188,-2.3843,11.17,2.08,60.0,59.55,57.58,62.98,1
Canada,CAN,2020,9.1281,15.6564,19.0,25.89,13.94,10.08,7.98,33.69,3
Cape Verde,CPV,2020,6.3032,-1.5346,1.28,0.07,23.3,26.1,11.0,44.06,2
Central African Republic,CAF,2020,7.4335,6.7967,3.33,0.16,69.29,73.31,63.06,71.96,1
Chad,TCD,2020,7.0738,6.0405,2.93,0.12,71.67,69.74,69.18,76.31,1
Chile,CHL,2020,-2.0144,-14.5962,13.74,12.86,14.68,8.46,9.28,40.31,0
China,CHN,2020,20.0243,3.7401,27.79,64.59,11.96,12.82,11.85,11.26,3
Colombia,COL,2020,-4.064,-12.4312,38.68,31.54,47.43,47.27,49.22,45.87,5
Comoros,COM,2020,6.4103,-5.5614,2.54,0.33,19.55,10.07,14.56,50.99,0
Costa Rica,CRI,2020,-8.8888,-12.4583,14.18,9.89,20.32,23.08,10.64,34.15,0
Cote d'Ivoire,CIV,2020,3.648,2.8064,2.16,0.13,35.75,54.94,13.09,63.54,2
Croatia,HRV,2020,-0.4778,15.0302,3.93,1.57,9.86,11.79,9.47,8.59,4
Cuba,CUB,2020,-12.3488,-0.7355,8.17,4.57,14.62,15.83,10.8,18.26,4
Cyprus,CYP,2020,-15.3764,-8.9008,2.77,1.02,7.51,5.37,2.47,31.99,0
Czech Republic,CZE,2020,2.466,18.3352,1.0,0.1,10.04,7.28,3.82,36.36,0
Democratic People's Republic of Korea,PRK,2020,-12.8527,-11.302,11.55,7.22,18.48,13.9,13.82,32.83,0
Democratic Republic of Congo,COD,2020,5.7411,4.9857,9.72,1.37,68.92,69.32,67.24,70.22,1
Denmark,DNK,2020,-2.6242,-7.0947,0.85,0.18,4.06,2.7,0.97,25.62,4
Djibouti,DJI,2020,8.7176,2.1688,10.62,4.25,26.56,23.12,14.3,56.69,2
Dominica,DMA,2020,-6.3835,1.3642,3.34,0.79,14.1,7.14,10.31,38.11,0
Dominican Republic,DOM,2020,-2.703,2.1257,13.2,7.05,24.73,22.72,13.09,50.85,2
Ecuador,ECU,2020,9.5826,-1.6329,23.43,14.57,37.67,26.51,46.24,43.61,6
Egypt,EGY,2020,-20.067,4.6059,20.8,10.74,40.27,27.23,47.76,50.23,6
El Salvador,SLV,2020,15.6988,3.6603,14.8,7.3,29.99,45.93,12.21,48.11,2
Equatorial Guinea,GNQ,2020,-10.2395,7.1142,3.35,0.86,13.04,10.71,3.56,58.21,0
Eritrea,ERI,2020,7.5323,2.5253,7.6,2.3,25.13,18.37,14.61,59.16,2
Estonia,EST,2020,6.7936,9.6599,1.71,0.43,6.82,5.61,1.93,29.33,4
Eswatini,SWZ,2020,-6.521,-4.9475,1.83,0.14,23.86,17.69,13.66,56.18,2
Ethiopia,ETH,2020,2.5589,-4.9264,4.78,0.36,63.44,63.55,57.92,69.37,1
Federated States of Micronesia,FSM,2020,0.6095,-12.0156,4.45,1.12,17.69,9.94,12.01,46.4,0
Fiji,FJI,2020,3.5168,-2.9734,6.86,2.79,16.87,20.85,11.73,19.63,4
Finland,FIN,2020,-15.038,-5.5827,1.36,0.49,3.78,4.38,0.53,23.23,4
France,FRA,2020,-1.8404,10.2026,7.31,2.7,19.79,8.54,29.37,30.89,0
Gabon,GAB,2020,-4.9661,8.0595,4.78,1.5,15.22,20.42,3.29,52.45,0
Gambia,GMB,2020,0.6618,-6.6451,4.47,0.67,29.79,32.5,12.81,63.5,2
Georgia,GEO,2020,1.9613,8.4016,3.62,0.73,17.96,14.72,9.04,43.54,0
Germany,DEU,2020,-16.4911,20.4141,4.0,1.99,8.03,5.1,3.3,30.79,4
Ghana,GHA,2020,0.4126,-7.0581,3.07,0.34,27.67,28.85,12.54,58.54,2
Greece,GRC,2020,12.7017,4.6738,8.62,8.25,9.0,8.85,8.41,9.81,4
Grenada,GRD,2020,-5.7705,1.3549,1.88,0.31,11.44,14.22,2.6,40.52,0
Guatemala,GTM,2020,16.428,4.2495,11.22,4.29,29.37,30.88,14.29,57.4,2
Guinea,GIN,2020,-0.1695,13.5606,6.89,1.47,32.26,31.79,14.21,74.35,2
Guinea-Bissau,GNB,2020,1.787,0.8045,4.13,0.67,25.47,19.47,13.81,61.43,2
Guyana,GUY,2020,15.3518,-0.4949,6.46,2.63,15.86,13.44,11.06,26.85,0
Haiti,HTI,2020,5.128,9.9188,9.97,2.78,35.76,42.99,15.26,69.7,2
Honduras,HND,2020,-7.7892,10.6534,16.06,8.82,29.23,29.99,14.41,57.78,2
Hungary,HUN,2020,-0.8386,1.0665,0.98,0.11,8.69,6.78,9.47,10.22,4
Iceland,ISL,2020,9.5658,9.5334,1.71,0.55,5.31,4.48,1.73,19.33,4
India,IND,2020,7.7827,-8.4082,42.01,35.99,49.04,37.59,54.51,57.55,5
Indonesia,IDN,2020,-9.3815,19.8425,41.71,39.89,43.61,33.63,49.89,49.45,5
Iran (Islamic Republic of),IRN,2020,-8.135,-7.0227,17.4,12.49,24.23,20.18,58.19,12.11,6
Iraq,IRQ,2020,-2.6868,17.0444,8.62,1.72,43.21,28.83,57.52,48.65,6
Ireland,IRL,2020,7.62,-3.8615,3.07,1.45,6.52,5.7,6.42,7.58,4
Israel,ISR,2020,6.7827,12.1768,4.69,0.88,24.96,15.03,35.67,29.01,6
Italy,ITA,2020,11.8828,-9.2951,10.29,8.69,12.18,7.39,8.4,29.1,0
Jamaica,JAM,2020,5.8461,-0.3568,4.66,1.1,19.76,14.03,11.6,47.38,0
Japan,JPN,2020,17.9405,13.1304,19.6,43.67,8.8,11.64,7.3,8.02,3
Jordan,JOR,2020,14.8001,14.5795,3.73,0.57,24.47,17.07,19.82,43.29,0
Kazakhstan,KAZ,2020,2.7238,9.6077,2.18,0.25,18.93,15.46,9.78,44.83,0
Kenya,KEN,2020,7.8489,0.9248,13.91,3.27,59.2,58.26,59.68,59.66,1
Kiribati,KIR,2020,-13.9308,6.839,2.79,0.69,11.28,9.92,2.82,51.28,0
Kuwait,KWT,2020,-6.538,20.8785,2.67,1.05,6.78,3.67,2.51,33.89,0
Kyrgyzstan,KGZ,2020,1.1457,8.7075,2.19,0.22,21.87,18.6,10.82,51.97,2
Lao People's Democratic Republic,LAO,2020,-10.6102,14.0355,3.01,0.38,23.91,16.74,13.87,58.85,2
Latvia,LVA,2020,-6.1132,13.9234,2.14,0.79,5.8,7.25,2.37,11.35,4
Lebanon,LBN,2020,-4.853,1.9021,3.58,0.38,33.8,14.85,46.83,55.53,6
Lesotho,LSO,2020,-10.3874,5.0935,1.33,0.07,25.36,18.26,14.13,63.21,2
Liberia,LBR,2020,10.1225,17.5657,4.11,0.54,31.34,34.5,12.92,69.04,2
Libyan Arab Jamahiriya,LBY,2020,-3.5022,7.199,13.88,4.94,39.01,23.28,54.38,46.9,6
Liechtenstein,LIE,2020,14.1774,22.0467,0.7,0.09,5.51,6.35,0.97,27.16,4
Lithuania,LTU,2020,0.718,15.1193,2.26,0.64,8.0,6.96,2.13,34.59,0
Luxembourg,LUX,2020,17.0799,-4.9404,0.52,0.06,4.47,5.35,6.03,2.76,4
Madagascar,MDG,2020,-11.8928,-3.4781,23.75,18.38,30.69,26.05,15.49,71.67,2
Malawi,MWI,2020,-4.3143,10.1311,3.29,0.35,30.95,33.63,13.89,63.47,2
Malaysia,MYS,2020,18.6308,9.8072,14.32,8.64,23.73,18.23,19.66,37.27,0
Maldives,MDV,2020,-5.792,0.0228,1.02,0.11,9.45,5.49,9.91,15.49,4
Mali,MLI,2020,4.4217,1.9556,2.27,0.08,64.22,61.13,70.04,61.86,1
Malta,MLT,2020,-14.3747,-9.1918,0.96,0.15,6.11,5.71,2.06,19.39,4
Marshall Islands,MHL,2020,-13.6689,7.169,2.27,0.5,10.27,9.81,2.73,40.46,0
Mauritania,MRT,2020,1.1053,-4.7828,9.34,2.91,29.97,28.88,15.4,60.5,2
Mauritius,MUS,2020,7.9901,21.9963,3.62,0.73,17.91,13.47,9.89,43.13,0
Mexico,MEX,2020,18.709,-1.4314,37.96,50.08,28.77,37.66,12.51,50.54,3
Monaco,MCO,2020,12.1444,13.2246,0.19,0.02,1.76,2.3,0.45,5.23,4
Mongolia,MNG,2020,-6.3733,4.2939,2.09,0.21,20.83,18.86,11.19,42.82,0
Montenegro,MNE,2020,-0.0032,22.0149,3.39,0.83,13.84,9.75,8.03,33.87,0
Morocco,MAR,2020,16.134,5.551,9.97,7.63,13.02,14.95,12.75,11.57,4
Mozambique,MOZ,2020,9.9845,1.3601,34.47,18.1,65.63,66.64,64.27,66.0,5
Myanmar,MMR,2020,-4.4184,-7.893,35.23,22.43,55.35,50.16,58.72,57.57,5
Namibia,NAM,2020,-16.815,11.902,5.9,1.32,26.37,29.42,11.98,52.04,2
Nauru,NRU,2020,-13.1366,10.0809,1.06,0.11,10.21,11.17,2.78,34.3,0
Nepal,NPL,2020,-8.0806,-3.6199,2.66,0.25,28.31,28.46,13.58,58.73,2
Netherlands,NLD,2020,-10.482,-5.6494,4.06,2.2,7.5,7.27,1.84,31.59,0
New Zealand,NZL,2020,-1.5816,26.2119,14.08,17.99,11.02,6.78,5.83,33.85,0
Nicaragua,NIC,2020,-7.8878,10.6997,23.55,18.71,29.65,38.55,13.84,48.87,2
Niger,NER,2020,4.9192,1.6942,2.18,0.07,68.17,67.64,68.09,68.8,1
Nigeria,NGA,2020,3.2659,1.5718,9.24,1.32,64.66,58.47,64.79,71.37,1
North Macedonia,MKD,2020,-0.0712,6.0881,1.28,0.1,16.31,9.65,9.96,45.11,0
Norway,NOR,2020,11.5582,-3.7217,2.79,1.06,7.32,3.5,4.54,24.66,4
Oman,OMN,2020,-9.6036,-9.2836,7.16,6.68,7.68,9.81,4.8,9.61,4
Pakistan,PAK,2020,10.5156,-6.5723,26.72,13.11,54.47,41.01,60.5,65.12,5
Palau,PLW,2020,4.8136,14.1763,1.56,0.36,6.76,6.53,2.48,19.09,4
Panama,PAN,2020,6.2925,-11.9709,18.73,15.89,22.08,21.44,10.75,46.7,2
Papua New Guinea,PNG,2020,12.6818,18.79,24.33,18.84,31.43,32.22,14.0,68.8,2
Paraguay,PRY,2020,5.4799,-3.6655,1.78,0.14,22.69,18.8,12.94,48.02,0
Peru,PER,2020,9.6129,-1.6623,26.09,16.65,40.89,27.83,48.18,50.99,6
Philippines,PHL,2020,20.6143,7.7079,46.89,39.99,54.97,50.68,58.14,56.36,5
Plurinational State of Bolivia,BOL,2020,-9.1333,17.7793,3.1,0.35,27.45,28.79,13.58,52.91,2
Poland,POL,2020,-0.6399,15.3492,4.86,1.73,13.68,8.29,7.63,40.43,0
Portugal,PRT,2020,18.1069,0.5926,5.13,3.07,8.56,7.85,7.18,11.12,4
Qatar,QAT,2020,9.5074,12.1533,1.26,0.15,10.59,4.18,8.18,34.74,0
Republic of Congo,COG,2020,3.5356,-0.5973,4.79,0.57,40.22,19.48,57.22,58.37,6
Republic of Korea,KOR,2020,-13.0662,18.9616,10.85,9.96,11.83,8.73,8.11,23.39,4
Republic of Moldova,MDA,2020,-1.3925,5.2988,1.27,0.1,16.09,9.05,9.89,46.57,0
Romania,ROU,2020,2.8213,10.326,3.18,0.71,14.27,7.37,8.62,45.72,0
Russian Federation,RUS,2020,15.1571,-8.1795,27.5,28.35,26.68,13.25,39.82,36.0,3
Rwanda,RWA,2020,-3.7282,10.713,2.68,0.16,44.88,32.64,46.2,59.93,6
Saint Kitts and Nevis,KNA,2020,-7.4932,-0.587,2.17,0.53,8.85,8.37,9.02,9.17,4
Saint Lucia,LCA,2020,-6.2571,1.4373,2.61,0.46,14.78,6.72,10.47,45.93,0
Saint Vincent and the Grenadines,VCT,2020,-6.3164,0.8478,2.25,0.43,11.73,11.16,9.76,14.82,4
Samoa,WSM,2020,6.5394,17.4991,3.07,0.81,11.6,12.97,2.54,47.36,0
San Marino,SMR,2020,-7.2229,8.3934,0.34,0.03,3.81,2.78,1.3,15.25,4
Sao Tome and Principe,STP,2020,9.8284,5.2443,0.48,0.02,11.52,9.75,3.05,51.43,0
Saudi Arabia,SAU,2020,-2.7661,6.8196,10.68,5.25,21.74,12.87,20.55,38.83,0
Senegal,SEN,2020,0.7132,-5.7837,5.43,1.05,28.13,30.35,13.03,56.31,2
Serbia,SRB,2020,1.9285,7.2264,1.74,0.17,17.91,14.66,9.7,40.38,0
Seychelles,SYC,2020,-4.4903,5.3434,2.48,1.03,5.98,4.11,2.43,21.38,4
Sierra Leone,SLE,2020,2.2879,0.6774,5.04,1.09,23.26,14.33,13.08,67.15,2
Singapore,SGP,2020,-6.0526,17.2099,0.75,0.15,3.77,3.21,0.85,19.7,4
Slovakia,SVK,2020,2.6947,18.5699,1.02,0.1,10.4,7.5,4.23,35.5,0
Slovenia,SVN,2020,2.3512,18.1647,1.45,0.31,6.81,5.62,2.06,27.3,4
Solomon Islands,SLB,2020,-1.6013,19.394,14.83,9.62,22.87,17.9,12.21,54.75,2
Somalia,SOM,2020,7.0352,15.6721,25.03,8.55,73.26,67.77,77.11,75.23,1
South Africa,ZAF,2020,-16.0038,4.8276,8.65,3.13,23.91,21.78,11.79,53.26,2
South Sudan,SSD,2020,-10.0459,12.2993,4.26,0.25,72.63,71.29,68.0,79.04,1
Spain,ESP,2020,12.6077,3.3716,9.41,7.77,11.4,6.79,7.55,28.91,0
Sri Lanka,LKA,2020,-5.1589,0.3375,6.11,1.6,23.33,23.18,12.07,45.4,2
Sudan,SDN,2020,-1.8065,-2.8135,10.13,1.65,62.22,58.64,62.62,65.59,1
Suriname,SUR,2020,1.552,-2.2117,4.95,1.78,13.75,15.28,2.97,57.31,0
Sweden,SWE,2020,10.4768,-3.9831,2.49,1.05,5.9,5.55,1.55,23.93,4
Switzerland,CHE,2020,11.2675,-11.9146,1.05,0.16,6.86,4.78,2.7,24.99,4
Syrian Arab Republic,SYR,2020,-3.1056,16.8914,12.41,2.53,60.9,51.39,67.39,65.23,1
Tajikistan,TJK,2020,1.0821,8.6981,2.4,0.23,24.98,26.87,11.7,49.59,2
Thailand,THA,2020,-0.0448,19.6751,21.0,14.32,30.79,15.52,49.09,38.33,6
Timor-Leste,TLS,2020,0.0323,12.2478,7.98,2.93,21.71,16.77,12.69,48.05,0
Togo,TGO,2020,3.6274,3.5492,1.33,0.07,25.11,18.95,13.74,60.79,2
Tonga,TON,2020,3.9673,-3.049,4.02,1.33,12.13,15.67,11.47,9.93,4
Trinidad and Tobago,TTO,2020,3.8013,-5.5517,2.94,0.49,17.65,12.28,11.36,39.4,0
Tunisia,TUN,2020,-14.6184,1.3292,9.97,2.88,34.54,21.31,44.12,43.83,6
Turkey,TUR,2020,-3.3945,15.7922,16.03,8.9,28.89,14.77,46.19,35.33,6
Turkmenistan,TKM,2020,14.5578,8.5308,1.26,0.17,9.31,9.34,3.06,28.21,4
Tuvalu,TUV,2020,-13.8133,8.9703,1.67,0.15,18.68,16.01,10.43,39.06,0
Uganda,UGA,2020,-3.875,10.1297,2.81,0.23,34.35,49.56,13.64,59.97,2
Ukraine,UKR,2020,0.858,6.9095,4.06,0.48,34.39,19.79,43.54,47.19,6
United Arab Emirates,ARE,2020,9.2237,11.6352,5.96,3.77,9.41,5.51,4.34,34.86,0
United Kingdom of Great Britain and Northern Ireland,GBR,2020,-1.8727,10.54,5.88,2.58,13.41,8.8,7.75,35.39,0
United Republic of Tanzania,TZA,2020,8.5805,1.3237,16.37,5.49,48.82,33.68,55.39,62.39,6
United States of America,USA,2020,13.9695,16.8514,23.27,39.59,13.68,8.61,9.15,32.49,3
Uruguay,URY,2020,10.8854,20.405,5.07,1.54,16.66,11.98,8.92,43.24,0
Uzbekistan,UZB,2020,15.0867,8.4775,1.82,0.18,18.33,17.53,11.22,31.31,0
Vanuatu,VUT,2020,15.3707,11.2003,11.68,5.8,23.54,19.02,12.28,55.83,2
Viet Nam,VNM,2020,-9.6676,8.6426,25.63,26.73,24.57,25.13,13.05,45.23,3
Yemen,YEM,2020,-3.0855,-4.8278,24.57,9.12,66.19,61.67,68.39,68.75,1
Zambia,ZMB,2020,4.718,21.8315,2.96,0.28,31.19,34.15,13.7,64.85,2
Zimbabwe,ZWE,2020,-10.9675,4.8928,2.56,0.2,32.71,32.09,15.58,70.03,2
Afghanistan,AFG,2021,-12.8651,15.3606,4.11,0.25,67.54,56.11,79.48,69.07,1
Albania,ALB,2021,-14.8644,0.7749,6.25,2.29,17.04,11.55,11.41,37.56,4
Algeria,DZA,2021,-6.7759,6.2882,9.73,2.62,36.17,18.42,50.38,50.98,0
Andorra,AND,2021,5.8235,-14.2986,0.26,0.02,3.35,2.65,1.78,7.96,2
Angola,AGO,2021,0.7995,-3.8811,11.07,2.37,51.67,33.72,58.65,69.77,1
Antigua and Barbuda,ATG,2021,-7.3185,-0.0846,3.84,1.2,12.27,5.03,9.64,38.14,5
Argentina,ARG,2021,-18.7562,9.3957,14.92,11.54,19.28,14.1,10.96,46.37,4
Armenia,ARM,2021,0.7554,7.0272,2.44,0.23,25.79,9.01,41.59,45.78,0
Australia,AUS,2021,-6.2916,24.2148,20.99,31.21,14.12,6.84,14.09,29.2,0
Austria,AUT,2021,-17.1173,0.7319,1.19,0.17,8.31,5.89,3.24,30.03,5
Azerbaijan,AZE,2021,0.8352,7.3041,2.03,0.23,17.84,8.93,12.63,50.31,4
Bahamas,BHS,2021,-5.7947,11.4458,4.84,1.51,15.52,8.69,9.79,43.98,4
Bahrain,BHR,2021,11.8014,15.8953,0.89,0.14,5.64,5.65,2.63,12.09,2
Bangladesh,BGD,2021,11.1282,-6.6081,27.73,16.57,46.41,34.81,58.42,49.17,6
Barbados,BRB,2021,-7.3666,0.4977,2.7,0.48,15.14,9.48,8.71,42.01,4
Belarus,BLR,2021,0.6319,4.0724,0.78,0.05,12.16,7.62,6.18,38.22,5
Belgium,BEL,2021,5.7173,-8.956,5.49,1.84,16.41,8.05,18.7,29.37,5
Belize,BLZ,2021,-2.5163,1.8668,7.3,2.5,21.31,15.78,12.29,49.89,4
Benin,BEN,2021,3.5186,4.0792,1.61,0.09,28.66,31.04,12.88,58.89,3
Bhutan,BTN,2021,-8.9335,4.6659,1.17,0.1,13.6,6.46,9.12,42.69,4
Bolivarian Republic of Venezuela,VEN,2021,9.0629,-1.1575,24.35,19.52,30.37,29.95,14.77,63.33,3
Bosnia and Herzegovina,BIH,2021,-0.7037,5.9238,2.6,0.34,19.93,14.21,11.62,47.94,4
Botswana,BWA,2021,2.9682,12.8633,1.35,0.09,20.28,15.78,10.39,50.86,4
Brazil,BRA,2021,-18.827,-4.2877,14.09,6.37,31.15,44.94,12.48,53.89,3
Brunei Darussalam,BRN,2021,-3.0888,13.1175,1.3,0.33,5.15,7.67,2.25,7.91,2
Bulgaria,BGR,2021,0.0718,5.0817,2.28,0.3,17.29,14.12,8.33,43.92,4
Burkina Faso,BFA,2021,4.1827,2.1314,1.91,0.07,52.07,35.83,62.1,63.45,1
Burundi,BDI,2021,-4.9906,14.9032,3.04,0.16,57.72,47.55,60.4,66.95,1
Cambodia,KHM,2021,10.1849,7.4913,8.37,2.47,28.39,29.62,13.82,55.92,3
Cameroon,CMR,2021,0.4486,-2.4123,11.04,2.08,58.57,56.67,58.13,60.98,1
Canada,CAN,2021,9.1433,15.6713,19.21,25.89,14.26,10.17,7.96,35.83,0
Cape Verde,CPV,2021,6.3183,-1.557,1.18,0.07,19.76,14.94,11.04,46.81,4
Central African Republic,CAF,2021,7.4362,6.7851,3.38,0.16,71.38,74.51,63.01,77.47,1
Chad,TCD,2021,7.0925,6.0562,2.86,0.12,68.2,68.29,70.01,66.36,1
Chile,CHL,2021,-2.0146,-14.5962,13.77,12.86,14.75,8.41,9.41,40.59,4
China,CHN,2021,20.0304,3.7464,27.17,64.59,11.43,12.64,11.54,10.23,0
Colombia,COL,2021,-4.0837,-12.4111,37.52,31.54,44.63,38.42,50.01,46.26,6
Comoros,COM,2021,6.39,-5.5553,2.11,0.33,13.5,12.49,14.71,13.38,2
Costa Rica,CRI,2021,-8.8953,-12.4649,13.98,9.89,19.77,18.76,10.97,37.52,4
Cote d'Ivoire,CIV,2021,3.7383,3.169,1.81,0.13,25.09,18.51,13.01,65.57,3
Croatia,HRV,2021,-0.4315,14.9622,4.55,1.57,13.18,6.52,9.55,36.8,5
Cuba,CUB,2021,-12.3579,-0.745,7.9,4.57,13.66,13.26,10.7,17.95,2
Cyprus,CYP,2021,-15.3941,-8.9145,3.52,1.02,12.14,6.99,7.77,32.97,5
Czech Republic,CZE,2021,2.4369,18.3306,1.18,0.1,13.88,9.91,7.03,38.39,5
Democratic People's Republic of Korea,PRK,2021,-12.8153,-11.2619,13.42,7.22,24.94,17.85,13.92,62.45,3
Democratic Republic of Congo,COD,2021,5.7497,4.9961,9.71,1.37,68.77,69.81,67.42,69.1,1
Denmark,DNK,2021,-2.6087,-7.0785,0.86,0.18,4.14,2.74,0.91,28.48,5
Djibouti,DJI,2021,8.7171,2.1686,10.11,4.25,24.07,17.94,14.47,53.74,4
Dominica,DMA,2021,-6.3261,1.395,3.38,0.79,14.5,7.17,10.4,40.91,4
Dominican Republic,DOM,2021,-2.7315,2.1562,13.38,7.05,25.39,27.52,11.53,51.61,3
Ecuador,ECU,2021,9.5844,-1.6347,22.43,14.57,34.52,21.98,44.68,41.9,0
Egypt,EGY,2021,-20.0987,4.5746,18.83,10.74,33.01,16.01,46.59,48.21,0
El Salvador,SLV,2021,15.7169,3.6769,14.98,7.3,30.75,43.88,12.17,54.46,3
Equatorial Guinea,GNQ,2021,-10.2806,7.0747,3.2,0.86,11.9,10.66,3.56,44.38,4
Eritrea,ERI,2021,7.5195,2.5375,7.58,2.3,24.97,18.3,14.57,58.39,3
Estonia,EST,2021,6.7996,9.6543,1.76,0.43,7.18,5.58,1.93,34.43,5
Eswatini,SWZ,2021,-6.5201,-4.9482,1.98,0.14,28.1,29.31,13.4,56.47,3
Ethiopia,ETH,2021,2.5605,-4.9238,4.85,0.36,65.28,63.72,61.42,71.09,1
Federated States of Micronesia,FSM,2021,0.6113,-12.0175,4.42,1.12,17.44,9.92,11.07,48.28,4
Fiji,FJI,2021,3.5142,-2.9742,6.65,2.79,15.87,21.01,11.54,16.48,2
Finland,FIN,2021,-15.0235,-5.571,1.48,0.49,4.47,4.21,0.81,26.11,5
France,FRA,2021,-1.8417,10.2155,7.41,2.7,20.36,8.48,29.23,34.05,4
Gabon,GAB,2021,-4.9596,8.065,4.52,1.5,13.6,15.81,3.29,48.35,4
Gambia,GMB,2021,2.372,2.1822,4.87,0.67,35.43,55.15,12.8,63.01,3
Georgia,GEO,2021,1.939,8.4125,3.67,0.73,18.5,14.48,9.28,47.1,4
Germany,DEU,2021,-16.4613,20.3841,4.33,1.99,9.44,6.84,3.41,36.03,5
Ghana,GHA,2021,0.3957,-7.0755,3.03,0.34,26.98,29.39,12.66,52.76,3
Greece,GRC,2021,12.7084,4.6828,8.54,8.25,8.85,9.16,8.54,8.85,2
Grenada,GRD,2021,-5.7848,1.3593,1.89,0.31,11.51,14.2,2.58,41.6,4
Guatemala,GTM,2021,16.4225,4.2428,11.75,4.29,32.2,39.36,14.51,58.44,3
Guinea,GIN,2021,-0.1696,13.5617,6.94,1.47,32.75,31.96,14.66,74.98,3
Guinea-Bissau,GNB,2021,1.8046,0.7949,4.17,0.67,26.0,19.29,13.59,67.06,3
Guyana,GUY,2021,15.3759,-0.5175,7.49,2.63,21.34,18.8,11.94,43.27,4
Haiti,HTI,2021,5.1148,9.9054,9.99,2.78,35.91,44.87,14.8,69.74,3
Honduras,HND,2021,-7.7606,10.6975,16.68,8.82,31.54,37.11,14.58,58.0,3
Hungary,HUN,2021,-0.8235,1.082,0.95,0.11,8.13,5.4,9.57,10.39,2
Iceland,ISL,2021,9.5654,9.5331,1.82,0.55,6.02,6.28,1.69,20.51,2
India,IND,2021,7.764,-8.4277,41.93,35.99,48.85,37.45,55.06,56.55,6
Indonesia,IDN,2021,-9.3819,19.8404,43.52,39.89,47.47,43.44,50.74,48.54,6
Iran (Islamic Republic of),IRN,2021,-8.1573,-6.9994,19.92,12.49,31.77,20.29,58.89,26.83,0
Iraq,IRQ,2021,-2.6985,17.1458,9.49,1.72,52.41,37.45,67.25,57.15,1
Ireland,IRL,2021,7.6583,-3.8269,3.73,1.45,9.58,5.83,6.23,24.17,5
Israel,ISR,2021,6.7952,12.1903,4.16,0.88,19.68,14.87,16.56,30.93,4
Italy,ITA,2021,11.8852,-9.2979,10.57,8.69,12.86,7.37,8.18,35.24,5
Jamaica,JAM,2021,5.8453,-0.3488,4.49,1.1,18.36,11.68,10.44,50.75,4
Japan,JPN,2021,17.9409,13.1308,20.86,43.67,9.96,11.22,7.41,11.88,2
Jordan,JOR,2021,14.8055,14.5843,3.63,0.57,23.06,13.3,19.9,46.36,4
Kazakhstan,KAZ,2021,2.691,9.5484,2.05,0.25,16.88,11.11,10.28,42.11,4
Kenya,KEN,2021,7.8562,0.9305,13.81,3.27,58.31,56.92,58.6,59.43,1
Kiribati,KIR,2021,-13.9153,6.858,2.78,0.69,11.23,9.91,2.85,50.08,4
Kuwait,KWT,2021,-6.5261,20.8903,2.71,1.05,7.0,3.69,2.59,35.9,5
Kyrgyzstan,KGZ,2021,0.8928,8.5265,2.41,0.22,26.44,32.71,11.0,51.37,3
Lao People's Democratic Republic,LAO,2021,-10.6212,14.029,2.74,0.38,19.81,9.69,13.69,58.64,4
Latvia,LVA,2021,-6.0883,13.9468,2.59,0.79,8.52,7.32,2.29,36.95,5
Lebanon,LBN,2021,-4.8459,1.9048,4.03,0.38,42.65,28.15,47.73,57.73,1
Lesotho,LSO,2021,-10.4261,5.0647,1.46,0.07,30.32,31.05,14.07,63.83,3
Liberia,LBR,2021,10.1255,17.5726,3.01,0.54,16.83,20.26,3.5,67.23,3
Libyan Arab Jamahiriya,LBY,2021,-3.5087,7.1959,13.48,4.94,36.81,18.22,54.55,50.18,0
Liechtenstein,LIE,2021,14.164,22.0331,0.72,0.09,5.77,6.49,1.0,29.62,5
Lithuania,LTU,2021,0.726,15.1194,2.3,0.64,8.24,6.98,2.11,37.93,5
Luxembourg,LUX,2021,17.0807,-4.9399,0.68,0.06,7.74,7.08,6.11,10.7,2
Madagascar,MDG,2021,-11.8828,-3.4682,24.83,18.38,33.55,33.85,15.53,71.85,3
Malawi,MWI,2021,-4.1985,10.1645,3.15,0.35,28.36,25.0,13.87,65.81,3
Malaysia,MYS,2021,18.629,9.8093,14.73,8.64,25.11,19.82,20.31,39.31,0
Maldives,MDV,2021,-5.7929,0.045,1.15,0.11,12.03,5.65,9.92,31.04,5
Mali,MLI,2021,4.4563,1.911,2.31,0.08,66.61,60.74,70.77,68.74,1
Malta,MLT,2021,-14.3738,-9.1914,0.9,0.15,5.39,5.7,2.09,13.12,2
Marshall Islands,MHL,2021,-13.686,7.1461,2.28,0.5,10.44,9.65,2.71,43.49,4
Mauritania,MRT,2021,1.1396,-4.7468,8.54,2.91,25.07,16.77,15.24,61.63,3
Mauritius,MUS,2021,7.9779,21.9839,3.34,0.73,15.26,7.97,10.04,44.39,4
Mexico,MEX,2021,18.6717,-1.394,36.38,50.08,26.43,30.33,12.67,48.03,0
Monaco,MCO,2021,12.1648,13.2454,0.18,0.02,1.58,1.7,0.44,5.29,2
Mongolia,MNG,2021,-6.4141,4.33,2.05,0.21,20.04,15.83,11.1,45.83,4
Montenegro,MNE,2021,-0.0045,22.0166,3.49,0.83,14.7,9.68,8.06,40.71,4
Morocco,MAR,2021,16.1469,5.5329,9.94,7.63,12.94,14.76,12.6,11.65,2
Mozambique,MOZ,2021,9.982,1.3581,34.72,18.1,66.61,66.34,63.98,69.62,6
Myanmar,MMR,2021,-4.3958,-7.8703,36.25,22.43,58.6,53.63,59.52,63.04,6
Namibia,NAM,2021,-16.8329,11.9182,5.99,1.32,27.21,30.32,12.12,54.85,3
Nauru,NRU,2021,-13.1639,10.0569,1.06,0.11,10.14,11.16,2.8,33.36,5
Nepal,NPL,2021,-8.0807,-3.619,2.6,0.25,27.14,27.21,13.49,54.45,3
Netherlands,NLD,2021,-10.4578,-5.6737,4.51,2.2,9.23,7.61,3.22,32.09,5
New Zealand,NZL,2021,-1.5601,26.1912,14.48,17.99,11.65,6.95,6.16,36.95,5
Nicaragua,NIC,2021,-7.8297,10.7443,20.81,18.71,23.14,16.15,14.07,54.53,0
Niger,NER,2021,4.9184,1.6939,2.18,0.07,67.76,67.0,67.61,68.68,1
Nigeria,NGA,2021,3.2865,1.5592,9.18,1.32,63.86,56.52,64.6,71.34,1
North Macedonia,MKD,2021,-0.0864,6.0827,1.34,0.1,18.04,12.31,10.2,46.78,4
Norway,NOR,2021,11.5498,-3.7086,2.8,1.06,7.37,3.46,4.48,25.8,5
Oman,OMN,2021,-9.626,-9.306,7.62,6.68,8.7,13.74,4.88,9.83,2
Pakistan,PAK,2021,10.5185,-6.5675,25.3,13.11,48.82,30.34,59.86,64.07,6
Palau,PLW,2021,4.8324,14.1586,2.16,0.36,12.91,11.72,9.69,18.95,2
Panama,PAN,2021,6.2772,-11.9567,18.61,15.89,21.8,21.45,10.95,44.12,0
Papua New Guinea,PNG,2021,-5.1994,6.8592,26.7,18.84,37.84,56.18,14.18,68.0,3
Paraguay,PRY,2021,5.4769,-3.6888,1.67,0.14,19.97,12.18,12.6,51.88,4
Peru,PER,2021,9.6313,-1.6799,26.04,16.65,40.74,27.22,48.87,50.82,6
Philippines,PHL,2021,20.6133,7.7105,47.51,39.99,56.45,51.41,58.9,59.41,6
Plurinational State of Bolivia,BOL,2021,-9.1268,17.7726,3.04,0.35,26.48,28.12,13.37,49.37,3
Poland,POL,2021,-0.6555,15.3596,4.91,1.73,13.93,8.21,7.89,41.76,4
Portugal,PRT,2021,18.1036,0.5957,5.29,3.07,9.1,7.85,7.41,12.96,2
Qatar,QAT,2021,9.5629,12.2224,1.11,0.15,8.21,3.51,8.22,19.21,2
Republic of Congo,COG,2021,3.5593,-0.5891,5.25,0.57,48.35,33.93,57.52,57.9,1
Republic of Korea,KOR,2021,-13.0378,18.9365,10.92,9.96,11.98,8.25,8.07,25.81,5
Republic of Moldova,MDA,2021,-1.4013,5.2921,1.27,0.1,16.17,9.06,9.93,47.01,4
Romania,ROU,2021,2.8207,10.3233,3.21,0.71,14.5,7.37,8.64,47.87,4
Russian Federation,RUS,2021,15.1554,-8.1778,26.94,28.35,25.6,11.14,39.62,38.03,0
Rwanda,RWA,2021,-3.7138,10.7296,2.62,0.16,42.95,33.01,46.0,52.19,1
Saint Kitts and Nevis,KNA,2021,-7.5231,-0.6116,2.66,0.53,13.38,8.59,8.92,31.24,5
Saint Lucia,LCA,2021,-6.3064,1.4474,2.1,0.46,9.55,6.78,2.69,47.79,4
Saint Vincent and the Grenadines,VCT,2021,-6.2425,1.2387,2.79,0.43,18.16,16.0,9.67,38.72,4
Samoa,WSM,2021,6.5459,17.5059,2.94,0.81,10.68,9.35,2.59,50.36,4
San Marino,SMR,2021,-7.2466,8.4167,0.35,0.03,4.08,2.73,1.31,18.96,2
Sao Tome and Principe,STP,2021,9.8094,5.2295,0.67,0.02,22.24,16.54,12.9,51.54,4
Saudi Arabia,SAU,2021,-2.7982,6.8511,9.76,5.25,18.13,8.03,20.28,36.6,4
Senegal,SEN,2021,0.7164,-5.777,5.42,1.05,28.0,30.08,12.99,56.21,3
Serbia,SRB,2021,1.9272,7.2251,1.68,0.17,16.63,11.16,9.64,42.72,4
Seychelles,SYC,2021,-4.4852,5.3354,2.78,1.03,7.51,4.17,2.41,42.07,5
Sierra Leone,SLE,2021,2.2835,0.6703,5.04,1.09,23.33,15.0,12.99,65.21,3
Singapore,SGP,2021,-6.0521,17.21,0.66,0.15,2.89,3.75,0.84,7.63,2
Slovakia,SVK,2021,2.735,18.5947,1.01,0.1,10.26,6.92,4.15,37.57,5
Slovenia,SVN,2021,2.3378,18.2172,1.88,0.31,11.35,5.75,7.29,34.87,5
Solomon Islands,SLB,2021,-1.6086,19.389,15.09,9.62,23.66,23.62,12.49,44.91,4
Somalia,SOM,2021,7.0524,15.6878,24.81,8.55,72.01,67.92,81.52,67.45,1
South Africa,ZAF,2021,-15.9617,4.8715,9.67,3.13,29.85,38.09,13.01,53.67,3
South Sudan,SSD,2021,-10.0424,12.2965,4.28,0.25,73.22,71.87,69.45,78.64,1
Spain,ESP,2021,12.5988,3.3797,9.79,7.77,12.34,6.95,7.65,35.34,5
Sri Lanka,LKA,2021,-5.1573,0.3362,5.95,1.6,22.11,19.3,12.2,45.91,4
Sudan,SDN,2021,-1.8016,-2.818,10.23,1.65,63.43,58.57,63.02,69.13,1
Suriname,SUR,2021,1.6212,-2.2202,6.8,1.78,25.94,27.31,11.3,56.59,3
Sweden,SWE,2021,10.5113,-4.0043,3.18,1.05,9.65,5.62,6.49,24.6,5
Switzerland,CHE,2021,11.2442,-11.8912,1.04,0.16,6.76,4.72,2.78,23.52,5
Syrian Arab Republic,SYR,2021,-3.1063,16.8968,12.55,2.53,62.24,51.18,72.17,65.29,1
Tajikistan,TJK,2021,0.7829,8.4818,2.64,0.23,30.35,46.28,11.79,51.23,3
Thailand,THA,2021,-0.0146,19.7053,22.14,14.32,34.23,20.84,49.33,39.0,0
Timor-Leste,TLS,2021,0.0497,12.2694,7.95,2.93,21.59,14.39,12.68,55.15,4
Togo,TGO,2021,3.62,3.5671,1.33,0.07,25.38,18.86,13.64,63.53,3
Tonga,TON,2021,4.0139,-3.0166,3.58,1.33,9.64,7.31,11.55,10.62,2
Trinidad and Tobago,TTO,2021,3.8017,-5.5516,2.87,0.49,16.81,9.69,11.36,43.19,4
Tunisia,TUN,2021,-14.6195,1.3273,9.94,2.88,34.32,21.07,44.53,43.09,0
Turkey,TUR,2021,-3.4056,15.7801,16.04,8.9,28.92,12.56,48.71,39.52,0
Turkmenistan,TKM,2021,14.5601,8.5381,1.36,0.17,10.91,9.24,3.09,45.51,4
Tuvalu,TUV,2021,-13.7939,8.9551,1.55,0.15,16.07,9.23,10.84,41.51,4
Uganda,UGA,2021,-3.8734,10.1175,2.8,0.23,33.97,49.59,13.79,57.32,3
Ukraine,UKR,2021,0.8503,6.9052,4.14,0.48,35.74,20.51,43.83,50.79,0
United Arab Emirates,ARE,2021,9.2051,11.6154,5.22,3.77,7.24,3.56,4.34,24.55,5
United Kingdom of Great Britain and Northern Ireland,GBR,2021,-1.9211,10.5964,5.64,2.58,12.35,6.59,7.81,36.62,5
United Republic of Tanzania,TZA,2021,8.5941,1.3119,16.44,5.49,49.21,33.71,55.93,63.2,1
United States of America,USA,2021,13.9692,16.852,23.12,39.59,13.5,8.51,8.34,34.65,0
Uruguay,URY,2021,10.8814,20.4096,4.82,1.54,15.08,9.32,8.49,43.32,4
Uzbekistan,UZB,2021,15.0892,8.4753,1.58,0.18,13.82,12.14,10.97,19.8,2
Vanuatu,VUT,2021,15.3402,11.231,10.89,5.8,20.43,12.92,12.08,54.66,4
Viet Nam,VNM,2021,-9.6864,8.6248,24.72,26.73,22.86,20.93,12.87,44.34,0
Yemen,YEM,2021,-3.0834,-4.8249,24.65,9.12,66.6,61.06,69.53,69.58,1
Zambia,ZMB,2021,4.7248,21.8382,2.95,0.28,31.18,33.94,13.94,64.06,3
Zimbabwe,ZWE,2021,-10.9418,4.9121,2.55,0.2,32.42,32.31,15.41,68.47,3
Afghanistan,AFG,2022,-12.8647,15.3607,4.11,0.25,67.73,56.25,79.82,69.2,4
Albania,ALB,2022,-14.8666,0.7705,6.26,2.29,17.13,11.6,11.1,39.07,0
Algeria,DZA,2022,-6.7743,6.289,9.21,2.62,32.37,13.89,49.0,49.85,3
Andorra,AND,2022,5.8101,-14.2851,0.28,0.02,3.96,2.63,1.86,12.68,2
Angola,AGO,2022,0.8121,-3.8811,10.46,2.37,46.13,25.01,56.81,69.11,3
Antigua and Barbuda,ATG,2022,-7.179,-0.2347,2.91,1.2,7.07,8.44,2.58,16.2,2
Argentina,ARG,2022,-18.7564,9.3955,14.8,11.54,18.98,14.03,10.93,44.61,0
Armenia,ARM,2022,0.7533,7.0307,2.65,0.23,30.57,15.64,41.65,43.86,3
Australia,AUS,2022,-6.27,24.1934,21.02,31.21,14.16,6.71,14.42,29.32,6
Austria,AUT,2022,-17.1053,0.7206,1.16,0.17,7.88,4.59,3.36,31.72,2
Azerbaijan,AZE,2022,0.8403,7.2986,2.13,0.23,19.76,11.52,12.85,52.15,0
Bahamas,BHS,2022,-5.8064,11.431,4.84,1.51,15.49,8.97,9.7,42.72,0
Bahrain,BHR,2022,11.8073,15.9017,0.97,0.14,6.72,5.64,2.63,20.45,2
Bangladesh,BGD,2022,11.1411,-6.6124,27.46,16.57,45.5,35.45,57.8,45.98,1
Barbados,BRB,2022,-7.3951,0.5249,2.36,0.48,11.63,4.38,8.6,41.77,0
Belarus,BLR,2022,0.6325,4.0764,0.78,0.05,12.12,7.74,6.04,38.09,0
Belgium,BEL,2022,5.7052,-8.9658,5.24,1.84,14.92,5.95,18.56,30.08,2
Belize,BLZ,2022,-2.644,2.0414,8.03,2.5,25.81,27.78,12.61,49.07,5
Benin,BEN,2022,3.2905,2.588,1.4,0.09,21.93,53.39,13.22,14.94,5
Bhutan,BTN,2022,-8.9301,4.6642,1.18,0.1,14.0,8.02,9.02,37.93,0
Bolivarian Republic of Venezuela,VEN,2022,9.0759,-1.1691,24.16,19.52,29.9,29.57,14.43,62.63,5
Bosnia and Herzegovina,BIH,2022,-0.7054,5.9185,2.52,0.34,18.68,10.72,11.54,52.66,0
Botswana,BWA,2022,2.9783,12.8739,1.35,0.09,20.28,15.79,10.17,51.92,0
Brazil,BRA,2022,-18.8292,-4.2865,13.29,6.37,27.73,33.83,12.38,50.93,5
Brunei Darussalam,BRN,2022,-3.091,13.1053,1.31,0.33,5.18,7.71,2.23,8.09,2
Bulgaria,BGR,2022,0.07,5.0741,2.43,0.3,19.76,18.88,8.95,45.66,0
Burkina Faso,BFA,2022,4.2776,2.0725,2.1,0.07,62.98,59.72,63.42,65.97,4
Burundi,BDI,2022,-4.9864,14.9132,3.02,0.16,57.13,45.95,59.09,68.66,4
Cambodia,KHM,2022,10.1805,7.4948,8.32,2.47,28.01,29.55,13.71,54.27,5
Cameroon,CMR,2022,0.4178,-2.3847,11.33,2.08,61.76,58.86,65.16,61.41,4
Canada,CAN,2022,9.1315,15.6597,19.06,25.89,14.03,9.92,7.81,35.63,6
Cape Verde,CPV,2022,6.3156,-1.5538,1.18,0.07,19.88,14.91,10.73,49.1,0
Central African Republic,CAF,2022,7.4445,6.781,3.41,0.16,72.63,74.32,70.19,73.45,4
Chad,TCD,2022,7.075,6.0428,2.91,0.12,70.68,68.93,70.29,72.89,4
Chile,CHL,2022,-2.0138,-14.5969,13.73,12.86,14.65,8.35,9.23,40.81,0
China,CHN,2022,20.0146,3.7302,25.83,64.59,10.33,11.03,11.55,8.64,6
Colombia,COL,2022,-4.0859,-12.4091,37.78,31.54,45.25,39.51,49.49,47.37,1
Comoros,COM,2022,6.4166,-5.5713,2.68,0.33,21.77,12.51,14.57,56.57,0
Costa Rica,CRI,2022,-8.8996,-12.4694,14.18,9.89,20.33,19.27,10.97,39.72,0
Cote d'Ivoire,CIV,2022,3.7389,3.1497,1.93,0.13,28.75,31.24,12.71,59.87,5
Croatia,HRV,2022,-0.4444,14.9639,4.79,1.57,14.59,8.55,9.39,38.66,0
Cuba,CUB,2022,-12.3294,-0.7165,7.81,4.57,13.34,13.08,10.28,17.67,2
Cyprus,CYP,2022,-15.38,-8.9002,3.55,1.02,12.38,7.03,7.84,34.41,0
Czech Republic,CZE,2022,2.472,18.3711,1.1,0.1,12.0,6.13,7.03,40.13,0
Democratic People's Republic of Korea,PRK,2022,-12.8179,-11.2655,12.36,7.22,21.16,10.98,13.83,62.38,0
Democratic Republic of Congo,COD,2022,5.7664,5.0146,9.8,1.37,70.08,68.65,73.96,67.79,4
Denmark,DNK,2022,-2.6042,-7.0735,0.99,0.18,5.49,3.51,1.61,29.22,2
Djibouti,DJI,2022,8.7175,2.1684,11.15,4.25,29.24,30.76,14.57,55.8,5
Dominica,DMA,2022,-6.3486,1.4227,2.68,0.79,9.12,7.16,2.47,42.88,0
Dominican Republic,DOM,2022,-2.702,2.1218,13.44,7.05,25.64,27.76,12.5,48.6,5
Ecuador,ECU,2022,9.5987,-1.649,22.96,14.57,36.17,21.9,45.17,47.85,3
Egypt,EGY,2022,-20.0989,4.5745,17.78,10.74,29.45,12.14,46.47,45.28,3
El Salvador,SLV,2022,15.7038,3.6641,15.07,7.3,31.09,44.89,12.16,55.05,5
Equatorial Guinea,GNQ,2022,-10.2624,7.0914,3.3,0.86,12.65,10.68,3.58,52.91,0
Eritrea,ERI,2022,7.527,2.5292,7.45,2.3,24.16,18.3,14.67,52.55,0
Estonia,EST,2022,6.7992,9.6545,1.78,0.43,7.38,5.57,1.91,37.8,0
Eswatini,SWZ,2022,-6.5104,-4.9577,1.92,0.14,26.26,29.68,13.23,46.1,5
Ethiopia,ETH,2022,2.554,-4.9238,4.87,0.36,65.89,62.91,63.95,71.11,4
Federated States of Micronesia,FSM,2022,0.6107,-12.0169,4.41,1.12,17.37,9.92,10.91,48.43,0
Fiji,FJI,2022,3.4797,-2.9703,6.73,2.79,16.21,20.54,11.55,17.96,2
Finland,FIN,2022,-15.0022,-5.5481,1.55,0.49,4.91,5.41,0.83,26.31,2
France,FRA,2022,-1.8429,10.2174,7.48,2.7,20.72,8.69,29.8,34.33,0
Gabon,GAB,2022,-4.9668,8.0585,4.55,1.5,13.8,15.92,3.29,50.15,0
Gambia,GMB,2022,2.4,2.1997,4.87,0.67,35.44,55.54,12.6,63.6,5
Georgia,GEO,2022,1.9565,8.4031,3.83,0.73,20.13,19.23,9.28,45.71,0
Germany,DEU,2022,-16.4727,20.3956,4.11,1.99,8.49,5.18,3.24,36.4,0
Ghana,GHA,2022,0.3561,-7.1212,2.82,0.34,23.42,28.46,11.81,38.21,0
Greece,GRC,2022,12.7165,4.6865,8.71,8.25,9.2,8.61,8.82,10.25,2
Grenada,GRD,2022,-5.7204,1.516,1.79,0.31,10.38,11.37,2.58,38.11,0
Guatemala,GTM,2022,16.4336,4.2491,11.74,4.29,32.11,39.8,14.73,56.46,5
Guinea,GIN,2022,-0.1921,13.5909,6.56,1.47,29.25,23.61,14.68,72.19,5
Guinea-Bissau,GNB,2022,1.8251,0.7835,3.95,0.67,23.29,14.1,13.47,66.53,0
Guyana,GUY,2022,15.3666,-0.5088,7.35,2.63,20.56,18.39,11.74,40.26,0
Haiti,HTI,2022,5.1,9.8913,9.95,2.78,35.63,43.78,14.73,70.13,5
Honduras,HND,2022,-7.7937,10.6442,16.84,8.82,32.17,39.94,14.48,57.57,5
Hungary,HUN,2022,-0.8241,1.0815,0.95,0.11,8.2,5.46,9.62,10.5,2
Iceland,ISL,2022,9.5503,9.5174,1.8,0.55,5.91,6.19,1.75,19.07,2
India,IND,2022,7.7738,-8.4167,40.88,35.99,46.44,36.76,54.01,50.44,1
Indonesia,IDN,2022,-9.3822,19.843,40.93,39.89,41.99,32.34,50.34,45.46,1
Iran (Islamic Republic of),IRN,2022,-8.1602,-6.9961,17.47,12.49,24.44,20.62,58.03,12.2,3
Iraq,IRQ,2022,-2.702,17.1366,9.17,1.72,48.89,37.85,66.33,46.55,3
Ireland,IRL,2022,7.6278,-3.8548,2.57,1.45,4.55,5.95,1.87,8.44,2
Israel,ISR,2022,6.8016,12.1947,3.8,0.88,16.39,8.55,16.79,30.66,2
Italy,ITA,2022,11.8946,-9.307,11.11,8.69,14.2,9.59,8.05,37.08,0
Jamaica,JAM,2022,5.8326,-0.3383,3.42,1.1,10.61,8.86,2.89,46.61,0
Japan,JPN,2022,17.9369,13.1269,20.59,43.67,9.71,11.5,6.99,11.38,6
Jordan,JOR,2022,14.7918,14.5714,3.62,0.57,22.99,13.11,20.0,46.34,0
Kazakhstan,KAZ,2022,2.6918,9.5427,1.94,0.25,15.02,19.32,10.14,17.31,2
Kenya,KEN,2022,7.8473,0.9255,13.75,3.27,57.78,58.27,57.72,57.35,4
Kiribati,KIR,2022,-13.8903,6.8842,2.78,0.69,11.17,9.93,2.88,48.74,0
Kuwait,KWT,2022,-6.5426,20.8738,2.77,1.05,7.3,4.67,2.56,32.48,2
Kyrgyzstan,KGZ,2022,0.797,8.4855,2.54,0.22,29.37,43.68,11.36,51.04,5
Lao People's Democratic Republic,LAO,2022,-10.6062,14.0443,2.91,0.38,22.21,13.04,13.51,62.16,0
Latvia,LVA,2022,-6.0779,13.9539,2.74,0.79,9.49,9.39,2.33,39.03,0
Lebanon,LBN,2022,-4.847,1.9086,3.66,0.38,35.27,16.17,47.11,57.58,3
Lesotho,LSO,2022,-10.3615,5.0853,1.33,0.07,25.31,18.32,14.01,63.16,5
Liberia,LBR,2022,10.1285,17.5736,2.95,0.54,16.08,19.13,3.49,62.23,0
Libyan Arab Jamahiriya,LBY,2022,-3.5028,7.1994,13.75,4.94,38.29,21.85,54.43,47.22,3
Liechtenstein,LIE,2022,14.1626,22.0318,0.71,0.09,5.6,6.5,0.99,27.27,2
Lithuania,LTU,2022,0.7252,15.1202,2.33,0.64,8.49,7.26,2.13,39.61,0
Luxembourg,LUX,2022,17.0569,-4.9647,0.62,0.06,6.39,4.16,5.85,10.72,2
Madagascar,MDG,2022,-11.9018,-3.4875,23.6,18.38,30.3,26.22,15.27,69.46,5
Malawi,MWI,2022,-4.3458,10.1043,3.37,0.35,32.44,34.31,14.59,68.21,5
Malaysia,MYS,2022,18.6296,9.8086,14.53,8.64,24.44,19.68,20.36,36.42,0
Maldives,MDV,2022,-5.8275,-0.0003,1.09,0.11,10.78,9.52,9.89,13.31,2
Mali,MLI,2022,4.4303,1.934,2.31,0.08,66.9,60.88,71.02,69.26,4
Malta,MLT,2022,-14.3775,-9.1881,1.03,0.15,7.09,5.62,2.09,30.34,2
Marshall Islands,MHL,2022,-13.6623,7.1661,3.07,0.5,18.9,16.36,10.29,40.08,0
Mauritania,MRT,2022,1.074,-4.811,9.34,2.91,29.97,29.74,14.62,61.92,5
Mauritius,MUS,2022,8.0067,22.0128,3.48,0.73,16.56,10.65,9.97,42.8,0
Mexico,MEX,2022,18.7073,-1.4296,35.92,50.08,25.76,30.06,11.75,48.38,6
Monaco,MCO,2022,12.1508,13.2311,0.18,0.02,1.55,1.68,0.44,5.02,2
Mongolia,MNG,2022,-6.3978,4.3095,1.95,0.21,18.2,11.67,11.08,46.66,0
Montenegro,MNE,2022,-0.0227,22.0351,2.91,0.83,10.19,9.91,2.44,43.78,0
Morocco,MAR,2022,16.1606,5.5091,10.32,7.63,13.96,19.75,11.24,12.25,2
Mozambique,MOZ,2022,9.9816,1.3559,34.55,18.1,65.96,66.26,63.22,68.52,4
Myanmar,MMR,2022,-4.3775,-7.852,35.99,22.43,57.74,51.94,59.11,62.71,1
Namibia,NAM,2022,-16.825,11.9118,5.45,1.32,22.47,17.99,11.97,52.65,0
Nauru,NRU,2022,-13.172,10.0457,1.05,0.11,9.93,10.73,2.79,32.71,2
Nepal,NPL,2022,-8.0805,-3.619,2.57,0.25,26.45,27.07,12.78,53.47,5
Netherlands,NLD,2022,-10.4765,-5.655,4.17,2.2,7.91,4.33,3.29,34.77,2
New Zealand,NZL,2022,-1.5773,26.2083,14.37,17.99,11.48,6.88,6.1,36.05,0
Nicaragua,NIC,2022,-7.9379,11.1068,21.02,18.71,23.62,28.11,14.01,33.45,6
Niger,NER,2022,4.9128,1.6954,2.14,0.07,65.69,66.42,68.07,62.69,4
Nigeria,NGA,2022,3.2724,1.5657,9.31,1.32,65.63,59.04,67.9,70.52,4
North Macedonia,MKD,2022,-0.0752,6.0747,1.3,0.1,16.87,9.78,10.06,48.82,0
Norway,NOR,2022,11.5458,-3.7097,2.6,1.06,6.38,2.2,4.88,24.16,2
Oman,OMN,2022,-9.601,-9.2806,8.21,6.68,10.09,10.12,4.82,21.06,2
Pakistan,PAK,2022,10.5489,-6.573,26.76,13.11,54.62,41.71,62.9,62.1,1
Palau,PLW,2022,4.7926,14.1976,2.02,0.36,11.34,6.58,9.49,23.33,2
Panama,PAN,2022,6.2476,-11.928,18.37,15.89,21.24,21.22,10.9,41.42,0
Papua New Guinea,PNG,2022,-5.2023,6.8559,26.44,18.84,37.11,57.69,14.03,63.12,5
Paraguay,PRY,2022,5.481,-3.6956,1.67,0.14,19.97,12.13,12.47,52.64,0
Peru,PER,2022,9.6043,-1.654,25.72,16.65,39.74,27.92,45.04,49.89,3
Philippines,PHL,2022,20.6188,7.7062,46.68,39.99,54.48,50.93,58.24,54.53,1
Plurinational State of Bolivia,BOL,2022,-9.1156,17.7617,2.94,0.35,24.75,28.17,13.39,40.19,0
Poland,POL,2022,-0.661,15.3716,4.74,1.73,13.01,6.77,7.64,42.54,0
Portugal,PRT,2022,18.1052,0.5942,5.1,3.07,8.47,10.83,3.95,14.21,2
Qatar,QAT,2022,9.5625,12.2182,1.05,0.15,7.38,4.09,7.94,12.38,2
Republic of Congo,COG,2022,3.5709,-0.5837,5.2,0.57,47.47,34.58,57.33,53.97,3
Republic of Korea,KOR,2022,-13.066,18.9592,10.65,9.96,11.39,7.13,8.11,25.54,2
Republic of Moldova,MDA,2022,-1.3661,5.3088,1.29,0.1,16.62,9.48,9.9,48.92,0
Romania,ROU,2022,2.8174,10.3264,3.23,0.71,14.71,7.63,8.58,48.62,0
Russian Federation,RUS,2022,15.1215,-8.144,28.45,28.35,28.56,15.42,39.91,37.86,3
Rwanda,RWA,2022,-3.7527,10.6863,2.62,0.16,43.04,32.33,45.64,54.03,3
Saint Kitts and Nevis,KNA,2022,-7.5344,-0.6294,2.12,0.53,8.5,8.47,2.48,29.28,2
Saint Lucia,LCA,2022,-6.2658,1.4499,2.85,0.46,17.64,11.6,9.97,47.5,0
Saint Vincent and the Grenadines,VCT,2022,-6.1818,1.2541,2.63,0.43,16.12,11.09,9.55,39.55,0
Samoa,WSM,2022,6.5347,17.494,3.21,0.81,12.76,15.24,2.59,52.6,0
San Marino,SMR,2022,-7.263,8.4336,0.35,0.03,4.05,2.74,1.31,18.55,2
Sao Tome and Principe,STP,2022,9.8108,5.2303,0.67,0.02,22.24,16.56,12.79,51.95,0
Saudi Arabia,SAU,2022,-2.7507,6.7991,9.22,5.25,16.19,7.84,19.98,27.09,2
Senegal,SEN,2022,0.7118,-5.7872,5.46,1.05,28.42,30.39,12.9,58.53,5
Serbia,SRB,2022,1.9408,7.2294,1.68,0.17,16.54,10.97,9.59,43.0,0
Seychelles,SYC,2022,-4.4685,5.3224,2.64,1.03,6.76,4.25,2.38,30.57,2
Sierra Leone,SLE,2022,2.2912,0.668,5.46,1.09,27.38,24.51,12.94,64.69,5
Singapore,SGP,2022,-6.0478,17.2049,0.8,0.15,4.23,3.83,0.83,23.8,2
Slovakia,SVK,2022,2.7233,18.588,1.03,0.1,10.63,7.18,4.2,39.78,0
Slovenia,SVN,2022,2.3453,18.2289,2.07,0.31,13.77,9.98,7.16,36.52,0
Solomon Islands,SLB,2022,-1.5989,19.393,14.02,9.62,20.42,13.3,12.42,51.55,0
Somalia,SOM,2022,7.0631,15.6999,24.64,8.55,71.03,68.79,81.65,63.79,4
South Africa,ZAF,2022,-15.9493,4.8837,9.18,3.13,26.92,29.28,12.97,51.39,5
South Sudan,SSD,2022,-10.0262,12.281,4.13,0.25,68.33,71.28,69.47,64.44,4
Spain,ESP,2022,12.596,3.3811,9.84,7.77,12.46,7.01,7.79,35.44,0
Sri Lanka,LKA,2022,-5.1663,0.3392,5.88,1.6,21.64,18.61,12.28,44.35,0
Sudan,SDN,2022,-1.8026,-2.8174,10.3,1.65,64.26,57.37,67.02,69.02,4
Suriname,SUR,2022,1.6047,-2.2313,6.76,1.78,25.69,26.73,11.45,55.4,5
Sweden,SWE,2022,10.5025,-3.9883,3.23,1.05,9.93,5.63,6.47,26.85,2
Switzerland,CHE,2022,11.2779,-11.9258,1.04,0.16,6.77,4.73,2.74,23.96,2
Syrian Arab Republic,SYR,2022,-3.1079,16.8966,12.46,2.53,61.37,48.95,72.04,65.55,4
Tajikistan,TJK,2022,1.1351,8.7149,2.27,0.23,22.34,20.0,11.79,47.28,0
Thailand,THA,2022,-0.029,19.6903,21.3,14.32,31.67,16.02,48.01,41.31,3
Timor-Leste,TLS,2022,0.0526,12.2714,7.2,2.93,17.68,8.11,12.45,54.78,0
Togo,TGO,2022,3.2476,2.5162,1.59,0.07,36.2,56.6,13.63,61.47,5
Tonga,TON,2022,3.9866,-3.048,4.01,1.33,12.08,12.89,11.65,11.75,2
Trinidad and Tobago,TTO,2022,3.8007,-5.5513,3.0,0.49,18.33,12.41,11.5,43.17,0
Tunisia,TUN,2022,-14.6187,1.3286,9.89,2.88,33.98,21.06,44.41,41.94,3
Turkey,TUR,2022,-3.3978,15.7844,13.77,8.9,21.3,12.09,48.81,16.38,3
Turkmenistan,TKM,2022,14.555,8.5286,1.25,0.17,9.25,9.11,3.08,28.21,2
Tuvalu,TUV,2022,-13.8077,8.9685,1.54,0.15,15.74,9.26,10.65,39.55,0
Uganda,UGA,2022,-3.846,10.1521,2.81,0.23,34.41,48.78,13.94,59.93,5
Ukraine,UKR,2022,0.8953,6.9083,4.43,0.48,40.82,28.67,43.94,54.01,3
United Arab Emirates,ARE,2022,9.2195,11.6295,4.58,3.77,5.56,2.33,2.38,30.99,2
United Kingdom of Great Britain and Northern Ireland,GBR,2022,-1.9104,10.5863,5.7,2.58,12.6,6.67,7.76,38.69,0
United Republic of Tanzania,TZA,2022,8.5721,1.3154,15.92,5.49,46.18,32.38,54.85,55.46,3
United States of America,USA,2022,13.9722,16.8538,22.9,39.59,13.25,8.4,8.23,33.67,6
Uruguay,URY,2022,10.8903,20.4024,4.98,1.54,16.13,12.18,8.66,39.82,0
Uzbekistan,UZB,2022,15.0962,8.4745,1.52,0.18,12.89,15.43,10.84,12.8,2
Vanuatu,VUT,2022,15.3272,11.2455,11.47,5.8,22.69,17.84,11.96,54.73,0
Viet Nam,VNM,2022,-9.6858,8.6257,24.16,26.73,21.83,20.37,12.44,41.03,6
Yemen,YEM,2022,-3.0892,-4.831,24.54,9.12,66.02,60.37,69.64,68.45,4
Zambia,ZMB,2022,4.7098,21.8236,2.93,0.28,30.7,34.07,13.58,62.51,5
Zimbabwe,ZWE,2022,-10.9656,4.8897,2.51,0.2,31.45,31.91,14.15,68.88,5
Afghanistan,AFG,2023,-12.8419,15.3378,4.12,0.25,67.77,56.66,78.94,69.6,2
Albania,ALB,2023,-14.8656,0.7712,6.24,2.29,17.01,11.61,11.1,38.18,1
Algeria,DZA,2023,-6.775,6.2883,9.64,2.62,35.49,18.12,49.06,50.28,4
Andorra,AND,2023,5.834,-14.3091,0.28,0.02,3.96,2.63,1.86,12.66,5
Angola,AGO,2023,0.8329,-3.8927,10.42,2.37,45.83,25.01,56.87,67.7,4
Antigua and Barbuda,ATG,2023,-7.1857,-0.2444,2.9,1.2,7.0,8.44,2.58,15.77,5
Argentina,ARG,2023,-18.7722,9.3798,14.81,11.54,19.0,14.08,10.93,44.56,1
Armenia,ARM,2023,0.7744,7.0139,2.61,0.23,29.54,15.51,41.56,39.99,4
Australia,AUS,2023,-6.2575,24.1809,21.05,31.21,14.2,6.72,14.38,29.64,0
Austria,AUT,2023,-17.115,0.7303,1.16,0.17,7.9,4.59,3.36,31.92,5
Azerbaijan,AZE,2023,0.8234,7.2655,2.23,0.23,21.58,15.2,12.85,51.44,1
Bahamas,BHS,2023,-5.8063,11.4307,4.82,1.51,15.36,8.97,9.64,41.88,1
Bahrain,BHR,2023,11.7984,15.8905,0.94,0.14,6.31,5.64,2.63,16.93,5
Bangladesh,BGD,2023,11.1104,-6.594,27.73,16.57,46.39,35.5,57.92,48.54,6
Barbados,BRB,2023,-7.3693,0.4964,2.46,0.48,12.65,5.46,8.6,43.12,1
Belarus,BLR,2023,0.6319,4.0712,0.76,0.05,11.48,7.74,5.67,34.51,1
Belgium,BEL,2023,5.7197,-8.9534,5.1,1.84,14.13,5.93,18.56,25.62,5
Belize,BLZ,2023,-2.6246,2.0223,7.97,2.5,25.44,27.78,12.61,47.02,3
Benin,BEN,2023,3.2884,2.5527,1.77,0.09,34.75,53.24,13.22,59.64,3
Bhutan,BTN,2023,-8.9293,4.6628,1.18,0.1,14.03,8.02,9.02,38.15,1
Bolivarian Republic of Venezuela,VEN,2023,9.0706,-1.164,24.2,19.52,30.01,29.57,14.43,63.36,3
Bosnia and Herzegovina,BIH,2023,-0.701,5.9159,2.49,0.34,18.24,10.72,11.48,49.32,1
Botswana,BWA,2023,2.9781,12.8739,1.34,0.09,19.93,15.79,10.11,49.62,1
Brazil,BRA,2023,-18.827,-4.2876,13.15,6.37,27.14,33.79,12.38,47.81,3
Brunei Darussalam,BRN,2023,-3.0811,13.1063,1.29,0.33,5.04,7.71,2.23,7.46,5
Bulgaria,BGR,2023,0.062,5.0664,2.43,0.3,19.62,18.87,8.95,44.75,1
Burkina Faso,BFA,2023,4.3011,2.0552,2.01,0.07,57.5,59.28,63.22,50.74,2
Burundi,BDI,2023,-4.9909,14.9041,3.02,0.16,57.04,46.01,58.82,68.58,2
Cambodia,KHM,2023,10.1808,7.4947,8.15,2.47,26.92,29.55,13.71,48.14,3
Cameroon,CMR,2023,0.4111,-2.3761,11.4,2.08,62.44,58.76,65.04,63.69,2
Canada,CAN,2023,9.1314,15.6601,18.89,25.89,13.78,9.95,7.81,33.69,0
Cape Verde,CPV,2023,6.3165,-1.5654,1.17,0.07,19.71,14.92,10.73,47.84,1
Central African Republic,CAF,2023,7.4743,6.7519,3.44,0.16,73.86,74.75,70.16,76.82,2
Chad,TCD,2023,7.0689,6.0351,2.94,0.12,71.82,68.9,70.26,76.51,2
Chile,CHL,2023,-2.0154,-14.5956,13.74,12.86,14.68,8.35,9.43,40.15,1
China,CHN,2023,20.039,3.7546,21.31,64.59,7.03,11.03,11.55,2.73,0
Colombia,COL,2023,-4.0753,-12.4203,37.81,31.54,45.33,39.3,49.28,48.1,6
Comoros,COM,2023,6.4453,-5.5522,2.68,0.33,21.72,12.51,14.5,56.51,1
Costa Rica,CRI,2023,-8.8943,-12.4639,11.17,9.89,12.62,19.36,10.86,9.57,5
Cote d'Ivoire,CIV,2023,3.7366,3.1485,2.02,0.13,31.54,41.54,12.63,59.8,3
Croatia,HRV,2023,-0.4438,14.9431,4.78,1.57,14.56,8.55,9.39,38.42,1
Cuba,CUB,2023,-12.3438,-0.7308,7.8,4.57,13.31,13.12,10.24,17.54,5
Cyprus,CYP,2023,-15.3817,-8.9057,3.5,1.02,12.04,7.03,7.84,31.69,5
Czech Republic,CZE,2023,2.4761,18.3786,1.09,0.1,11.94,6.13,7.03,39.51,1
Democratic People's Republic of Korea,PRK,2023,-12.7994,-11.2467,12.38,7.22,21.23,11.04,13.83,62.69,1
Democratic Republic of Congo,COD,2023,5.7644,5.0152,9.87,1.37,71.04,68.89,73.82,70.5,2
Denmark,DNK,2023,-2.5998,-7.0696,0.98,0.18,5.36,3.51,1.61,27.31,5
Djibouti,DJI,2023,8.7219,2.1681,10.82,4.25,27.53,30.76,14.51,46.73,3
Dominica,DMA,2023,-6.3634,1.4251,2.69,0.79,9.17,7.16,2.47,43.62,1
Dominican Republic,DOM,2023,-2.7013,2.1215,13.33,7.05,25.2,27.78,12.5,46.06,3
Ecuador,ECU,2023,9.5871,-1.6374,23.81,14.57,38.9,28.5,45.47,45.43,4
Egypt,EGY,2023,-20.0877,4.5853,18.78,10.74,32.83,16.01,46.24,47.8,4
El Salvador,SLV,2023,15.6887,3.6486,14.94,7.3,30.56,45.22,11.91,53.01,3
Equatorial Guinea,GNQ,2023,-10.2569,7.0975,3.25,0.86,12.31,10.68,3.58,48.77,1
Eritrea,ERI,2023,7.5156,2.5392,7.47,2.3,24.26,18.3,14.67,53.2,1
Estonia,EST,2023,6.8169,9.6365,1.77,0.43,7.3,5.57,1.91,36.56,1
Eswatini,SWZ,2023,-6.49,-4.9764,1.93,0.14,26.7,29.72,13.23,48.42,3
Ethiopia,ETH,2023,2.5712,-4.9421,4.86,0.36,65.69,62.86,63.96,70.49,2
Federated States of Micronesia,FSM,2023,0.6087,-12.0149,4.44,1.12,17.62,9.92,10.97,50.23,1
Fiji,FJI,2023,3.5057,-2.9733,6.7,2.79,16.07,20.62,11.55,17.43,5
Finland,FIN,2023,-15.0238,-5.5702,1.54,0.49,4.84,5.41,0.83,25.26,5
France,FRA,2023,-1.8581,10.2352,7.54,2.7,21.03,8.69,30.55,35.03,1
Gabon,GAB,2023,-4.9616,8.0639,5.08,1.5,17.21,15.92,6.29,50.9,1
Gambia,GMB,2023,2.4148,2.2073,4.89,0.67,35.72,55.58,12.6,65.07,3
Georgia,GEO,2023,1.9506,8.3994,3.74,0.73,19.18,19.21,9.63,38.13,1
Germany,DEU,2023,-16.4895,20.4123,4.1,1.99,8.46,5.18,3.24,36.06,1
Ghana,GHA,2023,0.3736,-7.1013,2.94,0.34,25.48,37.3,11.66,38.05,3
Greece,GRC,2023,12.7052,4.6768,8.61,8.25,8.98,8.6,8.87,9.49,5
Grenada,GRD,2023,-5.7358,1.498,1.82,0.31,10.74,11.37,2.58,42.18,1
Guatemala,GTM,2023,16.39,4.2102,11.76,4.29,32.25,39.83,14.67,57.42,3
Guinea,GIN,2023,-0.1838,13.5724,6.55,1.47,29.17,23.61,14.68,71.64,3
Guinea-Bissau,GNB,2023,1.8232,0.7846,3.55,0.67,18.84,14.1,7.04,67.37,1
Guyana,GUY,2023,15.3921,-0.534,7.35,2.63,20.55,18.39,11.67,40.44,1
Haiti,HTI,2023,5.1236,9.916,9.96,2.78,35.71,44.06,14.65,70.55,3
Honduras,HND,2023,-7.8224,10.6659,16.81,8.82,32.02,40.05,14.42,56.87,3
Hungary,HUN,2023,-0.8316,1.0741,0.95,0.11,8.22,5.46,9.62,10.56,5
Iceland,ISL,2023,9.5664,9.534,2.01,0.55,7.38,6.21,3.34,19.35,5
India,IND,2023,7.7404,-8.4513,40.96,35.99,46.62,37.15,54.01,50.49,6
Indonesia,IDN,2023,-9.3776,19.8472,41.13,39.89,42.4,32.37,51.01,46.17,6
Iran (Islamic Republic of),IRN,2023,-8.1618,-6.9937,17.47,12.49,24.43,20.61,58.11,12.17,4
Iraq,IRQ,2023,-2.7087,17.1542,9.24,1.72,49.67,38.42,66.13,48.24,4
Ireland,IRL,2023,7.6288,-3.8542,2.55,1.45,4.5,5.97,1.87,8.15,5
Israel,ISR,2023,6.8071,12.2002,3.81,0.88,16.51,8.55,16.79,31.34,1
Italy,ITA,2023,11.8983,-9.3108,11.11,8.69,14.2,9.59,8.18,36.5,1
Jamaica,JAM,2023,5.8483,-0.3529,3.4,1.1,10.54,8.86,2.89,45.7,1
Japan,JPN,2023,17.9391,13.1288,20.94,43.67,10.04,11.5,6.89,12.76,0
Jordan,JOR,2023,14.7897,14.5687,3.61,0.57,22.88,13.11,20.54,44.5,1
Kazakhstan,KAZ,2023,2.6858,9.5287,1.94,0.25,14.99,19.15,10.14,17.33,5
Kenya,KEN,2023,7.8352,0.9173,13.79,3.27,58.17,58.44,57.58,58.49,2
Kiribati,KIR,2023,-13.9051,6.8715,2.81,0.69,11.45,9.93,2.88,52.44,1
Kuwait,KWT,2023,-6.5276,20.8883,2.77,1.05,7.3,4.67,2.56,32.54,5
Kyrgyzstan,KGZ,2023,0.7901,8.4815,2.53,0.22,29.2,43.49,11.28,50.76,3
Lao People's Democratic Republic,LAO,2023,-10.6073,14.0427,3.03,0.38,24.24,17.14,13.38,62.09,1
Latvia,LVA,2023,-6.089,13.9462,3.01,0.79,11.46,9.39,4.23,37.94,1
Lebanon,LBN,2023,-4.855,1.9004,3.87,0.38,39.33,21.14,50.25,57.26,4
Lesotho,LSO,2023,-10.3661,5.0833,1.33,0.07,25.38,18.32,14.07,63.42,3
Liberia,LBR,2023,10.1286,17.5746,3.11,0.54,17.89,25.34,3.49,64.79,3
Libyan Arab Jamahiriya,LBY,2023,-3.5215,7.1886,13.87,4.94,38.95,22.11,57.58,46.4,4
Liechtenstein,LIE,2023,14.1624,22.0316,0.71,0.09,5.64,6.5,0.99,27.92,5
Lithuania,LTU,2023,0.7237,15.1209,2.32,0.64,8.39,7.26,2.13,38.25,1
Luxembourg,LUX,2023,17.0809,-4.9396,0.61,0.06,6.17,4.16,5.85,9.65,5
Madagascar,MDG,2023,-11.8879,-3.4734,24.8,18.38,33.47,34.35,15.27,71.49,3
Malawi,MWI,2023,-4.3667,10.0893,3.37,0.35,32.44,34.28,14.59,68.28,3
Malaysia,MYS,2023,18.6283,9.8102,14.5,8.64,24.34,19.68,20.35,35.99,1
Maldives,MDV,2023,-5.8172,0.0108,1.11,0.11,11.12,9.52,9.89,14.62,5
Mali,MLI,2023,4.4263,1.9329,2.29,0.08,65.61,60.79,70.97,65.46,2
Malta,MLT,2023,-14.3739,-9.1914,1.03,0.15,7.14,5.62,2.09,30.93,5
Marshall Islands,MHL,2023,-13.6337,7.1952,3.12,0.5,19.51,16.36,10.36,43.83,1
Mauritania,MRT,2023,1.0584,-4.8283,9.32,2.91,29.85,29.75,14.55,61.47,3
Mauritius,MUS,2023,7.9918,21.998,3.58,0.73,17.59,13.4,9.6,42.3,1
Mexico,MEX,2023,18.7042,-1.4264,35.93,50.08,25.78,30.03,11.97,47.68,0
Monaco,MCO,2023,12.1557,13.2359,0.18,0.02,1.57,1.68,0.44,5.25,5
Mongolia,MNG,2023,-6.3971,4.3132,1.95,0.21,18.2,11.67,11.19,46.17,1
Montenegro,MNE,2023,-0.0099,22.0222,2.9,0.83,10.12,9.91,2.44,42.85,1
Morocco,MAR,2023,16.1588,5.5119,10.43,7.63,14.25,19.74,11.68,12.55,5
Mozambique,MOZ,2023,9.9843,1.3586,34.44,18.1,65.53,65.79,63.13,67.75,2
Myanmar,MMR,2023,-4.4046,-7.8792,35.85,22.43,57.31,51.43,58.75,62.29,6
Namibia,NAM,2023,-16.8042,11.891,5.4,1.32,22.12,17.99,11.12,54.08,1
Nauru,NRU,2023,-13.1644,10.0503,1.02,0.11,9.39,8.48,2.79,34.97,1
Nepal,NPL,2023,-8.0804,-3.6194,2.71,0.25,29.33,35.38,12.85,55.48,3
Netherlands,NLD,2023,-10.494,-5.6383,4.11,2.2,7.66,4.33,3.29,31.58,5
New Zealand,NZL,2023,-1.5789,26.2097,14.34,17.99,11.43,6.89,6.19,35.0,1
Nicaragua,NIC,2023,-7.9334,11.1181,21.94,18.71,25.73,36.6,13.94,33.4,3
Niger,NER,2023,4.9153,1.6952,2.16,0.07,66.48,66.36,67.89,65.22,2
Nigeria,NGA,2023,3.2911,1.5535,9.33,1.32,65.88,59.4,67.9,70.89,2
North Macedonia,MKD,2023,-0.0626,6.1001,1.29,0.1,16.76,9.78,10.06,47.84,1
Norway,NOR,2023,11.5696,-3.7305,2.61,1.06,6.42,2.19,4.88,24.78,5
Oman,OMN,2023,-9.6002,-9.2803,8.06,6.68,9.72,10.12,4.82,18.84,5
Pakistan,PAK,2023,10.5346,-6.5738,27.02,13.11,55.69,42.64,63.1,64.18,6
Palau,PLW,2023,4.8003,14.1902,2.02,0.36,11.35,6.58,9.49,23.44,5
Panama,PAN,2023,6.2486,-11.9278,18.19,15.89,20.82,21.22,10.9,39.02,1
Papua New Guinea,PNG,2023,-5.2022,6.8574,26.35,18.84,36.84,57.46,13.59,64.04,3
Paraguay,PRY,2023,5.4785,-3.6934,1.65,0.14,19.52,12.13,12.41,49.43,1
Peru,PER,2023,9.6127,-1.6619,27.01,16.65,43.82,36.32,46.06,50.3,6
Philippines,PHL,2023,20.6124,7.7123,46.91,39.99,55.03,51.16,58.07,56.1,6
Plurinational State of Bolivia,BOL,2023,-9.1104,17.756,3.2,0.35,29.17,36.64,13.51,50.13,3
Poland,POL,2023,-0.6799,15.3568,4.74,1.73,13.01,6.77,7.71,42.22,1
Portugal,PRT,2023,18.1058,0.5941,5.08,3.07,8.4,10.83,3.95,13.86,5
Qatar,QAT,2023,9.5704,12.2287,0.94,0.15,5.87,4.09,4.26,11.62,5
Republic of Congo,COG,2023,3.5781,-0.5779,5.49,0.57,52.84,45.68,57.13,56.52,2
Republic of Korea,KOR,2023,-13.0538,18.9378,10.59,9.96,11.26,7.13,8.11,24.66,5
Republic of Moldova,MDA,2023,-1.3863,5.2984,1.29,0.1,16.52,9.48,9.97,47.73,1
Romania,ROU,2023,2.8244,10.3297,3.22,0.71,14.59,7.63,8.44,48.23,1
Russian Federation,RUS,2023,15.1403,-8.1625,28.12,28.35,27.89,15.31,40.03,35.38,0
Rwanda,RWA,2023,-3.7131,10.7316,2.63,0.16,43.15,32.38,45.71,54.27,4
Saint Kitts and Nevis,KNA,2023,-7.5308,-0.6269,2.14,0.53,8.61,8.47,2.48,30.38,5
Saint Lucia,LCA,2023,-6.2654,1.4275,2.83,0.46,17.4,11.6,10.04,45.23,1
Saint Vincent and the Grenadines,VCT,2023,-6.2069,1.2565,2.63,0.43,16.04,11.09,9.5,39.15,1
Samoa,WSM,2023,6.5262,17.4856,3.23,0.81,12.88,15.24,2.59,54.18,1
San Marino,SMR,2023,-7.2449,8.4161,0.35,0.03,4.11,2.74,1.31,19.37,5
Sao Tome and Principe,STP,2023,9.7831,5.2028,0.67,0.02,22.26,16.56,12.79,52.07,1
Saudi Arabia,SAU,2023,-2.7657,6.8194,9.34,5.25,16.63,7.84,19.98,29.37,1
Senegal,SEN,2023,0.6905,-5.7562,5.66,1.05,30.5,39.77,12.47,57.21,3
Serbia,SRB,2023,1.9246,7.2291,1.68,0.17,16.62,10.97,9.65,43.35,1
Seychelles,SYC,2023,-4.4875,5.3396,2.57,1.03,6.39,4.25,2.38,25.81,5
Sierra Leone,SLE,2023,2.2681,0.6576,5.72,1.09,29.97,32.02,12.94,64.95,3
Singapore,SGP,2023,-6.0539,17.211,0.8,0.15,4.25,3.83,0.83,24.11,5
Slovakia,SVK,2023,2.6991,18.5639,1.03,0.1,10.62,7.18,4.2,39.77,1
Slovenia,SVN,2023,2.3215,18.219,2.1,0.31,14.24,10.0,7.92,36.48,1
Solomon Islands,SLB,2023,-1.5855,19.4237,14.74,9.62,22.57,17.83,12.42,51.89,1
Somalia,SOM,2023,7.0593,15.6965,24.64,8.55,71.02,68.39,81.85,63.98,2
South Africa,ZAF,2023,-15.9604,4.8729,9.6,3.13,29.46,38.19,12.97,51.6,3
South Sudan,SSD,2023,-10.0418,12.2958,4.25,0.25,72.39,71.48,69.34,76.55,2
Spain,ESP,2023,12.5952,3.3802,9.74,7.77,12.21,7.02,7.98,32.46,1
Sri Lanka,LKA,2023,-5.1616,0.3395,6.16,1.6,23.75,24.65,12.28,44.28,1
Sudan,SDN,2023,-1.8204,-2.8002,10.3,1.65,64.26,57.29,66.87,69.28,2
Suriname,SUR,2023,1.6441,-2.2634,6.76,1.78,25.7,26.73,11.45,55.45,3
Sweden,SWE,2023,10.5277,-3.9977,3.23,1.05,9.95,5.63,6.47,27.04,5
Switzerland,CHE,2023,11.2594,-11.9068,1.05,0.16,6.85,4.73,2.89,23.54,5
Syrian Arab Republic,SYR,2023,-3.0739,16.9256,12.5,2.53,61.8,49.54,72.97,65.3,2
Tajikistan,TJK,2023,1.1331,8.7158,2.36,0.23,24.25,26.28,11.79,46.0,1
Thailand,THA,2023,-0.051,19.6688,21.7,14.32,32.87,21.12,47.95,35.08,4
Timor-Leste,TLS,2023,0.0361,12.2592,7.55,2.93,19.46,10.71,12.45,55.27,1
Togo,TGO,2023,3.2674,2.5955,1.58,0.07,35.75,56.51,13.54,59.73,3
Tonga,TON,2023,3.9827,-3.0478,4.02,1.33,12.13,12.89,11.5,12.03,5
Trinidad and Tobago,TTO,2023,3.8013,-5.5511,3.0,0.49,18.34,12.41,11.32,43.93,1
Tunisia,TUN,2023,-14.6203,1.3253,9.91,2.88,34.11,21.04,44.02,42.85,4
Turkey,TUR,2023,-3.3943,15.7886,14.48,8.9,23.55,16.01,50.01,16.32,4
Turkmenistan,TKM,2023,14.5529,8.5265,1.25,0.17,9.14,9.11,3.08,27.21,5
Tuvalu,TUV,2023,-13.7843,8.9979,1.53,0.15,15.54,9.26,10.6,38.24,1
Uganda,UGA,2023,-3.8769,10.1315,2.81,0.23,34.4,48.78,13.94,59.89,3
Ukraine,UKR,2023,0.9077,6.8862,4.41,0.48,40.55,28.33,43.9,53.62,4
United Arab Emirates,ARE,2023,9.2218,11.6313,4.54,3.77,5.46,2.29,2.38,29.82,5
United Kingdom of Great Britain and Northern Ireland,GBR,2023,-1.8931,10.5696,5.7,2.58,12.59,6.67,7.76,38.6,1
United Republic of Tanzania,TZA,2023,8.5582,1.3185,15.98,5.49,46.49,32.41,55.08,56.27,4
United States of America,USA,2023,13.9627,16.8458,22.56,39.59,12.85,8.4,7.95,31.78,0
Uruguay,URY,2023,10.8987,20.4027,4.97,1.54,16.07,12.18,8.7,39.13,1
Uzbekistan,UZB,2023,15.0958,8.4742,1.52,0.18,12.89,15.43,10.84,12.8,5
Vanuatu,VUT,2023,15.3461,11.2263,11.58,5.8,23.12,17.84,12.18,56.86,1
Viet Nam,VNM,2023,-9.6868,8.6246,24.24,26.73,21.98,20.35,12.38,42.13,0
Yemen,YEM,2023,-3.0745,-4.8168,24.47,9.12,65.64,60.55,69.8,66.92,2
Zambia,ZMB,2023,4.721,21.8346,2.93,0.28,30.75,34.1,13.58,62.81,3
Zimbabwe,ZWE,2023,-10.9871,4.8727,2.62,0.2,34.23,41.9,14.07,68.01,3
Afghanistan,AFG,2024,-12.8568,15.3531,4.12,0.25,67.77,56.66,78.94,69.6,2
Albania,ALB,2024,-14.8652,0.7727,6.24,2.29,17.01,11.61,11.1,38.18,1
Algeria,DZA,2024,-6.7751,6.2888,9.64,2.62,35.49,18.12,49.06,50.28,3
Andorra,AND,2024,5.8228,-14.2978,0.28,0.02,3.96,2.63,1.86,12.66,4
Angola,AGO,2024,0.8156,-3.8757,10.42,2.37,45.83,25.01,56.87,67.7,3
Antigua and Barbuda,ATG,2024,-7.1859,-0.2345,2.9,1.2,7.0,8.44,2.58,15.77,4
Argentina,ARG,2024,-18.7421,9.4099,14.81,11.54,19.0,14.08,10.93,44.56,1
Armenia,ARM,2024,0.7598,6.9928,2.61,0.23,29.54,15.51,41.56,39.99,3
Australia,AUS,2024,-6.2758,24.1993,21.05,31.21,14.2,6.72,14.38,29.64,0
Austria,AUT,2024,-17.115,0.7299,1.16,0.17,7.9,4.59,3.36,31.92,4
Azerbaijan,AZE,2024,0.8347,7.269,2.23,0.23,21.58,15.2,12.85,51.44,1
Bahamas,BHS,2024,-5.807,11.43,4.82,1.51,15.36,8.97,9.64,41.88,1
Bahrain,BHR,2024,11.7872,15.8793,0.94,0.14,6.31,5.64,2.63,16.93,4
Bangladesh,BGD,2024,11.1395,-6.6116,27.73,16.57,46.39,35.5,57.92,48.54,5
Barbados,BRB,2024,-7.3662,0.4988,2.46,0.48,12.65,5.46,8.6,43.12,1
Belarus,BLR,2024,0.6324,4.0733,0.76,0.05,11.48,7.74,5.67,34.51,1
Belgium,BEL,2024,5.6923,-8.9804,5.1,1.84,14.13,5.93,18.56,25.62,4
Belize,BLZ,2024,-2.6358,2.0333,7.97,2.5,25.44,27.78,12.61,47.02,6
Benin,BEN,2024,3.2616,2.534,1.77,0.09,34.75,53.24,13.22,59.64,6
Bhutan,BTN,2024,-8.916,4.6518,1.18,0.1,14.03,8.02,9.02,38.15,1
Bolivarian Republic of Venezuela,VEN,2024,9.0547,-1.1473,24.2,19.52,30.01,29.57,14.43,63.36,6
Bosnia and Herzegovina,BIH,2024,-0.7013,5.9123,2.49,0.34,18.24,10.72,11.48,49.32,1
Botswana,BWA,2024,2.9749,12.8702,1.34,0.09,19.93,15.79,10.11,49.62,1
Brazil,BRA,2024,-18.843,-4.2715,13.15,6.37,27.14,33.79,12.38,47.81,6
Brunei Darussalam,BRN,2024,-3.0863,13.1058,1.29,0.33,5.04,7.71,2.23,7.46,4
Bulgaria,BGR,2024,0.0785,5.0811,2.43,0.3,19.62,18.87,8.95,44.75,1
Burkina Faso,BFA,2024,4.2921,2.0611,2.01,0.07,57.5,59.28,63.22,50.74,2
Burundi,BDI,2024,-5.0161,14.9302,3.02,0.16,57.04,46.01,58.82,68.58,2
Cambodia,KHM,2024,10.1808,7.4945,8.15,2.47,26.92,29.55,13.71,48.14,6
Cameroon,CMR,2024,0.4194,-2.3847,11.4,2.08,62.44,58.76,65.04,63.69,2
Canada,CAN,2024,9.1297,15.6582,18.89,25.89,13.78,9.95,7.81,33.69,0
Cape Verde,CPV,2024,6.3167,-1.5566,1.17,0.07,19.71,14.92,10.73,47.84,1
Central African Republic,CAF,2024,7.4444,6.7857,3.44,0.16,73.86,74.75,70.16,76.82,2
Chad,TCD,2024,7.0741,6.0423,2.94,0.12,71.82,68.9,70.26,76.51,2
Chile,CHL,2024,-2.0111,-14.5997,13.74,12.86,14.68,8.35,9.43,40.15,1
China,CHN,2024,20.0163,3.7311,21.31,64.59,7.03,11.03,11.55,2.73,0
Colombia,COL,2024,-4.073,-12.4223,37.81,31.54,45.33,39.3,49.28,48.1,5
Comoros,COM,2024,6.401,-5.6154,2.68,0.33,21.72,12.51,14.5,56.51,1
Costa Rica,CRI,2024,-8.8943,-12.4639,11.17,9.89,12.62,19.36,10.86,9.57,4
Cote d'Ivoire,CIV,2024,3.7443,3.1108,2.02,0.13,31.54,41.54,12.63,59.8,6
Croatia,HRV,2024,-0.4249,14.947,4.78,1.57,14.56,8.55,9.39,38.42,1
Cuba,CUB,2024,-12.3307,-0.7181,7.8,4.57,13.31,13.12,10.24,17.54,4
Cyprus,CYP,2024,-15.3785,-8.9023,3.5,1.02,12.04,7.03,7.84,31.69,4
Czech Republic,CZE,2024,2.4636,18.4044,1.09,0.1,11.94,6.13,7.03,39.51,1
Democratic People's Republic of Korea,PRK,2024,-12.7809,-11.2289,12.38,7.22,21.23,11.04,13.83,62.69,1
Democratic Republic of Congo,COD,2024,5.7613,5.0104,9.87,1.37,71.04,68.89,73.82,70.5,2
Denmark,DNK,2024,-2.5811,-7.0502,0.98,0.18,5.36,3.51,1.61,27.31,4
Djibouti,DJI,2024,8.717,2.1767,10.82,4.25,27.53,30.76,14.51,46.73,6
Dominica,DMA,2024,-6.3564,1.4239,2.69,0.79,9.17,7.16,2.47,43.62,1
Dominican Republic,DOM,2024,-2.6923,2.1116,13.33,7.05,25.2,27.78,12.5,46.06,6
Ecuador,ECU,2024,9.5828,-1.6325,23.81,14.57,38.9,28.5,45.47,45.43,3
Egypt,EGY,2024,-20.0847,4.5881,18.78,10.74,32.83,16.01,46.24,47.8,3
El Salvador,SLV,2024,15.7173,3.6755,14.94,7.3,30.56,45.22,11.91,53.01,6
Equatorial Guinea,GNQ,2024,-10.2569,7.0972,3.25,0.86,12.31,10.68,3.58,48.77,1
Eritrea,ERI,2024,7.5305,2.5261,7.47,2.3,24.26,18.3,14.67,53.2,1
Estonia,EST,2024,6.7991,9.6544,1.77,0.43,7.3,5.57,1.91,36.56,1
Eswatini,SWZ,2024,-6.5156,-4.9524,1.93,0.14,26.7,29.72,13.23,48.42,6
Ethiopia,ETH,2024,2.5545,-4.9254,4.86,0.36,65.69,62.86,63.96,70.49,2
Federated States of Micronesia,FSM,2024,0.6247,-12.0311,4.44,1.12,17.62,9.92,10.97,50.23,1
Fiji,FJI,2024,3.5065,-2.9818,6.7,2.79,16.07,20.62,11.55,17.43,4
Finland,FIN,2024,-14.9732,-5.519,1.54,0.49,4.84,5.41,0.83,25.26,4
France,FRA,2024,-1.8437,10.2207,7.54,2.7,21.03,8.69,30.55,35.03,1
Gabon,GAB,2024,-4.9751,8.0512,5.08,1.5,17.21,15.92,6.29,50.9,1
Gambia,GMB,2024,2.3798,2.1901,4.89,0.67,35.72,55.58,12.6,65.07,6
Georgia,GEO,2024,1.9572,8.3982,3.74,0.73,19.18,19.21,9.63,38.13,1
Germany,DEU,2024,-16.5329,20.4542,4.1,1.99,8.46,5.18,3.24,36.06,1
Ghana,GHA,2024,0.3864,-7.0889,2.94,0.34,25.48,37.3,11.66,38.05,6
Greece,GRC,2024,12.7052,4.676,8.61,8.25,8.98,8.6,8.87,9.49,4
Grenada,GRD,2024,-5.7554,1.4859,1.82,0.31,10.74,11.37,2.58,42.18,1
Guatemala,GTM,2024,16.4199,4.2373,11.76,4.29,32.25,39.83,14.67,57.42,6
Guinea,GIN,2024,-0.1817,13.5766,6.55,1.47,29.17,23.61,14.68,71.64,6
Guinea-Bissau,GNB,2024,1.8065,0.7977,3.55,0.67,18.84,14.1,7.04,67.37,1
Guyana,GUY,2024,15.3786,-0.5203,7.35,2.63,20.55,18.39,11.67,40.44,1
Haiti,HTI,2024,5.1068,9.8978,9.96,2.78,35.71,44.06,14.65,70.55,6
Honduras,HND,2024,-7.8249,10.6925,16.81,8.82,32.02,40.05,14.42,56.87,6
Hungary,HUN,2024,-0.8416,1.0631,0.95,0.11,8.22,5.46,9.62,10.56,4
Iceland,ISL,2024,9.5661,9.5331,2.01,0.55,7.38,6.21,3.34,19.35,4
India,IND,2024,7.7706,-8.4195,40.96,35.99,46.62,37.15,54.01,50.49,5
Indonesia,IDN,2024,-9.3846,19.8402,41.13,39.89,42.4,32.37,51.01,46.17,5
Iran (Islamic Republic of),IRN,2024,-8.143,-7.0133,17.47,12.49,24.43,20.61,58.11,12.17,3
Iraq,IRQ,2024,-2.6999,17.1474,9.24,1.72,49.67,38.42,66.13,48.24,3
Ireland,IRL,2024,7.6348,-3.848,2.55,1.45,4.5,5.97,1.87,8.15,4
Israel,ISR,2024,6.806,12.1992,3.81,0.88,16.51,8.55,16.79,31.34,1
Italy,ITA,2024,11.9014,-9.3136,11.11,8.69,14.2,9.59,8.18,36.5,1
Jamaica,JAM,2024,5.8237,-0.3287,3.4,1.1,10.54,8.86,2.89,45.7,1
Japan,JPN,2024,17.939,13.1287,20.94,43.67,10.04,11.5,6.89,12.76,0
Jordan,JOR,2024,14.7995,14.5785,3.61,0.57,22.88,13.11,20.54,44.5,1
Kazakhstan,KAZ,2024,2.7008,9.5627,1.94,0.25,14.99,19.15,10.14,17.33,4
Kenya,KEN,2024,7.8598,0.9394,13.79,3.27,58.17,58.44,57.58,58.49,2
Kiribati,KIR,2024,-13.9178,6.8532,2.81,0.69,11.45,9.93,2.88,52.44,1
Kuwait,KWT,2024,-6.5425,20.8741,2.77,1.05,7.3,4.67,2.56,32.54,4
Kyrgyzstan,KGZ,2024,0.805,8.4989,2.53,0.22,29.2,43.49,11.28,50.76,6
Lao People's Democratic Republic,LAO,2024,-10.5978,14.0526,3.03,0.38,24.24,17.14,13.38,62.09,1
Latvia,LVA,2024,-6.1005,13.9345,3.01,0.79,11.46,9.39,4.23,37.94,1
Lebanon,LBN,2024,-4.8477,1.9039,3.87,0.38,39.33,21.14,50.25,57.26,3
Lesotho,LSO,2024,-10.3706,5.084,1.33,0.07,25.38,18.32,14.07,63.42,6
Liberia,LBR,2024,10.1285,17.5744,3.11,0.54,17.89,25.34,3.49,64.79,6
Libyan Arab Jamahiriya,LBY,2024,-3.5155,7.2028,13.87,4.94,38.95,22.11,57.58,46.4,3
Liechtenstein,LIE,2024,14.1385,22.0076,0.71,0.09,5.64,6.5,0.99,27.92,4
Lithuania,LTU,2024,0.7352,15.1211,2.32,0.64,8.39,7.26,2.13,38.25,1
Luxembourg,LUX,2024,17.0807,-4.9399,0.61,0.06,6.17,4.16,5.85,9.65,4
Madagascar,MDG,2024,-11.8884,-3.474,24.8,18.38,33.47,34.35,15.27,71.49,6
Malawi,MWI,2024,-4.3702,10.0797,3.37,0.35,32.44,34.28,14.59,68.28,6
Malaysia,MYS,2024,18.6289,9.8096,14.5,8.64,24.34,19.68,20.35,35.99,1
Maldives,MDV,2024,-5.8275,0.0011,1.11,0.11,11.12,9.52,9.89,14.62,4
Mali,MLI,2024,4.4444,1.9269,2.29,0.08,65.61,60.79,70.97,65.46,2
Malta,MLT,2024,-14.3687,-9.1968,1.03,0.15,7.14,5.62,2.09,30.93,4
Marshall Islands,MHL,2024,-13.6633,7.1649,3.12,0.5,19.51,16.36,10.36,43.83,1
Mauritania,MRT,2024,1.0777,-4.8089,9.32,2.91,29.85,29.75,14.55,61.47,6
Mauritius,MUS,2024,7.9761,21.9823,3.58,0.73,17.59,13.4,9.6,42.3,1
Mexico,MEX,2024,18.6851,-1.4077,35.93,50.08,25.78,30.03,11.97,47.68,0
Monaco,MCO,2024,12.1654,13.2443,0.18,0.02,1.57,1.68,0.44,5.25,4
Mongolia,MNG,2024,-6.4494,4.3685,1.95,0.21,18.2,11.67,11.19,46.17,1
Montenegro,MNE,2024,-0.0059,22.018,2.9,0.83,10.12,9.91,2.44,42.85,1
Morocco,MAR,2024,16.173,5.4982,10.43,7.63,14.25,19.74,11.68,12.55,4
Mozambique,MOZ,2024,9.9804,1.3553,34.44,18.1,65.53,65.79,63.13,67.75,5
Myanmar,MMR,2024,-4.3756,-7.85,35.85,22.43,57.31,51.43,58.75,62.29,5
Namibia,NAM,2024,-16.8231,11.9102,5.4,1.32,22.12,17.99,11.12,54.08,1
Nauru,NRU,2024,-13.1656,10.0489,1.02,0.11,9.39,8.48,2.79,34.97,1
Nepal,NPL,2024,-8.0805,-3.6191,2.71,0.25,29.33,35.38,12.85,55.48,6
Netherlands,NLD,2024,-10.4849,-5.6472,4.11,2.2,7.66,4.33,3.29,31.58,4
New Zealand,NZL,2024,-1.5682,26.1991,14.34,17.99,11.43,6.89,6.19,35.0,1
Nicaragua,NIC,2024,-7.9329,11.1175,21.94,18.71,25.73,36.6,13.94,33.4,0
Niger,NER,2024,4.915,1.6941,2.16,0.07,66.48,66.36,67.89,65.22,2
Nigeria,NGA,2024,3.2632,1.5643,9.33,1.32,65.88,59.4,67.9,70.89,2
North Macedonia,MKD,2024,-0.0502,6.0968,1.29,0.1,16.76,9.78,10.06,47.84,1
Norway,NOR,2024,11.5687,-3.7317,2.61,1.06,6.42,2.19,4.88,24.78,4
Oman,OMN,2024,-9.5842,-9.264,8.06,6.68,9.72,10.12,4.82,18.84,4
Pakistan,PAK,2024,10.5343,-6.5731,27.02,13.11,55.69,42.64,63.1,64.18,5
Palau,PLW,2024,4.8036,14.1868,2.02,0.36,11.35,6.58,9.49,23.44,4
Panama,PAN,2024,6.2493,-11.9288,18.19,15.89,20.82,21.22,10.9,39.02,0
Papua New Guinea,PNG,2024,-5.2031,6.8583,26.35,18.84,36.84,57.46,13.59,64.04,6
Paraguay,PRY,2024,5.4709,-3.6849,1.65,0.14,19.52,12.13,12.41,49.43,1
Peru,PER,2024,9.61,-1.6592,27.01,16.65,43.82,36.32,46.06,50.3,5
Philippines,PHL,2024,20.6138,7.7107,46.91,39.99,55.03,51.16,58.07,56.1,5
Plurinational State of Bolivia,BOL,2024,-9.1215,17.7671,3.2,0.35,29.17,36.64,13.51,50.13,6
Poland,POL,2024,-0.6702,15.3711,4.74,1.73,13.01,6.77,7.71,42.22,1
Portugal,PRT,2024,18.1499,0.55,5.08,3.07,8.4,10.83,3.95,13.86,4
Qatar,QAT,2024,9.5555,12.213,0.94,0.15,5.87,4.09,4.26,11.62,4
Republic of Congo,COG,2024,3.5882,-0.5684,5.49,0.57,52.84,45.68,57.13,56.52,2
Republic of Korea,KOR,2024,-13.0662,18.9537,10.59,9.96,11.26,7.13,8.11,24.66,4
Republic of Moldova,MDA,2024,-1.3786,5.3027,1.29,0.1,16.52,9.48,9.97,47.73,1
Romania,ROU,2024,2.8252,10.3331,3.22,0.71,14.59,7.63,8.44,48.23,1
Russian Federation,RUS,2024,15.1267,-8.149,28.12,28.35,27.89,15.31,40.03,35.38,0
Rwanda,RWA,2024,-3.7358,10.7044,2.63,0.16,43.15,32.38,45.71,54.27,3
Saint Kitts and Nevis,KNA,2024,-7.5338,-0.6299,2.14,0.53,8.61,8.47,2.48,30.38,4
Saint Lucia,LCA,2024,-6.2616,1.4646,2.83,0.46,17.4,11.6,10.04,45.23,1
Saint Vincent and the Grenadines,VCT,2024,-6.2056,1.2629,2.63,0.43,16.04,11.09,9.5,39.15,1
Samoa,WSM,2024,6.5331,17.4921,3.23,0.81,12.88,15.24,2.59,54.18,1
San Marino,SMR,2024,-7.2455,8.4166,0.35,0.03,4.11,2.74,1.31,19.37,4
Sao Tome and Principe,STP,2024,9.8074,5.2267,0.67,0.02,22.26,16.56,12.79,52.07,1
Saudi Arabia,SAU,2024,-2.7639,6.8166,9.34,5.25,16.63,7.84,19.98,29.37,1
Senegal,SEN,2024,0.711,-5.7796,5.66,1.05,30.5,39.77,12.47,57.21,6
Serbia,SRB,2024,1.9256,7.2267,1.68,0.17,16.62,10.97,9.65,43.35,1
Seychelles,SYC,2024,-4.5089,5.3605,2.57,1.03,6.39,4.25,2.38,25.81,4
Sierra Leone,SLE,2024,2.2803,0.6578,5.72,1.09,29.97,32.02,12.94,64.95,6
Singapore,SGP,2024,-6.0536,17.2108,0.8,0.15,4.25,3.83,0.83,24.11,4
Slovakia,SVK,2024,2.6945,18.5796,1.03,0.1,10.62,7.18,4.2,39.77,1
Slovenia,SVN,2024,2.3279,18.2221,2.1,0.31,14.24,10.0,7.92,36.48,1
Solomon Islands,SLB,2024,-1.6277,19.3701,14.74,9.62,22.57,17.83,12.42,51.89,1
Somalia,SOM,2024,7.0727,15.7094,24.64,8.55,71.02,68.39,81.85,63.98,2
South Africa,ZAF,2024,-15.941,4.8919,9.6,3.13,29.46,38.19,12.97,51.6,6
South Sudan,SSD,2024,-10.0417,12.2956,4.25,0.25,72.39,71.48,69.34,76.55,2
Spain,ESP,2024,12.581,3.3942,9.74,7.77,12.21,7.02,7.98,32.46,1
Sri Lanka,LKA,2024,-5.1739,0.3519,6.16,1.6,23.75,24.65,12.28,44.28,1
Sudan,SDN,2024,-1.8003,-2.8203,10.3,1.65,64.26,57.29,66.87,69.28,2
Suriname,SUR,2024,1.608,-2.2326,6.76,1.78,25.7,26.73,11.45,55.45,6
Sweden,SWE,2024,10.5139,-3.9516,3.23,1.05,9.95,5.63,6.47,27.04,4
Switzerland,CHE,2024,11.2619,-11.9094,1.05,0.16,6.85,4.73,2.89,23.54,4
Syrian Arab Republic,SYR,2024,-3.1014,16.8978,12.5,2.53,61.8,49.54,72.97,65.3,2
Tajikistan,TJK,2024,1.1419,8.7153,2.36,0.23,24.25,26.28,11.79,46.0,1
Thailand,THA,2024,-0.0333,19.6871,21.7,14.32,32.87,21.12,47.95,35.08,3
Timor-Leste,TLS,2024,0.0364,12.2563,7.55,2.93,19.46,10.71,12.45,55.27,1
Togo,TGO,2024,3.2597,2.564,1.58,0.07,35.75,56.51,13.54,59.73,6
Tonga,TON,2024,4.0007,-3.0349,4.02,1.33,12.13,12.89,11.5,12.03,4
Trinidad and Tobago,TTO,2024,3.8006,-5.5514,3.0,0.49,18.34,12.41,11.32,43.93,1
Tunisia,TUN,2024,-14.6145,1.3407,9.91,2.88,34.11,21.04,44.02,42.85,3
Turkey,TUR,2024,-3.3969,15.7838,14.48,8.9,23.55,16.01,50.01,16.32,3
Turkmenistan,TKM,2024,14.5082,8.507,1.25,0.17,9.14,9.11,3.08,27.21,4
Tuvalu,TUV,2024,-13.7936,8.9538,1.53,0.15,15.54,9.26,10.6,38.24,1
Uganda,UGA,2024,-3.8783,10.1372,2.81,0.23,34.4,48.78,13.94,59.89,6
Ukraine,UKR,2024,0.8936,6.9092,4.41,0.48,40.55,28.33,43.9,53.62,3
United Arab Emirates,ARE,2024,9.2287,11.6429,4.54,3.77,5.46,2.29,2.38,29.82,4
United Kingdom of Great Britain and Northern Ireland,GBR,2024,-1.9256,10.6123,5.7,2.58,12.59,6.67,7.76,38.6,1
United Republic of Tanzania,TZA,2024,8.559,1.3163,15.98,5.49,46.49,32.41,55.08,56.27,3
United States of America,USA,2024,13.9726,16.8552,22.56,39.59,12.85,8.4,7.95,31.78,0
Uruguay,URY,2024,10.8805,20.4172,4.97,1.54,16.07,12.18,8.7,39.13,1
Uzbekistan,UZB,2024,15.0914,8.4749,1.52,0.18,12.89,15.43,10.84,12.8,4
Vanuatu,VUT,2024,15.3495,11.2228,11.58,5.8,23.12,17.84,12.18,56.86,1
Viet Nam,VNM,2024,-9.6791,8.6327,24.24,26.73,21.98,20.35,12.38,42.13,0
Yemen,YEM,2024,-3.0667,-4.8187,24.47,9.12,65.64,60.55,69.8,66.92,2
Zambia,ZMB,2024,4.7107,21.8246,2.93,0.28,30.75,34.1,13.58,62.81,6
Zimbabwe,ZWE,2024,-10.9584,4.9003,2.62,0.2,34.23,41.9,14.07,68.01,6
